-- --------------------------------------------------------
-- Host:                         127.0.0.1
-- Versione server:              10.4.12-MariaDB - mariadb.org binary distribution
-- S.O. server:                  Win64
-- HeidiSQL Versione:            11.0.0.5919
-- --------------------------------------------------------

/*!40101 SET @OLD_CHARACTER_SET_CLIENT=@@CHARACTER_SET_CLIENT */;
/*!40101 SET NAMES utf8 */;
/*!50503 SET NAMES utf8mb4 */;
/*!40014 SET @OLD_FOREIGN_KEY_CHECKS=@@FOREIGN_KEY_CHECKS, FOREIGN_KEY_CHECKS=0 */;
/*!40101 SET @OLD_SQL_MODE=@@SQL_MODE, SQL_MODE='NO_AUTO_VALUE_ON_ZERO' */;


-- Dump della struttura del database contabilita_cantieri
CREATE DATABASE IF NOT EXISTS `contabilita_cantieri` /*!40100 DEFAULT CHARACTER SET latin1 */;
USE `contabilita_cantieri`;

-- Dump della struttura di tabella contabilita_cantieri.cantiere
CREATE TABLE IF NOT EXISTS `cantiere` (
  `numero` int(5) unsigned zerofill NOT NULL,
  `denominazione` varchar(50) DEFAULT NULL,
  `indirizzo` varchar(50) DEFAULT NULL,
  `comune` varchar(50) DEFAULT NULL,
  `preventivo` double(15,2) DEFAULT NULL,
  `importo_tot` double(15,2) DEFAULT NULL,
  PRIMARY KEY (`numero`)
) ENGINE=InnoDB DEFAULT CHARSET=latin1;

-- Dump dei dati della tabella contabilita_cantieri.cantiere: ~171 rows (circa)
/*!40000 ALTER TABLE `cantiere` DISABLE KEYS */;
INSERT INTO `cantiere` (`numero`, `denominazione`, `indirizzo`, `comune`, `preventivo`, `importo_tot`) VALUES
	(00000, 'MAGAZZINO', NULL, NULL, NULL, 365996.92),
	(00001, 'DE ROSA DAMIANO', 'VIA RIVOLI 23', 'GIVOLETTO', NULL, 1900.00),
	(00002, 'FRASCAROLO RICCARDO', 'VIA CECCO ANGIOLIERI 5', 'DRUENTO', NULL, 21817.50),
	(00003, 'FRASCAROLO PAOLA - GRIGIANTE ', 'VIA CECCO ANGIOLIERI 7', 'DRUENTO', NULL, NULL),
	(00004, 'VISCONTI ', 'VIA ALMESE 4', 'DRUENTO', NULL, NULL),
	(00005, 'MICELI ALESSANDRO ', 'VICOLO CHIATELLINO 4', 'DRUENTO', NULL, 15000.00),
	(00006, 'MICELI MAURIZIO', 'VIA RISORGIMENTO 17', 'DRUENTO', NULL, NULL),
	(00007, 'MICELI BERNARDO', 'VIA VALDELLATORRE 153', 'CASELETTE', NULL, NULL),
	(00008, 'FONTANA ANGELA', 'VIA PAIROLERO 22/24', 'VENARIA', NULL, 22736.00),
	(00009, 'STRADA MADONNA 24 - IMBESI', 'STRADA MADONNA 24', 'DRUENTO', NULL, 1000.00),
	(00010, 'CANTONE MAURO - LUCIA', 'VIA CHIABERGE 118', 'VAL DELLA TORRE', NULL, 7561.41),
	(00011, 'LOCANA GIACOMO', 'VIA GARIBALDI 12/2', 'DRUENTO', NULL, NULL),
	(00012, 'IACOBONE DANIELE', 'VIA GARIBALDI 18', 'DRUENTO', NULL, NULL),
	(00013, 'GAIDO GIOVANNI', 'VIA MONTE LERA', 'VARISELLA', NULL, 280.00),
	(00015, 'SOFRONI', 'VIA RISORGIMENTO 14', 'DRUENTO', NULL, NULL),
	(00016, 'FALCONE FEDERICA ', 'VIA GUIDO GOZZANO 2', 'DRUENTO', NULL, NULL),
	(00017, 'CONTALDO ANNA - VERGNANO ANNA', 'STRADA PASTURANTI 2', 'DRUENTO', NULL, 767.66),
	(00018, 'VIA SAN GIOVANNI BOSCO 12 - IMBESI', 'VIA SAN GIOVANNI BOSCO 12', 'DRUENTO', NULL, NULL),
	(00019, 'VIA PIANEZZA 14 - IMBESI', 'VIA PIANEZZA 14', 'DRUENTO', NULL, NULL),
	(00021, 'VIALE MEDICI DEL VASCELLO 14 - IMBESI', 'VIALE MEDICI DEL VASCELLO 14', 'DRUENTO', NULL, NULL),
	(00022, 'NEGRIN ALBAROSA', 'VIA MARCO POLO 14', 'SAN GILLIO', NULL, NULL),
	(00023, 'BOTTERO MATTEO', 'STRADA DELLA BARRA 19', 'DRUENTO', NULL, NULL),
	(00024, 'FERRETTI - TORASSA ', 'VIALE PAPA GIOVANNI XXIII 8', 'DRUENTO', NULL, 1200.00),
	(00025, 'MARCABRUN CARLO', 'VIA GORIZIA 3', 'VENARIA', NULL, NULL),
	(00026, 'FERRONE MARIA ROSARIA', 'VIA PADOVA 50', 'VOLPIANO', NULL, 1000.00),
	(00027, 'POLIZZI LUCA', 'STRADA COMMENDA 3', 'DRUENTO', NULL, 18325.25),
	(00028, 'RUFFINO SABRINA', 'VIA DEI GLICINI 12', 'BRUINO', NULL, 17184.00),
	(00029, 'CANTONE SIMONA', 'VIA ALFIERI 47', 'SAN GILLIO', NULL, NULL),
	(00031, 'PANSINI MASSIMILIANO', 'VIA PARADISO 19', 'RIVAROSSA', NULL, NULL),
	(00032, 'PALERMO ROBERTO', 'VIA PETRARCA 15', 'DRUENTO', NULL, NULL),
	(00033, 'TORASSA BERNARDINO', 'STRADA MISTERLETTA 7/2', 'DRUENTO', NULL, NULL),
	(00034, 'CONDOMINIO ANGELO', 'VIA BORSI 110', 'TORINO', NULL, NULL),
	(00035, 'VIA MANZONI 26 - IMBESI', 'VIA MANZONI 26', 'DRUENTO', NULL, 44685.00),
	(00037, 'DI MASSA VINCENZO', 'VIA CLEMENTE MACARIO 28', 'CIRIE\'', NULL, NULL),
	(00039, 'DEZANI PAOLO', 'VICOLO CHIATELLINO 2', 'DRUENTO', NULL, NULL),
	(00040, 'VIALE MEDICI DEL VASCELO 6 - IMBESI', 'VIALE MEDICI DEL VASCELO 6', 'DRUENTO', NULL, NULL),
	(00041, 'POTENZA SILVIA', 'VIA VAL DELLA TORRE 1', 'SAN GILLIO', NULL, NULL),
	(00043, 'VIA TOSCANINI 10 - POLICARO', 'VIA TOSCANINI 10', 'DRUENTO', NULL, NULL),
	(00044, 'MAGNANO ANNA', 'VIA BONINO 80/11', 'SANGANO', NULL, 15300.00),
	(00045, 'EPIFANI FABRIZIO', 'VIA PETRARCA 20', 'DRUENTO', NULL, NULL),
	(00048, 'VIA SIBONA 4 - POLICARO', 'VIA SIBONA 4', 'DRUENTO', NULL, 157897.18),
	(00049, 'CASTAGNO FRANCA', 'VIA CARLO CARLI 16', 'AVIGLIANA', NULL, NULL),
	(00050, 'MIGLIORERO MANUELA', 'VIA BRUNETTO 84', 'SAN MAURIZIO', NULL, NULL),
	(00052, 'VILELLA ANNA - CARNINO CARLO ', 'VIA RISORGIMENTO 10/7', 'DRUENTO', NULL, NULL),
	(00053, 'CARNINO - CASETTA', 'VIA RISORGIMENTO 7', 'DRUENTO', NULL, NULL),
	(00054, 'CUCUZZA MARCO', 'VIA QUATTRO CASE 4', 'CASELLE ', NULL, 13534.00),
	(00055, 'GIOVANNINI PIERO - DRUENTO', 'VIA FORVILLA 13', 'DRUENTO', NULL, 31361.87),
	(00056, 'VIA TORINO 56 - POLICARO', 'VIA TORINO 56', 'DRUENTO', NULL, 75685.00),
	(00057, 'VIA VELASCO 9 - POLICARO', 'VIA VELASCO 9', 'DRUENTO', NULL, 375.00),
	(00058, 'GHIAZZA', 'VIA DANTE ALIGHIERI 14', 'DRUENTO', NULL, NULL),
	(00059, 'VENARIA MAURIZIO', 'VIA ROLLE 27', 'VENARIA', NULL, NULL),
	(00060, 'IANNOTTA FRANCO', 'VIA PIANEZZA 20', 'DRUENTO', NULL, NULL),
	(00061, 'VIA TORINO 24 - POLICARO', 'VIA TORINO 24', 'DRUENTO', NULL, NULL),
	(00062, 'DE CIERO - RIINA', 'VIA ROSSINI 3', 'DRUENTO', NULL, 1510.00),
	(00063, 'CONDOMINIO BELLAVISTA GIVOLETTO - IMBESI', 'VIA SAN SECONDO 21', 'GIVOLETTO', NULL, NULL),
	(00064, 'VIA DONIZETTI 1 - IMBESI', 'VIA DONIZETTI 1', 'DRUENTO', NULL, 800.00),
	(00065, 'VIA MORANDI 5 - IMBESI', 'VIA MORANDI 5', 'DRUENTO', NULL, 76382.64),
	(00066, 'VIALE PAPA GIOVANNI XXIII 5 - IMBESI', 'VIALE PAPA GIOVANNI XXIII 5', 'DRUENTO', NULL, 20871.20),
	(00067, 'VIALE PAPA GIOVANNI XXIII 7-9 - IMBESI', 'VIALE PAPA GIOVANNI XXIII 7-9', 'DRUENTO', NULL, 33034.50),
	(00068, 'VIA TORINO 32/1 - IMBESI', 'VIA TORINO 32/1', 'DRUENTO', NULL, NULL),
	(00069, 'PERRICONE NICOLO\'', 'VIA MULINO 9/5', 'DRUENTO', NULL, 34921.36),
	(00070, 'VIA PUCCINI 10-12 - POLICARO', 'VIA PUCCINI 10-12', 'DRUENTO', NULL, NULL),
	(00071, 'MANICCHIA ANDREA', 'VIA GAETANO AMATI 125', 'VENARIA', NULL, 18701.60),
	(00072, 'VIA MORANDI 4 - IMBESI', 'VIA MORANDI 4', 'DRUENTO', NULL, NULL),
	(00073, 'COCUMELLI', 'VIA MOSELE 23', 'VENARIA', NULL, 828.84),
	(00074, 'DEDONATO ANTONIO ', 'STRADA MARSAGLIA 1', 'CUMIANA', NULL, NULL),
	(00075, 'CACICI', 'VIA GIOVANNI BATTISTA GANDINO 48', 'TORINO', NULL, NULL),
	(00076, 'LEGGIO ISIDORO', 'VIA BELLUCCO 40', 'VENARIA', NULL, 7413.00),
	(00078, 'HERCIU', 'VIA ZARA 13 ', 'MONCALIERI', NULL, NULL),
	(00079, 'PAGNANO MICHELA', 'VIA CRISTOFORO COLOMBO 9', 'RIVALTA', NULL, 38275.00),
	(00080, 'FERRO FABIO', 'VIA MEUCCI 22', 'NICHELINO', NULL, 17483.50),
	(00082, 'AUSINO JENNIFER', 'VIA BRIONE 29', 'CASELETTE', NULL, NULL),
	(00083, 'CONTI SERGIO', 'VIA SERENA 25', 'SANGANO', NULL, NULL),
	(00085, 'AMEN DONATO', 'CORSO ITALIA 120', 'ROBASSOMERO', NULL, NULL),
	(00086, 'PICOLLO GIOVANNA', 'VIA CANOVA 24', 'RIVALTA', NULL, NULL),
	(00087, 'MAZZASETTE LUCA', 'VIA BORGONUOVO 38', 'GIVOLETTO', NULL, NULL),
	(00088, 'POLICARO BRUNO', 'VIA PETRARCA 2', 'SAN GILLIO', NULL, NULL),
	(00089, 'PERRICONE  - GERACE', 'VICOLO BONINO 11', 'DRUENTO', NULL, NULL),
	(00090, 'PENNACCHIO MAURO', 'VIA PETRARCA 14', 'SAN GILLIO', NULL, NULL),
	(00093, 'DI TRIA LUCA', 'VICOLO D\'ALA 10', 'RIVOLI', NULL, NULL),
	(00094, 'DI TRIA NUNZIA', 'VICOLO D\'ALA 14', 'RIVOLI', NULL, NULL),
	(00095, 'BONALDO OLIVO', 'VIALE PAPA GIOVANNI XXIII 16/1', 'DRUENTO', NULL, 9684.00),
	(00096, 'BERTOTTI ELISA', 'VIA TORINO 78/A', 'GIVOLETTO', NULL, 7461.21),
	(00097, 'VIA FORVILLA 7-9-11 - POLICARO', 'VIA FORVILLA 7-9-11', 'DRUENTO', NULL, NULL),
	(00098, 'LORITO FRANCESCO', 'VICOLO BONINO 6', 'DRUENTO', NULL, NULL),
	(00099, 'CARAPELLESE GIORGIO', 'VIA PAPA GIOVANNI XXIII ', 'BRANDIZZO', NULL, NULL),
	(00100, 'SOTTIL PIER CLAUDIO', 'VIA TORINO-DRUENTO  67', 'SAVONERA', NULL, NULL),
	(00101, 'STRADA MADONNA 5 - POLICARO', 'STRADA MADONNA 5', 'DRUENTO', NULL, NULL),
	(00102, 'LIBERGOLIZA DIANA', 'VIA CESARE PAVESE 46', 'DRUENTO', NULL, NULL),
	(00103, 'GRIZZAFFI - CISOTTO', 'VICOLO S. LORENZO 2/1', 'DRUENTO', NULL, 50.00),
	(00105, 'CHELOTTI CARLA', 'VIA TORINO 42', 'DRUENTO', NULL, 300.70),
	(00106, 'ONOFRIO FABIO GIUSTINO', 'VIA CANOVA 106', 'RIVALTA', NULL, 1141.86),
	(00107, 'GRIGIANTE MARIA CHIARA - COCHIS EZIO', 'STRADA TROGNANI 24/3', 'DRUENTO', NULL, 8859.00),
	(00109, 'PICARDI MICHELE', 'STRADA ANTICA DELLA VENARIA 36', 'TORINO', NULL, 857.40),
	(00110, 'VIGHETTI FABRIZIO', 'VIA GUGLIELMO MARCONI 13', 'CERES', NULL, 1000.00),
	(00113, 'VIA PUCCINI 6-8 - POLICARO', 'VIA PUCCINI 6-8', 'DRUENTO', NULL, NULL),
	(00114, 'EPIFANI FABRIZIO - PIAZZA', 'CORSO CARLO BRERO 23', 'DRUENTO', NULL, NULL),
	(00115, 'VIA CERVINO 8 PIANEZZA', 'VIA CERVINO 8', 'PIANEZZA', NULL, NULL),
	(00117, 'AMOROSINO - SBERNA', 'VIA SANTA MARIA 68/BIS', 'GIVOLETTO', NULL, 32131.15),
	(00120, 'VIA SESTRIERE 27 - MONCALIERI', 'VIA SESTRIERE 27', 'MONCALIERI', NULL, NULL),
	(00121, 'VIA ROMA 5', 'VIA ROMA 5', 'DRUENTO', NULL, NULL),
	(00122, 'NORIS VIVIANA', 'VIA ALDO CARNINO 17', 'AVIGLIANA', NULL, NULL),
	(00124, 'CONDOMINIO ALASSIO', 'CORSO DANTE ALIGHIERI 366', 'ALASSIO', NULL, NULL),
	(00125, 'LUPO', 'VIA VAL DELLA TORRE 22', 'SAN GILLIO', NULL, 10944.50),
	(00126, 'VANNI - RECALCATI ', 'VIA CECCO ANGIOLIERI 12', 'DRUENTO', NULL, NULL),
	(00127, 'VIA DANTE 1-3-5 - POLICARO', 'VIA DANTE 1-3-5', 'DRUENTO', NULL, NULL),
	(00128, 'VIA TORINO 66 - POLICARO', 'VIA TORINO 66 ', 'DRUENTO', NULL, NULL),
	(00130, 'MAFFIODO - POLITANO', 'VIA ROMA 61', 'ALMESE', NULL, 9117.00),
	(00131, 'SCHIAVON', 'VIA IV NOVEMBRE 18', 'BOSCONERO', NULL, NULL),
	(00132, 'MANDUCA FABIO', 'VIA PIAVE 1', 'SAN GILLIO', NULL, NULL),
	(00133, 'MILAZZO MATTIA', 'VIA MATTEOTTI 11', 'ALPIGNANO', NULL, 6134.50),
	(00134, 'GIOVANNINI PIERO - LA CASSA', 'VIA CAVALIER ROLLE 10/H', 'LA CASSA', NULL, 1577.00),
	(00135, 'SUPPO ALESSANDRO', 'STRADA DELLA FORNACE 31/3', 'DRUENTO', NULL, NULL),
	(00136, 'BRETCHER GABRIEL', 'VIA LANZO 10', 'LA CASSA', NULL, 7359.50),
	(00137, 'MUSSO', 'VIA CESARE PAVESE 25', 'DRUENTO', NULL, 11227.44),
	(00138, 'CONDOMINIO MELISSA', 'VIA RIVOLI 66', 'VILLARBASSE', NULL, NULL),
	(00140, 'VIA DON COCCHI 14 - IMBESI', 'VIA DON COCCHI 14', 'DRUENTO', NULL, NULL),
	(00141, 'VIA VENARIA 25', 'VIA VENARIA 25', 'DRUENTO', NULL, 2372.20),
	(00142, 'MAGNAGUAGNO', 'VIA VENARIA 16', 'DRUENTO', NULL, NULL),
	(00143, 'TRAINA - CECCONELLO', 'STRADA SALETTA 20', 'SAN CARLO', NULL, NULL),
	(00145, 'IANNAZZO', 'VICOLO SAN ROCCO 2/1', 'DRUENTO', NULL, NULL),
	(00146, 'PEGORARO', 'STRADA TROGNANI 1', 'DRUENTO', NULL, 12950.00),
	(00147, 'PUGLIESE', 'VIA DELLE FORNACI 6-8', 'LOMBARDORE', NULL, NULL),
	(00148, 'ANDREOTTI DARIO', 'STRADA PASTURANTI 24', 'DRUENTO', NULL, 1239.00),
	(00149, 'SCHIAVO - GRIPPALDI', 'VIA RANGE\' 72', 'ALASSIO', NULL, 8455.74),
	(00150, 'MASCALI', 'CORSO CARLO BRERO 3', 'DRUENTO', NULL, NULL),
	(00151, 'MENADEO (VITAGLIANO - SITA\')', 'VIA VENARIA 29', 'GIVOLETTO', NULL, 5760.00),
	(00153, 'BONAGLIA ', 'VIA NOLE 8', 'DRUENTO', NULL, NULL),
	(00154, 'MUSSINO - CAVALLERO', 'VIA PRINCIPI DI PIEMONTE 10', 'SAN GILLIO', NULL, 12198.48),
	(00155, 'RUBATTO TERESA ', 'VIA LANZO 13-15', 'LA CASSA', NULL, 13920.70),
	(00156, 'BRUCCOLERI', 'VIA GARIBALDI 6', 'DRUENTO', NULL, 4300.00),
	(00157, 'SACCAGNO', 'VIA NINO COSTA 4', 'SAN GILLIO', NULL, NULL),
	(00158, 'DEAMBROGIO - VICENZA', 'STRADA DELLA FORNACE 7', 'BIELLA', NULL, 4046.08),
	(00160, ' VIA MARIO BRUNDI 14 - POLICARO', 'VIA MARIO BRUNDI 14', 'DRUENTO', NULL, NULL),
	(00161, 'VIA RAFFAELLO SANZIO 10', 'VIA RAFFAELLO SANZIO 10', 'DRUENTO', NULL, NULL),
	(00162, 'RUGGIERO', 'VIA GRAN BORGATA 29', 'MEANA DI SUSA', NULL, 1600.00),
	(00163, 'GIARRIZZO', 'VIA VOLTA 14', 'MAPPANO', NULL, NULL),
	(00164, 'VIA DAMIANO CHIESA 20', 'VIA DAMIANO CHIESA 20', 'COLLEGNO', NULL, NULL),
	(00165, 'DACASTO ETTORE', 'VIA ROSTA 18', 'PIANEZZA', NULL, 1588.41),
	(00166, 'GUGLIELMI ELIO', 'VIA BRIONE 31', 'CASELETTE', NULL, NULL),
	(00167, 'BONADIES', 'STRADA PIETRA ALTA 9', 'CASELETTE', NULL, NULL),
	(00168, 'OLIVIERI DIEGO', 'VIA RISORGIMENTO 18/6', 'DRUENTO', NULL, 4414.77),
	(00169, 'ANRO\' ROBERTO', 'VIA GOZZANO 4', 'DRUENTO', NULL, 2968.32),
	(00170, 'DEPIPPO', 'VIA CASELETTE 65', 'ALPIGNANO', NULL, NULL),
	(00172, 'LABRUZZO DOMENICO', 'CORSO ALEXANDER FLEMING 3', 'DRUENTO', NULL, 1560.00),
	(00173, 'COSTENARO', 'VIA GOZZANO 7', 'DRUENTO', NULL, 4783.74),
	(00175, 'VICOLO SAN PANCRAZIO 11 - IMBESI', 'VICOLO SAN PANCRAZIO 11', 'DRUENTO', NULL, NULL),
	(00176, 'IACOBONE DANIELE - TETTOIA', 'VIA GARIBALDI 8/4', 'DRUENTO', NULL, 18776.80),
	(00177, 'VOTA FABIANA (SCHILLACI)', 'VIA FAVERO 41', 'NOLE', NULL, NULL),
	(00178, 'SCARAFIA ANGELO', 'VIA PETRARCA 2', 'DRUENTO', NULL, NULL),
	(00179, 'VIA MANZONI 18 - IMBESI', 'VIA MANZONI 18', 'DRUENTO', NULL, NULL),
	(00180, 'COATTO DANIELE', 'VIA NOLE 4', 'DRUENTO', NULL, NULL),
	(00181, 'DELFINO ALESSANDRO', 'VIA ROMA 30', 'DRUENTO', NULL, NULL),
	(00182, 'DACASTO FELICE - DACASTO DOMENICO', 'VIA ROSTA 18', 'PIANEZZA', NULL, NULL),
	(00183, 'SCARAFIA - LIETTA', 'VICOLO BONINO 3', 'DRUENTO', NULL, NULL),
	(00184, 'NIRTA', 'VIA SILVIO PELLICO 3', 'SAN GILLIO', NULL, 3530.85),
	(00186, 'TARANZANO DANIELE', 'VIA SANTA LUCIA 24', 'VAL DELLA TORRE', NULL, NULL),
	(00187, 'MONTI SAMUELE', 'VIA MOSELE 23/2', 'VENARIA', NULL, 2388.84),
	(00188, 'ROLLE VALTER', 'VIA MOSELE 23/2', 'VENARIA', NULL, 1560.00),
	(00189, 'ROSSI DANIELE', 'VIA BEY 7/BIS', 'VILLARBASSE', NULL, NULL),
	(00190, 'ZANGHI GIUSEPPE', 'VIA GARIBALDI 8/4', 'DRUENTO', NULL, NULL),
	(00191, 'VIA MENSA 24 - IMBESI', 'VIA MENSA 24', 'VENARIA', NULL, NULL),
	(00192, 'TEDESCO CLAUDIA', 'VIA CHIAPEROTTI 31 ', 'RIVOLI', NULL, NULL),
	(00193, 'SANTO ENZO', 'VIA BRIONE 5/A', 'VAL DELLA TORRE', NULL, 2200.00),
	(00194, 'VALENTI FABRIZIO', 'PIAZZA SANTA MARIA DELLA SPINA 12', 'VAL DELLA TORRE', NULL, NULL),
	(00195, 'ABADESSA', 'VICOLO NAVIGLIO 1', 'DRUENTO', NULL, 4571.00),
	(00198, 'TINTI BIANCAROSA', 'STRADA DELLE FORNACI 31/7', 'DRUENTO', NULL, NULL),
	(00199, 'MONTISCI CARLO', 'VIA DON COCCHI 15 ', 'DRUENTO', NULL, NULL),
	(00200, 'CACCIA GRAZIELLA', 'BORGATA CAMPARNALDO 33', 'CAPRIE', NULL, NULL),
	(01013, 'VIA VENARIA 6/A - POLICARO', 'VIA VENARIA 6/A', 'DRUENTO', NULL, 37450.00),
	(01038, 'VIA ROMA 1 - POLICARO', 'VIA ROMA 1', 'SAN GILLIO', NULL, 2200.00);
/*!40000 ALTER TABLE `cantiere` ENABLE KEYS */;

-- Dump della struttura di tabella contabilita_cantieri.fattura
CREATE TABLE IF NOT EXISTS `fattura` (
  `numero` varchar(50) DEFAULT NULL,
  `data` date DEFAULT NULL,
  `fornitore` varchar(50) DEFAULT NULL,
  `importo_no_iva` double(15,2) DEFAULT NULL,
  `iva` int(2) DEFAULT NULL,
  `importo_tot` double(15,2) DEFAULT NULL,
  `importo_pagato` double(15,2) DEFAULT NULL,
  `note` varchar(400) DEFAULT NULL,
  KEY `numero_data` (`numero`,`data`),
  KEY `fornitore` (`fornitore`)
) ENGINE=InnoDB DEFAULT CHARSET=latin1;

-- Dump dei dati della tabella contabilita_cantieri.fattura: ~276 rows (circa)
/*!40000 ALTER TABLE `fattura` DISABLE KEYS */;
INSERT INTO `fattura` (`numero`, `data`, `fornitore`, `importo_no_iva`, `iva`, `importo_tot`, `importo_pagato`, `note`) VALUES
	('8', '2022-07-16', 'AMATO ANGELO', 85413.18, 22, 87934.90, NULL, NULL),
	('23', '2022-05-26', 'GIARRIZZO STEFANO', 1577.00, 0, 1577.00, NULL, NULL),
	('34', '2022-07-31', 'INFUSO ANDREA', 1560.00, 22, 1603.20, NULL, NULL),
	('236', '2022-07-13', 'AVETTA', 1510.21, 22, 1842.46, NULL, NULL),
	('68', '2022-07-12', 'DE LEO ANTONIO', 1300.00, 0, 1300.00, NULL, NULL),
	('3928/01', '2022-08-31', 'ECOGREEN', 396.00, 22, 483.12, NULL, NULL),
	('54590', '2022-08-12', 'TAILORSAN', 117.00, 22, 142.74, NULL, NULL),
	('8082', '2022-08-25', 'BAUDUCCO', 10000.00, 22, 12200.00, NULL, NULL),
	('3924/01', '2022-08-31', 'ECOGREEN', 605.00, 22, 738.10, NULL, NULL),
	('57', '2022-08-01', 'GAAFAR', 11000.00, 0, 11000.00, NULL, NULL),
	('29', '2022-08-25', 'IRGED', 3800.00, 0, 3800.00, NULL, NULL),
	('3921/01', '2022-08-31', 'ECOGREEN', 182.00, 22, 222.04, NULL, NULL),
	('21', '2022-08-01', 'TAES GROUP', 400.00, 22, 488.00, NULL, NULL),
	('148', '2022-08-31', 'COAN', 9684.00, 0, 9684.00, NULL, NULL),
	('7', '2022-08-09', 'FLORE MARIUS FLORIN', 4200.00, 0, 4200.00, NULL, NULL),
	('42', '2022-07-31', 'INFUSO ANDREA', 1560.00, 22, 1603.20, NULL, NULL),
	('3930/01', '2022-08-31', 'ECOGREEN', 50.00, 22, 61.00, NULL, NULL),
	('3929/01', '2022-08-31', 'ECOGREEN', 50.00, 22, 61.00, NULL, NULL),
	('59341', '2022-08-30', 'TAILORSAN', 117.00, 22, 142.74, NULL, NULL),
	('1851', '2022-08-09', 'ENERGY DUEGI', 857.40, 10, 943.00, NULL, NULL),
	('21', '2022-05-26', 'GIARRIZZO STEFANO', 1577.00, 0, 1577.00, NULL, NULL),
	('8120', '2022-08-29', 'BAUDUCCO', 6000.00, 22, 7320.00, NULL, NULL),
	('58447', '2022-08-26', 'TAILORSAN', 117.00, 22, 142.74, NULL, NULL),
	('11', '2022-03-31', 'GIARRIZZO STEFANO', 1577.00, 0, 1577.00, NULL, NULL),
	('1073', '2022-08-02', 'NEO SAFETY', 367.50, 22, 448.35, NULL, NULL),
	('25', '2022-05-26', 'GIARRIZZO STEFANO', 1577.00, 0, 1577.00, NULL, NULL),
	('65', '2022-07-11', 'DE LEO ANTONIO', 1340.00, 0, 1340.00, NULL, NULL),
	('3925/01', '2022-08-31', 'ECOGREEN', 150.00, 22, 183.00, NULL, NULL),
	('27', '2022-05-26', 'GIARRIZZO STEFANO', 1577.00, 0, 1577.00, NULL, NULL),
	('1092', '2022-08-11', 'NEO SAFETY', 367.50, 22, 448.35, NULL, NULL),
	('38', '2022-07-27', 'AL-FA SERVICE', 15300.00, 22, 18666.00, NULL, NULL),
	('38', '2022-08-23', 'AL-FA SERVICE', 8853.80, 22, 10801.64, NULL, NULL),
	('1801', '2022-08-03', 'ENERGY DUEGI', 813.64, 10, 895.00, NULL, NULL),
	('35', '2022-07-31', 'INFUSO ANDREA', 1560.00, 22, 1603.20, NULL, NULL),
	('3917/01', '2022-08-31', 'ECOGREEN', 838.00, 22, 1022.36, NULL, NULL),
	('108', '2022-07-21', 'ABRAMO', 2000.00, 0, 2000.00, NULL, NULL),
	('103', '2022-07-14', 'ABRAMO', 9000.00, 22, 10980.00, 6240.00, NULL),
	('105', '2022-07-21', 'ABRAMO', 500.00, 0, 500.00, 500.00, NULL),
	('106', '2022-07-21', 'ABRAMO', 500.00, 0, 500.00, 500.00, NULL),
	('107', '2022-07-21', 'ABRAMO', 300.00, 0, 300.00, 300.00, NULL),
	('121', '2022-08-29', 'ABRAMO', 6900.00, 22, 8418.00, 8418.00, NULL),
	('123', '2022-08-29', 'ABRAMO', 2200.00, 22, 2684.00, 2684.00, NULL),
	('77/A', '2022-07-25', 'BRUNO PONTEGGI', 35500.00, 0, 35500.00, NULL, NULL),
	('143', '2022-08-24', 'COAN', 4571.20, 0, 4571.20, 4571.20, NULL),
	('144', '2022-08-24', 'COAN', 12834.00, 0, 12834.00, 12834.00, NULL),
	('147', '2022-08-29', 'COAN', 8692.50, 0, 8692.50, 8692.50, NULL),
	('1074', '2022-08-02', 'NEO SAFETY', 367.50, 22, 448.35, NULL, NULL),
	('1071', '2022-08-02', 'NEO SAFETY', 367.50, 22, 448.35, NULL, NULL),
	('36', '2022-08-23', 'AL-FA SERVICE', 9464.00, 22, 11546.08, NULL, NULL),
	('268', '2022-07-25', 'ARREDOINFISSI', 22131.15, 22, 27000.00, NULL, NULL),
	('20', '2022-07-12', 'ADRI DI GHITESCU ADRIAN IOAN', 8900.00, 0, 8900.00, NULL, NULL),
	('25', '2022-08-06', 'ADRI DI GHITESCU ADRIAN IOAN', 2400.00, 0, 2400.00, NULL, NULL),
	('29', '2022-08-27', 'ANDREI ALIN', 10000.00, 22, 12200.00, NULL, NULL),
	('22169678', '2022-07-31', 'ARBO', 10355.46, 22, 12633.66, NULL, NULL),
	('8033', '2022-08-22', 'BAUDUCCO', 7000.00, 22, 8540.00, 8540.00, NULL),
	('8452', '2022-08-31', 'BAUDUCCO', 912.58, 22, 1113.35, NULL, NULL),
	('39', '2022-07-22', 'BMA', 1000.00, 0, 1000.00, NULL, NULL),
	('40', '2022-07-26', 'BMA', 4635.00, 0, 4635.00, NULL, NULL),
	('44', '2022-08-11', 'BMA', 4610.00, 0, 4610.00, NULL, NULL),
	('45', '2022-08-26', 'BMA', 8260.00, 0, 8260.00, NULL, NULL),
	('26', '2022-07-31', 'CASA SERVICE', 6210.00, 0, 6210.00, NULL, 'PRESENTE IMPORTO NON RELATIVO A CANTIERI'),
	('331/01', '2022-07-29', 'ACCADUEO', 9600.00, 0, 9600.00, NULL, NULL),
	('22177037', '2022-08-31', 'ARBO', 1541.58, 22, 1880.72, NULL, NULL),
	('120', '2022-07-11', 'ART OF STONE - GIOVALE JACOPO', 1824.90, 22, 2226.38, NULL, NULL),
	('1671', '2022-07-25', 'CHIESA CARBONAFTA', 41620.00, 22, 50776.40, NULL, NULL),
	('1672', '2022-07-25', 'CHIESA CARBONAFTA', 34790.00, 22, 42443.80, NULL, NULL),
	('118396', '2022-07-29', 'COENERGIA', 166667.09, 10, 183333.80, NULL, NULL),
	('1', '2022-08-22', 'CORBISIERO', 15000.00, 0, 15000.00, NULL, NULL),
	('66', '2022-07-11', 'DE LEO ANTONIO', 1340.00, 0, 1340.00, NULL, NULL),
	('75', '2022-08-02', 'DE LEO ANTONIO', 2560.00, 0, 2560.00, NULL, NULL),
	('3915/01', '2022-08-31', 'ECOGREEN', 360.00, 22, 439.20, NULL, NULL),
	('3916/01', '2022-08-31', 'ECOGREEN', 100.00, 22, 122.00, NULL, NULL),
	('3918/01', '2022-08-31', 'ECOGREEN', 232.00, 22, 283.04, NULL, NULL),
	('3919/01', '2022-08-31', 'ECOGREEN', 295.00, 22, 359.90, NULL, NULL),
	('3920/01', '2022-08-31', 'ECOGREEN', 320.40, 22, 390.89, NULL, NULL),
	('3922/01', '2022-08-31', 'ECOGREEN', 275.00, 22, 335.50, NULL, NULL),
	('3923/01', '2022-08-31', 'ECOGREEN', 640.00, 22, 780.80, NULL, NULL),
	('3926/01', '2022-08-31', 'ECOGREEN', 619.00, 22, 755.18, NULL, NULL),
	('3931/01', '2022-08-31', 'ECOGREEN', 275.00, 22, 335.50, NULL, NULL),
	('3932/01', '2022-08-31', 'ECOGREEN', 275.00, 22, 335.50, NULL, NULL),
	('3933/01', '2022-08-31', 'ECOGREEN', 100.00, 22, 122.00, NULL, NULL),
	('1852', '2022-08-09', 'ENERGY DUEGI', 857.84, 10, 943.00, NULL, NULL),
	('9', '2022-08-04', 'FIORENZA DAVIDE', 482.00, 0, 482.00, NULL, NULL),
	('1/146', '2022-08-11', 'FRASER', 1000.00, 22, 1220.00, NULL, NULL),
	('269', '2022-08-22', 'G.O. RAPPRESENTANZE', 828.84, 0, 828.84, NULL, NULL),
	('277', '2022-08-22', 'G.O. RAPPRESENTANZE', 1107.65, 0, 1107.65, NULL, NULL),
	('282', '2022-08-22', 'G.O. RAPPRESENTANZE', 200.00, 22, 244.00, NULL, NULL),
	('209', '2022-07-29', 'ILMA', 50850.00, 22, 62037.00, NULL, NULL),
	('28', '2022-08-09', 'IRGED', 2000.00, 0, 2000.00, NULL, NULL),
	('71', '2022-08-31', 'MANDAGLIO COSTRUZIONI', 10685.00, 0, 10685.00, NULL, NULL),
	('1/22', '2022-08-31', 'MAT', 24018.00, 0, 24018.00, NULL, NULL),
	('76', '2022-08-31', 'MAX SERVICE', 2859.00, 22, 3487.98, NULL, NULL),
	('77', '2022-08-31', 'MAX SERVICE', 1835.00, 22, 2238.70, NULL, NULL),
	('78', '2022-08-31', 'MAX SERVICE', 1660.00, 22, 2025.20, NULL, NULL),
	('1076', '2022-08-02', 'NEO SAFETY', 367.50, 22, 448.35, NULL, NULL),
	('39', '2022-08-10', 'NEW HOUSE GROUP', 3104.00, 0, 3104.00, NULL, NULL),
	('266', '2022-08-04', 'AVETTA', 870.00, 22, 1061.40, NULL, NULL),
	('237', '2022-07-15', 'AVETTA', 2923.20, 22, 3566.30, NULL, NULL),
	('235', '2022-07-13', 'AVETTA', 340.20, 22, 415.04, NULL, NULL),
	('234', '2022-07-13', 'AVETTA', 567.00, 22, 691.74, NULL, NULL),
	('75', '2022-08-31', 'MAX SERVICE', 1870.00, 22, 2281.40, NULL, NULL),
	('25', '2022-08-31', 'NORD EDIL', 68600.00, 22, 83692.00, NULL, NULL),
	('107', '2022-08-29', 'P.L. IMPIANTI', 700.00, 22, 854.00, NULL, NULL),
	('106', '2022-08-29', 'P.L. IMPIANTI', 800.00, 22, 976.00, NULL, NULL),
	('105', '2022-08-29', 'P.L. IMPIANTI', 350.00, 22, 427.00, NULL, NULL),
	('1520/02', '2022-08-04', 'PQRS ENGINEERING', 78.50, 22, 95.77, NULL, NULL),
	('1522/02', '2022-08-04', 'PQRS ENGINEERING', 44.50, 22, 54.29, NULL, NULL),
	('1523/02', '2022-08-04', 'PQRS ENGINEERING', 44.50, 22, 54.29, NULL, NULL),
	('1525/02', '2022-08-04', 'PQRS ENGINEERING', 48.50, 22, 59.17, NULL, NULL),
	('12', '2022-08-23', 'RELOVA', 7710.00, 22, 9406.20, NULL, NULL),
	('54023', '2022-08-08', 'TAILORSAN', 117.00, 22, 142.74, NULL, NULL),
	('57205', '2022-08-21', 'TAILORSAN', 40.00, 22, 48.80, NULL, NULL),
	('58449', '2022-08-26', 'TAILORSAN', 80.00, 22, 97.60, NULL, NULL),
	('58461', '2022-08-26', 'TAILORSAN', 115.00, 22, 140.30, NULL, NULL),
	('58476', '2022-08-26', 'TAILORSAN', 125.00, 22, 152.50, NULL, NULL),
	('58477', '2022-08-26', 'TAILORSAN', 130.00, 22, 158.60, NULL, NULL),
	('41', '2022-08-04', 'PACCHIARDO MAURO', 3330.00, 0, 3330.00, 3330.00, NULL),
	('83898', '2022-08-31', 'IDROCENTRO', 4164.49, 22, 5080.69, NULL, NULL),
	('124', '2022-08-29', 'ABRAMO', 7900.00, 22, 9638.00, NULL, NULL),
	('8083', '2022-08-25', 'BAUDUCCO', 5000.00, 22, 6100.00, NULL, NULL),
	('3927/01', '2022-08-31', 'ECOGREEN', 50.00, 22, 61.00, NULL, NULL),
	('121', '2022-07-12', 'ART OF STONE - GIOVALE JACOPO', 372.52, 22, 454.47, NULL, NULL),
	('129', '2022-07-12', 'ART OF STONE - GIOVALE JACOPO', 866.48, 22, 1057.11, NULL, NULL),
	('121', '2022-08-04', 'AT ELETTROIMPIANTI', 2000.00, 0, 2000.00, NULL, NULL),
	('27', '2022-08-04', 'EDILMANCUSO', 5000.00, 0, 5000.00, NULL, NULL),
	('37', '2022-08-23', 'AL-FA SERVICE', 11639.52, 22, 14200.21, NULL, NULL),
	('71', '2022-07-23', 'DE LEO ANTONIO', 1340.00, 0, 1340.00, NULL, NULL),
	('142', '2022-08-12', 'COAN', 12463.70, 0, 12463.70, 12463.70, NULL),
	('54056', '2022-08-08', 'TAILORSAN', 117.00, 22, 142.74, NULL, NULL),
	('11', '2022-08-31', 'DE MASI MATTIA', 1800.00, 0, 1800.00, NULL, NULL),
	('10', '2022-08-31', 'SARACINO LUIGI RAFFAELE', 2500.00, 0, 2500.00, NULL, NULL),
	('36', '2022-07-31', 'INFUSO ANDREA', 1560.00, 22, 1603.20, NULL, NULL),
	('1524/02', '2022-08-04', 'PQRS ENGINEERING', 44.50, 22, 54.29, NULL, NULL),
	('20', '2022-08-13', 'RZ COSTRUZIONI', 2200.00, 0, 2200.00, NULL, NULL),
	('58475', '2022-08-26', 'TAILORSAN', 250.00, 22, 305.00, NULL, NULL),
	('279', '2022-08-22', 'G.O. RAPPRESENTANZE', 1408.32, 0, 1408.32, NULL, NULL),
	('37', '2022-07-31', 'INFUSO ANDREA', 1560.00, 22, 1603.20, NULL, NULL),
	('38', '2022-07-31', 'INFUSO ANDREA', 1560.00, 22, 1603.20, NULL, NULL),
	('1802', '2022-08-03', 'ENERGY DUEGI', 621.74, 10, 684.00, NULL, NULL),
	('19', '2022-08-13', 'RZ COSTRUZIONI', 9500.00, 0, 9500.00, NULL, NULL),
	('59335', '2022-08-30', 'TAILORSAN', 125.00, 22, 152.50, NULL, NULL),
	('278', '2022-08-22', 'G.O. RAPPRESENTANZE', 1970.85, 0, 1970.85, NULL, NULL),
	('39', '2022-07-31', 'INFUSO ANDREA', 1560.00, 22, 1603.20, NULL, NULL),
	('268', '2022-08-22', 'G.O. RAPPRESENTANZE', 828.84, 0, 828.84, NULL, NULL),
	('40', '2022-07-31', 'INFUSO ANDREA', 1560.00, 22, 1603.20, NULL, NULL),
	('41', '2022-07-31', 'INFUSO ANDREA', 1560.00, 22, 1603.20, NULL, NULL),
	('66', '2022-07-11', 'BRUNO PONTEGGI', 32000.00, 22, 39040.00, NULL, NULL),
	('50', '2022-08-12', 'EDILIZIA GENERALE FORTUNATA', 5000.00, 10, 5500.00, NULL, NULL),
	('58450', '2022-08-26', 'TAILORSAN', 125.00, 22, 152.50, NULL, NULL),
	('27', '2022-07-04', 'AL-FA SERVICE', 2716.00, 22, 3313.52, NULL, NULL),
	('37', '2022-07-27', 'AL-FA SERVICE', 15552.00, 22, 18973.44, NULL, NULL),
	('58471', '2022-08-26', 'TAILORSAN', 125.00, 22, 152.50, NULL, NULL),
	('30', '2022-07-04', 'AL-FA SERVICE', 1880.00, 22, 2293.60, NULL, NULL),
	('240', '2022-07-15', 'AVETTA', 1096.50, 22, 1337.73, NULL, NULL),
	('7709', '2022-07-30', 'BAUDUCCO', 7151.80, 22, 8725.19, NULL, NULL),
	('26', '2022-08-08', 'CASCINO PIER ANTONIO', 2000.00, 0, 2000.00, NULL, NULL),
	('2/186', '2022-07-26', 'CENTORAME', 102.40, 22, 124.93, NULL, NULL),
	('1352', '2022-08-31', 'EMMEFFE', 1256.28, 22, 1532.66, NULL, 'DDT 1633 DEL 03/08/22 - DDT 1680 DEL 29/08/22'),
	('41', '2022-08-11', 'SOFRONI IULIAN DANIEL', 15000.00, 0, 15000.00, NULL, NULL),
	('285', '2022-08-31', 'TORINO CHIAVI', 700.00, 22, 854.00, NULL, NULL),
	('15', '2022-08-04', 'IMBESI MARIANO', 3782.00, 0, 3782.00, NULL, NULL),
	('18', '2022-07-16', 'MANICCHIA ANDREA', 55517.33, 22, 57156.41, NULL, NULL),
	('18', '2022-09-03', 'PFA CONSULTING', 28935.52, 22, 35301.33, NULL, NULL),
	('9', '2022-08-16', 'FLORE MARIUS FLORIN', 4202.00, 0, 4202.00, NULL, NULL),
	('21', '2022-08-02', 'EL KETTANI HASSAN', 9900.00, 0, 9900.00, NULL, NULL),
	('14', '2022-08-02', 'GRANGETTO MARICA', 441.59, 4, 459.25, NULL, NULL),
	('18', '2022-07-14', 'CNC IMPIANTI', 362.00, 0, 362.00, NULL, NULL),
	('15', '2022-08-08', 'RANDOLFI ALDO', 3677.00, 0, 3677.00, NULL, NULL),
	('1', '2022-08-31', 'CIRAVEGNA ALESSANDRO', 2700.00, 0, 2702.00, NULL, NULL),
	('12', '2022-08-05', 'BUFFO MICKAEL', 3150.00, 0, 3152.00, NULL, NULL),
	('66', '2022-08-11', 'TOMASELLO MONICA', 12500.00, 0, 12502.00, NULL, NULL),
	('7708', '2022-07-30', 'BAUDUCCO', 35886.24, 22, 43781.20, NULL, NULL),
	('974', '2022-07-18', 'AMAG', 6117.00, 22, 7462.74, NULL, NULL),
	('1060', '2022-07-28', 'AMAG', 458.50, 22, 559.37, NULL, NULL),
	('1096', '2022-08-24', 'AMAG', 2643.18, 22, 3224.68, NULL, NULL),
	('1114', '2022-08-24', 'AMAG', 8313.22, 22, 10142.13, NULL, NULL),
	('1136', '2022-08-31', 'AMAG', 286.31, 22, 349.30, NULL, NULL),
	('20', '2022-07-22', 'BUSINESS EDILIZIA DI MAIDA ANDREA', 5680.50, 22, 6930.21, NULL, NULL),
	('21', '2022-08-18', 'BUSINESS EDILIZIA DI MAIDA ANDREA', 5680.50, 22, 6930.21, NULL, NULL),
	('2182', '2022-07-30', 'CAVE DRUENTO', 3242.50, 22, 3955.85, NULL, NULL),
	('2541', '2022-08-31', 'CAVE DRUENTO', 346.50, 22, 422.73, NULL, NULL),
	('28027', '2022-07-30', 'CENTRO EDILE', 11471.00, 22, 13994.62, NULL, NULL),
	('842/A', '2022-07-04', 'CENTRO EDILE', 8196.72, 22, 10000.00, NULL, NULL),
	('838', '2022-08-31', 'CHINO E BATTAGLIO', 14.75, 22, 18.00, NULL, NULL),
	('307', '2022-08-31', 'COSSO', 173.20, 22, 211.30, NULL, NULL),
	('6592', '2022-08-09', 'COVER', 149.65, 22, 182.58, NULL, NULL),
	('6610', '2022-08-09', 'COVER', 118.48, 22, 144.55, NULL, NULL),
	('6634', '2022-08-10', 'COVER', 8.95, 22, 10.92, NULL, NULL),
	('1352', '2022-08-05', 'CREATIVE PROFILI', 790.64, 22, 964.58, NULL, NULL),
	('1494', '2022-08-31', 'CREATIVE PROFILI', 2723.61, 22, 3322.80, NULL, NULL),
	('915', '2022-08-31', 'CS EDIL', 7697.65, 22, 9391.13, NULL, NULL),
	('2204796', '2022-08-12', 'EMMETI STORE', 7980.00, 22, 9735.60, NULL, NULL),
	('2205023', '2022-08-31', 'EMMETI STORE', 593.76, 22, 724.39, NULL, NULL),
	('2205026', '2022-08-31', 'EMMETI STORE', 2761.89, 22, 3369.51, NULL, NULL),
	('2205045', '2022-08-31', 'EMMETI STORE', 1652.36, 22, 2015.88, NULL, NULL),
	('2204967', '2022-08-29', 'EMMEFFE', 11519.20, 22, 14053.42, NULL, NULL),
	('1832', '2022-08-05', 'ENERGY DUEGI', 68.56, 10, 76.00, NULL, NULL),
	('1/5829', '2022-08-26', 'FOREDILE', 128.00, 22, 156.16, NULL, NULL),
	('970', '2022-08-08', 'ROMANO GERARDO', 328.04, 22, 400.21, NULL, NULL),
	('77208', '2022-07-30', 'IDROCENTRO', 36897.40, 22, 45014.82, NULL, NULL),
	('3896', '2022-08-30', 'LINEA 5', 4263.80, 22, 5201.84, NULL, NULL),
	('3927', '2022-08-31', 'LINEA 5', 1571.95, 22, 1917.78, NULL, NULL),
	('58470', '2022-08-26', 'TAILORSAN', 65.00, 22, 79.30, NULL, NULL),
	('4281111754', '2022-08-31', 'WUERTH', 321.95, 22, 392.78, NULL, NULL),
	('029985', '2022-08-31', 'ZEROUNO', 192.35, 22, 234.67, NULL, NULL),
	('030097', '2022-08-31', 'ZEROUNO', 6207.16, 22, 7572.74, NULL, NULL),
	('125', '2022-07-18', 'COAN', 615.00, 0, 615.00, 615.00, NULL),
	('126', '2022-07-18', 'COAN', 5715.00, 0, 5715.00, NULL, NULL),
	('136', '2022-07-31', 'COAN', 252.00, 0, 252.00, NULL, NULL),
	('1', '2022-07-29', 'COMITE FEDERICO', 15000.00, 0, 15000.00, NULL, NULL),
	('276', '2022-07-30', 'COSSO', 58.96, 22, 71.93, NULL, NULL),
	('277', '2022-07-30', 'COSSO', 167.19, 22, 203.97, NULL, NULL),
	('278', '2022-07-30', 'COSSO', 58.86, 22, 71.81, NULL, NULL),
	('5463', '2022-07-01', 'COVER', 185.01, 22, 225.71, NULL, NULL),
	('5619', '2022-07-06', 'COVER', 74.75, 22, 91.20, NULL, NULL),
	('5833', '2022-07-14', 'COVER', 59.24, 22, 72.27, NULL, NULL),
	('800', '2022-07-30', 'CS EDIL', 30944.05, 22, 37751.74, NULL, NULL),
	('8', '2022-07-25', 'FIORENZA DAVIDE', 870.00, 0, 872.00, NULL, NULL),
	('179', '2022-07-30', 'DEA AUTOMATION', 1000.00, 22, 1220.00, NULL, NULL),
	('180', '2022-07-30', 'DEA AUTOMATION', 1600.00, 22, 1952.00, NULL, NULL),
	('181', '2022-07-30', 'DEA AUTOMATION', 1600.00, 22, 1952.00, NULL, NULL),
	('90', '2022-07-26', 'DI GIROLAMO GIULIANO', 5400.00, 0, 5400.00, NULL, NULL),
	('3527/01', '2022-07-30', 'ECOGREEN', 360.00, 22, 439.20, NULL, NULL),
	('3528/01', '2022-07-30', 'ECOGREEN', 100.00, 22, 122.00, NULL, NULL),
	('3529/01', '2022-07-30', 'ECOGREEN', 1534.20, 22, 1871.72, NULL, NULL),
	('3530/01', '2022-07-30', 'ECOGREEN', 100.00, 22, 122.00, NULL, NULL),
	('3531/01', '2022-07-30', 'ECOGREEN', 200.00, 22, 244.00, NULL, NULL),
	('3532/01', '2022-07-30', 'ECOGREEN', 408.00, 22, 497.76, NULL, NULL),
	('3533/01', '2022-07-30', 'ECOGREEN', 5411.00, 22, 6601.42, NULL, NULL),
	('3534/01', '2022-07-30', 'ECOGREEN', 974.00, 22, 1188.28, NULL, NULL),
	('3535/01', '2022-07-30', 'ECOGREEN', 426.00, 22, 519.72, NULL, NULL),
	('3536/01', '2022-07-30', 'ECOGREEN', 230.00, 22, 280.60, NULL, NULL),
	('3537/01', '2022-07-30', 'ECOGREEN', 100.00, 22, 122.00, NULL, NULL),
	('3538/01', '2022-07-30', 'ECOGREEN', 130.00, 22, 158.60, NULL, NULL),
	('3539/01', '2022-07-30', 'ECOGREEN', 1224.00, 22, 1493.28, NULL, NULL),
	('3540/01', '2022-07-30', 'ECOGREEN', 100.00, 22, 122.00, NULL, NULL),
	('64', '2022-06-30', 'EDISYS', 1200.00, 22, 1464.00, NULL, NULL),
	('169', '2022-07-05', 'ELETTRICA SAMU', 2000.00, 22, 2440.00, NULL, NULL),
	('2204377', '2022-07-27', 'EMMETI STORE', 7980.00, 22, 9735.60, NULL, NULL),
	('1250', '2022-07-28', 'EMMEFFE', 6034.17, 22, 7361.69, NULL, NULL),
	('1279', '2022-07-28', 'EMMEFFE', 7200.00, 22, 8784.00, NULL, NULL),
	('2204461', '2022-07-29', 'EMMETI STORE', 2559.12, 22, 3122.13, NULL, NULL),
	('2204463', '2022-07-29', 'EMMETI STORE', 827.57, 22, 1009.64, NULL, NULL),
	('2204474', '2022-07-29', 'EMMETI STORE', 1172.75, 22, 1430.75, NULL, NULL),
	('2204216', '2022-07-21', 'EMMETI STORE', 7980.00, 22, 9735.60, NULL, NULL),
	('2204425', '2022-07-29', 'EMMETI STORE', 2973.04, 22, 3627.11, NULL, NULL),
	('2204473', '2022-07-29', 'EMMETI STORE', 1078.20, 22, 1315.40, NULL, NULL),
	('95', '2022-07-29', 'KEY SOLAR', 1550.94, 10, 1718.24, NULL, NULL),
	('2937', '2022-07-29', 'FAI', 221.30, 22, 269.99, NULL, NULL),
	('2938', '2022-07-29', 'FAI', 575.00, 22, 701.50, NULL, NULL),
	('628', '2022-07-04', 'FELICE FRANCESCO', 2200.00, 0, 2200.00, NULL, NULL),
	('16', '2022-07-12', 'PUGLIESE FRANCESCO', 30000.00, 22, 36600.00, NULL, NULL),
	('PARCELLA_30.07.22', '2022-07-30', 'SITA\' FRANCESCO', 4162.00, 0, 4162.00, NULL, NULL),
	('1/142', '2022-07-29', 'FRASER', 2000.00, 22, 2440.00, NULL, NULL),
	('10', '2022-05-31', 'FS COSTRUZIONI', 44000.00, 22, 53680.00, NULL, NULL),
	('20', '2022-07-31', 'FS COSTRUZIONI', 50000.00, 22, 61000.00, NULL, NULL),
	('21', '2022-07-31', 'FS COSTRUZIONI', 13468.00, 22, 16430.96, NULL, NULL),
	('43', '2022-07-11', 'GABER', 2696.00, 0, 2696.00, NULL, NULL),
	('55', '2022-09-09', 'GABER', 3000.00, 0, 3000.00, NULL, NULL),
	('175', '2022-06-30', 'GARNERO', 850.00, 22, 1037.00, NULL, NULL),
	('8', '2022-06-30', 'GEA', 1300.00, 0, 1300.00, NULL, NULL),
	('9', '2022-06-30', 'GEA', 5911.00, 0, 5911.00, NULL, NULL),
	('21', '2022-07-08', 'GF IMPIANTI', 2150.00, 0, 2150.00, NULL, NULL),
	('24', '2022-07-08', 'GF IMPIANTI', 4150.00, 0, 4150.00, NULL, NULL),
	('533', '2022-07-07', 'GIARDINO COLORI', 1953.00, 22, 2382.66, NULL, NULL),
	('559', '2022-07-19', 'GIARDINO COLORI', 1008.00, 22, 1229.76, NULL, NULL),
	('1827', '2022-07-31', 'GIARDINO COLORI', 2093.08, 22, 2553.56, NULL, NULL),
	('30', '2022-07-19', 'GIARRIZZO STEFANO', 1575.00, 0, 1577.00, NULL, NULL),
	('33', '2022-07-19', 'GIARRIZZO STEFANO', 1575.00, 0, 1577.00, NULL, NULL),
	('149', '2022-07-19', 'REPOLE GIUSEPPE', 448.00, 22, 546.56, NULL, NULL),
	('205', '2022-07-20', 'G.O. RAPPRESENTANZE', 1141.86, 0, 1141.86, NULL, NULL),
	('215', '2022-07-29', 'G.O. RAPPRESENTANZE', 2485.35, 0, 2485.35, NULL, NULL),
	('249', '2022-07-29', 'G.O. RAPPRESENTANZE', 415.00, 22, 506.30, NULL, NULL),
	('250', '2022-07-29', 'G.O. RAPPRESENTANZE', 1701.21, 0, 1701.21, NULL, NULL),
	('251', '2022-07-29', 'G.O. RAPPRESENTANZE', 1512.27, 0, 1512.27, NULL, NULL),
	('252', '2022-07-29', 'G.O. RAPPRESENTANZE', 2426.41, 0, 2426.41, NULL, NULL);
/*!40000 ALTER TABLE `fattura` ENABLE KEYS */;

-- Dump della struttura di tabella contabilita_cantieri.fornitore
CREATE TABLE IF NOT EXISTS `fornitore` (
  `nome` varchar(50) NOT NULL,
  PRIMARY KEY (`nome`)
) ENGINE=InnoDB DEFAULT CHARSET=latin1;

-- Dump dei dati della tabella contabilita_cantieri.fornitore: ~96 rows (circa)
/*!40000 ALTER TABLE `fornitore` DISABLE KEYS */;
INSERT INTO `fornitore` (`nome`) VALUES
	('ABRAMO'),
	('ACCADUEO'),
	('ADRI DI GHITESCU ADRIAN IOAN'),
	('AL-FA SERVICE'),
	('AMAG'),
	('AMATO ANGELO'),
	('ANDREI ALIN'),
	('ARBO'),
	('ARREDOINFISSI'),
	('ART OF STONE - GIOVALE JACOPO'),
	('AT ELETTROIMPIANTI'),
	('AVETTA'),
	('BAUDUCCO'),
	('BMA'),
	('BRUNO PONTEGGI'),
	('BUFFO MICKAEL'),
	('BUSINESS EDILIZIA DI MAIDA ANDREA'),
	('CASA SERVICE'),
	('CASCINO PIER ANTONIO'),
	('CAVE DRUENTO'),
	('CENTORAME'),
	('CENTRO EDILE'),
	('CHIESA CARBONAFTA'),
	('CHINO E BATTAGLIO'),
	('CIRAVEGNA ALESSANDRO'),
	('CNC IMPIANTI'),
	('COAN'),
	('COENERGIA'),
	('COMITE FEDERICO'),
	('CORBISIERO'),
	('COSSO'),
	('COVER'),
	('CREATIVE PROFILI'),
	('CS EDIL'),
	('DE LEO ANTONIO'),
	('DE MASI MATTIA'),
	('DEA AUTOMATION'),
	('DI GIROLAMO GIULIANO'),
	('ECOGREEN'),
	('EDILIZIA GENERALE FORTUNATA'),
	('EDILMANCUSO'),
	('EDISYS'),
	('EL KETTANI HASSAN'),
	('ELETTRICA SAMU'),
	('EMMEFFE'),
	('EMMETI STORE'),
	('ENERGY DUEGI'),
	('FAI'),
	('FELICE FRANCESCO'),
	('FIORENZA DAVIDE'),
	('FLORE MARIUS FLORIN'),
	('FOREDILE'),
	('FRASER'),
	('FS COSTRUZIONI'),
	('G.O. RAPPRESENTANZE'),
	('GAAFAR'),
	('GABER'),
	('GARNERO'),
	('GEA'),
	('GF IMPIANTI'),
	('GIARDINO COLORI'),
	('GIARRIZZO STEFANO'),
	('GRANGETTO MARICA'),
	('IDROCENTRO'),
	('ILMA'),
	('IMBESI MARIANO'),
	('INFUSO ANDREA'),
	('IRGED'),
	('KEY SOLAR'),
	('LINEA 5'),
	('MANDAGLIO COSTRUZIONI'),
	('MANICCHIA ANDREA'),
	('MAT'),
	('MAX SERVICE'),
	('NEO SAFETY'),
	('NEW HOUSE GROUP'),
	('NORD EDIL'),
	('P.L. IMPIANTI'),
	('PACCHIARDO MAURO'),
	('PFA CONSULTING'),
	('PQRS ENGINEERING'),
	('PUGLIESE FRANCESCO'),
	('RANDOLFI ALDO'),
	('RELOVA'),
	('REPOLE GIUSEPPE'),
	('ROMANO GERARDO'),
	('RZ COSTRUZIONI'),
	('SARACINO LUIGI RAFFAELE'),
	('SITA\' FRANCESCO'),
	('SOFRONI IULIAN DANIEL'),
	('TAES GROUP'),
	('TAILORSAN'),
	('TOMASELLO MONICA'),
	('TORINO CHIAVI'),
	('WUERTH'),
	('ZEROUNO');
/*!40000 ALTER TABLE `fornitore` ENABLE KEYS */;

-- Dump della struttura di tabella contabilita_cantieri.importo_lavorazione
CREATE TABLE IF NOT EXISTS `importo_lavorazione` (
  `numero` int(5) unsigned zerofill NOT NULL,
  `numero_fattura` varchar(50) DEFAULT NULL,
  `data_fattura` date DEFAULT NULL,
  `fornitore` varchar(50) DEFAULT NULL,
  `cantiere` int(5) DEFAULT NULL,
  `descrizione` varchar(100) DEFAULT NULL,
  `importo` double(15,2) DEFAULT NULL,
  `importo_iva` double(15,2) DEFAULT NULL,
  `note` varchar(400) DEFAULT NULL,
  KEY `cantiere_descrizione_numero_fattura_data_fattura_fornitore` (`numero_fattura`,`data_fattura`,`fornitore`,`numero`) USING BTREE
) ENGINE=InnoDB DEFAULT CHARSET=latin1;

-- Dump dei dati della tabella contabilita_cantieri.importo_lavorazione: ~357 rows (circa)
/*!40000 ALTER TABLE `importo_lavorazione` DISABLE KEYS */;
INSERT INTO `importo_lavorazione` (`numero`, `numero_fattura`, `data_fattura`, `fornitore`, `cantiere`, `descrizione`, `importo`, `importo_iva`, `note`) VALUES
	(00001, '8', '2022-07-16', 'AMATO ANGELO', NULL, 'CONSULENZA TECNICA', 85413.18, 87934.90, 'DA DIVIDERE SU: 28-13-66-72-35-86-149-69-62-27-3-106-122-133-1-157-10-67'),
	(00001, '23', '2022-05-26', 'GIARRIZZO STEFANO', 48, 'PRESTAZIONE PROFESSIONALE COORDINAMENTO CANTIERE', 1577.00, 1577.00, 'ACCONTO 50%'),
	(00001, '34', '2022-07-31', 'INFUSO ANDREA', 55, 'PRESTAZIONE PROFESSIONALE COORDINAMENTO CANTIERE', 1560.00, 1603.20, NULL),
	(00001, '236', '2022-07-13', 'AVETTA', 69, 'RISTRUTTURAZIONE', 1510.21, 1842.46, 'BAGNO, PAVIMENTI, TERMOARREDO'),
	(00001, '68', '2022-07-12', 'DE LEO ANTONIO', 71, 'TETTO - PROGETTO', 1300.00, 1300.00, NULL),
	(00001, '3928/01', '2022-08-31', 'ECOGREEN', 76, 'SMALTIMENTO MACERIE/RIFIUTI', 396.00, 483.12, NULL),
	(00001, '54590', '2022-08-12', 'TAILORSAN', 76, 'CANTIERE - WC CHIMICO', 117.00, 142.74, NULL),
	(00001, '8082', '2022-08-25', 'BAUDUCCO', 79, 'TETTO - MATERIALE', 10000.00, 12200.00, NULL),
	(00001, '3924/01', '2022-08-31', 'ECOGREEN', 79, 'SMALTIMENTO MACERIE/RIFIUTI', 605.00, 738.10, NULL),
	(00001, '57', '2022-08-01', 'GAAFAR', 79, 'CANTIERE - PONTEGGIO', 11000.00, 11000.00, NULL),
	(00001, '29', '2022-08-25', 'IRGED', 79, 'TETTO - DEMOLIZIONE', 3800.00, 3800.00, NULL),
	(00001, '3921/01', '2022-08-31', 'ECOGREEN', 80, 'SMALTIMENTO MACERIE/RIFIUTI', 182.00, 222.04, NULL),
	(00001, '21', '2022-08-01', 'TAES GROUP', 80, 'TETTO - TERMINALE CANNA FUMARIA', 400.00, 488.00, 'FORNITURA E POSA TERMINALI PER CANNA FUMARIA'),
	(00001, '148', '2022-08-31', 'COAN', 95, 'CANTIERE - PONTEGGIO', 9684.00, 9684.00, NULL),
	(00001, '7', '2022-08-09', 'FLORE MARIUS FLORIN', 96, 'ISOLAMENTO - CAPPOTTO A SOFFITTO', 4200.00, 4200.00, NULL),
	(00001, '42', '2022-07-31', 'INFUSO ANDREA', 96, 'PRESTAZIONE PROFESSIONALE COORDINAMENTO CANTIERE', 1560.00, 1603.20, NULL),
	(00001, '3930/01', '2022-08-31', 'ECOGREEN', 103, 'SMALTIMENTO MACERIE/RIFIUTI', 50.00, 61.00, NULL),
	(00001, '3929/01', '2022-08-31', 'ECOGREEN', 107, 'SMALTIMENTO MACERIE/RIFIUTI', 50.00, 61.00, NULL),
	(00001, '59341', '2022-08-30', 'TAILORSAN', 107, 'CANTIERE - WC CHIMICO', 117.00, 142.74, NULL),
	(00001, '1851', '2022-08-09', 'ENERGY DUEGI', 109, 'FOTOVOLTAICO - STRUTTURA SOSTEGNO', 857.40, 943.00, NULL),
	(00001, '21', '2022-05-26', 'GIARRIZZO STEFANO', 125, 'PRESTAZIONE PROFESSIONALE COORDINAMENTO CANTIERE', 1577.00, 1577.00, NULL),
	(00001, '8120', '2022-08-29', 'BAUDUCCO', 130, 'TETTO - MATERIALE', 6000.00, 7320.00, 'FORNITURA COPERTURA IN LEGNO'),
	(00001, '58447', '2022-08-26', 'TAILORSAN', 130, 'CANTIERE - WC CHIMICO', 117.00, 142.74, NULL),
	(00001, '11', '2022-03-31', 'GIARRIZZO STEFANO', 133, 'PRESTAZIONE PROFESSIONALE COORDINAMENTO CANTIERE', 1577.00, 1577.00, NULL),
	(00001, '1073', '2022-08-02', 'NEO SAFETY', 133, 'CANTIERE - PROGETTO PONTEGGIO', 367.50, 448.35, NULL),
	(00001, '25', '2022-05-26', 'GIARRIZZO STEFANO', 134, 'PRESTAZIONE PROFESSIONALE COORDINAMENTO CANTIERE', 1577.00, 1577.00, NULL),
	(00001, '65', '2022-07-11', 'DE LEO ANTONIO', 136, 'TETTO - PROGETTO', 1340.00, 1340.00, NULL),
	(00001, '3925/01', '2022-08-31', 'ECOGREEN', 136, 'SMALTIMENTO MACERIE/RIFIUTI', 150.00, 183.00, NULL),
	(00001, '27', '2022-05-26', 'GIARRIZZO STEFANO', 136, 'PRESTAZIONE PROFESSIONALE COORDINAMENTO CANTIERE', 1577.00, 1577.00, NULL),
	(00001, '1092', '2022-08-11', 'NEO SAFETY', 136, 'CANTIERE - PROGETTO PONTEGGIO', 367.50, 448.35, NULL),
	(00001, '37', '2022-07-27', 'AL-FA SERVICE', 28, 'SERRAMENTI + SCHERMATURE SOLARI', 15552.00, 18973.44, 'DA DIVIDERE SU FORNITURA E POSA SERRAMENTI E SCHERMATURE'),
	(00001, '38', '2022-07-27', 'AL-FA SERVICE', 44, 'SERRAMENTI + SCHERMATURE SOLARI', 15300.00, 18666.00, 'DA DIVIDERE SU FORNITURA E POSA SERRAMENTI E SCHERMATURE SOLARI'),
	(00001, '38', '2022-08-23', 'AL-FA SERVICE', 137, 'SERRAMENTI + SCHERMATURE SOLARI', 8853.80, 10801.64, 'DA DIVIDERE SU FORNITURA E POSA SERRAMENTI E SCHERMATURE SOLARI'),
	(00001, '1801', '2022-08-03', 'ENERGY DUEGI', 137, 'FOTOVOLTAICO - STRUTTURA SOSTEGNO', 813.64, 895.00, NULL),
	(00001, '35', '2022-07-31', 'INFUSO ANDREA', 137, 'PRESTAZIONE PROFESSIONALE COORDINAMENTO CANTIERE', 1560.00, 1603.20, NULL),
	(00001, '3917/01', '2022-08-31', 'ECOGREEN', 141, 'SMALTIMENTO MACERIE/RIFIUTI', 838.00, 1022.36, NULL),
	(00001, '108', '2022-07-21', 'ABRAMO', 67, 'CANTIERE - PONTEGGIO', 2000.00, 2000.00, NULL),
	(00001, '103', '2022-07-14', 'ABRAMO', 125, 'CANTIERE - PONTEGGIO', 9000.00, 10980.00, NULL),
	(00001, '105', '2022-07-21', 'ABRAMO', 154, 'CANTIERE - PONTEGGIO', 500.00, 500.00, NULL),
	(00001, '106', '2022-07-21', 'ABRAMO', 10, 'CANTIERE - PONTEGGIO', 500.00, 500.00, NULL),
	(00001, '107', '2022-07-21', 'ABRAMO', 1, 'CANTIERE - PONTEGGIO', 300.00, 300.00, NULL),
	(00001, '121', '2022-08-29', 'ABRAMO', 76, 'CANTIERE - PONTEGGIO', 6900.00, 8418.00, NULL),
	(00001, '123', '2022-08-29', 'ABRAMO', 193, 'CANTIERE - PONTEGGIO', 2200.00, 2684.00, NULL),
	(00001, '77/A', '2022-07-25', 'BRUNO PONTEGGI', 56, 'CANTIERE - PONTEGGIO', 35500.00, 35500.00, NULL),
	(00001, '143', '2022-08-24', 'COAN', 195, 'CANTIERE - PONTEGGIO', 4571.00, 4571.00, NULL),
	(00001, '144', '2022-08-24', 'COAN', 54, 'CANTIERE - PONTEGGIO', 12834.00, 12834.00, NULL),
	(00001, '147', '2022-08-29', 'COAN', 107, 'CANTIERE - PONTEGGIO', 8692.00, 8692.00, NULL),
	(00001, '1074', '2022-08-02', 'NEO SAFETY', 125, 'CANTIERE - PROGETTO PONTEGGIO', 367.50, 448.35, NULL),
	(00001, '1071', '2022-08-02', 'NEO SAFETY', 2, 'CANTIERE - PROGETTO PONTEGGIO', 367.50, 448.35, NULL),
	(00001, '36', '2022-08-23', 'AL-FA SERVICE', 2, 'SERRAMENTI + SCHERMATURE SOLARI + ALTRO', 9464.00, 11546.08, 'DA DIVIDERE TRA CANTIERI 2 E 3, E SULLE VOCI CAPITOLATO FORNITURA/POSA TELAI/MASCHERINE E SERRAMENTI'),
	(00001, '268', '2022-07-25', 'ARREDOINFISSI', 117, 'SERRAMENTI + SCHERMATURE SOLARI + ALTRO', 22131.15, 27000.00, 'FORNITURA E POSA SERRAMENTI, PERSIANE, ZANZARIERE, GRATE, TENDE DA SOLE, BASCULANTE, PORTE INTERNE'),
	(00001, '20', '2022-07-12', 'ADRI DI GHITESCU ADRIAN IOAN', 71, 'XX - MANODOPERA CANTIERE', 8900.00, 8900.00, NULL),
	(00001, '25', '2022-08-06', 'ADRI DI GHITESCU ADRIAN IOAN', 66, 'XX - MANODOPERA CANTIERE', 2400.00, 2400.00, NULL),
	(00001, '29', '2022-08-27', 'ANDREI ALIN', 117, 'XX - MANODOPERA CANTIERE', 10000.00, 12200.00, NULL),
	(00001, '22169678', '2022-07-31', 'ARBO', 65, 'BUILDING AUTOMATION - MATERIALE DOMOTICA', 1660.58, 2025.91, 'CRONOTERMOSTATO'),
	(00002, '22169678', '2022-07-31', 'ARBO', 65, 'BUILDING AUTOMATION - MATERIALE DOMOTICA', 3808.60, 4646.49, 'ATTUATORE WIRELESS'),
	(00003, '22169678', '2022-07-31', 'ARBO', 65, 'BUILDING AUTOMATION - MATERIALE DOMOTICA', 959.10, 1170.10, 'ATTUATORE RADIO'),
	(00004, '22169678', '2022-07-31', 'ARBO', 65, 'BUILDING AUTOMATION - MATERIALE DOMOTICA', 132.31, 161.42, 'CONFIGURATORE PER SISTEMA'),
	(00005, '22169678', '2022-07-31', 'ARBO', 0, 'BUILDING AUTOMATION - MATERIALE DOMOTICA', 255.74, 312.00, 'NETBOX INTERFACCIA DI COMUNICAZIONE'),
	(00006, '22169678', '2022-07-31', 'ARBO', 0, 'BUILDING AUTOMATION - MATERIALE DOMOTICA', 127.98, 156.14, 'COMANDO A FILO COM TIMER'),
	(00007, '22169678', '2022-07-31', 'ARBO', 69, 'BUILDING AUTOMATION - MATERIALE DOMOTICA', 3197.38, 3900.80, 'UNITA\' MONOBLOCCO THERMA'),
	(00008, '22169678', '2022-07-31', 'ARBO', 69, 'RISTRUTTURAZIONE - ACCESSORI IDRAULICA', 213.77, 260.80, 'VALVOLE 3 VIE PER BOLLITORE'),
	(00001, '8033', '2022-08-22', 'BAUDUCCO', 8, 'TETTO - MATERIALE', 7000.00, 8540.00, NULL),
	(00001, '8452', '2022-08-31', 'BAUDUCCO', 48, 'TETTO - MATERIALE', 912.58, 1113.35, NULL),
	(00001, '39', '2022-07-22', 'BMA', 26, 'XX - MANODOPERA CANTIERE', 1000.00, 1000.00, NULL),
	(00001, '40', '2022-07-26', 'BMA', 27, 'XX - MANODOPERA CANTIERE', 4635.00, 4635.00, NULL),
	(00001, '44', '2022-08-11', 'BMA', 79, 'XX - MANODOPERA CANTIERE', 4610.00, 4610.00, NULL),
	(00001, '45', '2022-08-26', 'BMA', 79, 'XX - MANODOPERA CANTIERE', 8260.00, 8260.00, NULL),
	(00001, '26', '2022-07-31', 'CASA SERVICE', 27, 'CALDAIA/POMPA DI CALORE - MANODOPERA', 410.00, 410.00, 'SPOSTAMENTO MOTOCONDENSANTE CON PROVA DI FUNZIONAMENTO, COLLAUDO E MESSA IN SERVIZIO'),
	(00002, '26', '2022-07-31', 'CASA SERVICE', 66, 'CALDAIA/POMPA DI CALORE - MANODOPERA', 280.00, 280.00, 'RIMONTAGGIO MOTOCONDENSANTE CON PROVA DI FUNZIONAMENTO, COLLAUDO E MESSA IN SERVIZIO'),
	(00003, '26', '2022-07-31', 'CASA SERVICE', 10, 'CALDAIA + RISTRUTTURAZIONE - MANODOPERA + FORNITURA IMPIANTO', 4320.00, 4320.00, 'DA DIVIDERE SU: MANODOPERA SOSTITUZIONE CALDAIA, FORNITURA E MONTAGGIO IMPIANTO IDRAULICO, SMONTAGGIO VECCHIO SISTEMA DI RISCALDAMENTO'),
	(00004, '26', '2022-07-31', 'CASA SERVICE', 149, 'CALDAIA/POMPA DI CALORE - MANODOPERA', 1200.00, 1200.00, 'COLLEGAMENTO CLIMATIZZATORE'),
	(00001, '331/01', '2022-07-29', 'ACCADUEO', 35, 'CALDAIA/POMPA DI CALORE - MANODOPERA', 9600.00, 9600.00, NULL),
	(00001, '22177037', '2022-08-31', 'ARBO', 149, 'BUILDING AUTOMATION - MATERIALE DOMOTICA', 255.74, 312.00, 'NETBOX INTERFACCIA DI COMUNICAZIONE'),
	(00002, '22177037', '2022-08-31', 'ARBO', 65, 'BUILDING AUTOMATION - MATERIALE DOMOTICA', 1107.05, 1350.60, 'CRONOTERMOSTATO SETT. TOUCH WIFI'),
	(00003, '22177037', '2022-08-31', 'ARBO', 0, 'BUILDING AUTOMATION - MATERIALE DOMOTICA', 68.38, 83.42, 'COMANDO A FILO SEMPLIFICATO - RITIRA SIG. LAZZARINI'),
	(00004, '22177037', '2022-08-31', 'ARBO', 71, 'RISTRUTTURAZIONE - MATERIALE IMPIANTO CANALIZZATO', 110.41, 134.70, 'CONNESSIONE CANALIZZAZIONE SINGOLA'),
	(00001, '120', '2022-07-11', 'ART OF STONE - GIOVALE JACOPO', 27, 'RISTRUTTURAZIONE - ZOCCOLATURA H 6OCM', 1646.40, 2008.61, NULL),
	(00002, '120', '2022-07-11', 'ART OF STONE - GIOVALE JACOPO', 27, 'RISTRUTTURAZIONE - ZOCCOLATURA H 12CM', 178.50, 217.77, NULL),
	(00001, '1671', '2022-07-25', 'CHIESA CARBONAFTA', 48, 'CALDAIA/POMPA DI CALORE - FORNITURA + MANODOPERA CALDAIA CENTRALIZZATA', 41620.00, 50776.40, 'INTERVENTO DI RIQUALIFICAZIONE CENTRALE'),
	(00001, '1672', '2022-07-25', 'CHIESA CARBONAFTA', 56, 'CALDAIA/POMPA DI CALORE - FORNITURA + MANODOPERA CALDAIA CENTRALIZZATA', 34790.00, 42443.80, 'INTERVENTO RIQUALIFICAZIONE CENTRALE TERMICA'),
	(00001, '118396', '2022-07-29', 'COENERGIA', 0, 'FOTOVOLTAICO - INVERTER', 31606.02, 34766.62, 'FORNITURA NUM. 20 INVERTER 6 KW'),
	(00002, '118396', '2022-07-29', 'COENERGIA', 0, 'FOTOVOLTAICO - INVERTER', 35147.28, 38662.01, 'FORNITURA NUM. 25 INVERTER 3 KW'),
	(00003, '118396', '2022-07-29', 'COENERGIA', 0, 'FOTOVOLTAICO - BATTERIE', 93830.10, 103213.11, 'FORNITURA NUM. 50 BATTERIE'),
	(00004, '118396', '2022-07-29', 'COENERGIA', 0, 'FOTOVOLTAICO - CAVI', 1911.00, 2102.10, 'FORNITURA NUM. 30 KIT CAVI BATTERIE-INVERTER'),
	(00005, '118396', '2022-07-29', 'COENERGIA', 0, 'FOTOVOLTAICO - CAVI', 2522.52, 2774.77, 'FORNITURA NUM. 30 KIT CAVI BATTERIE'),
	(00006, '118396', '2022-07-29', 'COENERGIA', 0, 'FOTOVOLTAICO - TRASPORTO MATERIALE', 1650.17, 1815.19, NULL),
	(00001, '1', '2022-08-22', 'CORBISIERO', 8, 'XX - MANODOPERA CANTIERE', 15000.00, 15000.00, NULL),
	(00001, '66', '2022-07-11', 'DE LEO ANTONIO', 55, 'TETTO - PROGETTO', 1340.00, 1340.00, NULL),
	(00001, '75', '2022-08-02', 'DE LEO ANTONIO', 48, 'TETTO - PROGETTO', 2560.00, 2560.00, NULL),
	(00001, '3915/01', '2022-08-31', 'ECOGREEN', 2, 'SMALTIMENTO MACERIE/RIFIUTI', 360.00, 439.20, 'DA DIVIDERE SU CANTIERI 2 E 3'),
	(00001, '3916/01', '2022-08-31', 'ECOGREEN', 10, 'SMALTIMENTO MACERIE/RIFIUTI', 100.00, 122.00, NULL),
	(00001, '3918/01', '2022-08-31', 'ECOGREEN', 28, 'SMALTIMENTO MACERIE/RIFIUTI', 232.00, 283.04, NULL),
	(00001, '3919/01', '2022-08-31', 'ECOGREEN', 67, 'SMALTIMENTO MACERIE/RIFIUTI', 295.00, 359.90, NULL),
	(00001, '3920/01', '2022-08-31', 'ECOGREEN', 48, 'SMALTIMENTO MACERIE/RIFIUTI', 320.40, 390.89, NULL),
	(00001, '3922/01', '2022-08-31', 'ECOGREEN', 56, 'SMALTIMENTO MACERIE/RIFIUTI', 275.00, 335.50, NULL),
	(00001, '3923/01', '2022-08-31', 'ECOGREEN', 55, 'SMALTIMENTO MACERIE/RIFIUTI', 640.00, 780.80, NULL),
	(00001, '3926/01', '2022-08-31', 'ECOGREEN', 8, 'SMALTIMENTO MACERIE/RIFIUTI', 619.00, 755.18, NULL),
	(00001, '3931/01', '2022-08-31', 'ECOGREEN', 57, 'SMALTIMENTO MACERIE/RIFIUTI', 275.00, 335.50, NULL),
	(00001, '3932/01', '2022-08-31', 'ECOGREEN', 66, 'SMALTIMENTO MACERIE/RIFIUTI', 275.00, 335.50, NULL),
	(00001, '3933/01', '2022-08-31', 'ECOGREEN', 13, 'SMALTIMENTO MACERIE/RIFIUTI', 100.00, 122.00, NULL),
	(00001, '1852', '2022-08-09', 'ENERGY DUEGI', 55, 'FOTOVOLTAICO - STRUTTURA SOSTEGNO', 857.84, 943.00, 'STRUTTURA DI SOSTEGNO PER 6 PANNELLI FOTOVOLTAICI ORIZZONTALI'),
	(00001, '9', '2022-08-04', 'FIORENZA DAVIDE', 66, 'XX - MANODOPERA CANTIERE', 482.00, 482.00, NULL),
	(00001, '1/146', '2022-08-11', 'FRASER', 9, 'XX - PORTA COMUNE CONDOMINIO', 1000.00, 1220.00, 'PORTA IN FERRO LOCALE BATTERIA'),
	(00001, '269', '2022-08-22', 'G.O. RAPPRESENTANZE', 73, 'FOTOVOLTAICO - LINEA VITA', 828.84, 828.84, NULL),
	(00001, '277', '2022-08-22', 'G.O. RAPPRESENTANZE', 55, 'TETTO - LINEA VITA', 1107.65, 1107.65, NULL),
	(00001, '282', '2022-08-22', 'G.O. RAPPRESENTANZE', 48, 'TETTO - LUCERNARIO', 200.00, 244.00, NULL),
	(00001, '209', '2022-07-29', 'ILMA', 48, 'TETTO - MATERIALE', 50850.00, 62037.00, NULL),
	(00001, '28', '2022-08-09', 'IRGED', 136, 'XX - MANODOPERA CANTIERE', 2000.00, 2000.00, NULL),
	(00001, '71', '2022-08-31', 'MANDAGLIO COSTRUZIONI', 55, 'TETTO - MANODOPERA', 10685.00, 10685.00, 'DEMOLIZIONE, RINFORZO STRUTTURALE E POSA TETTO'),
	(00001, '1/22', '2022-08-31', 'MAT', 65, 'XX - MANODOPERA CANTIERE + MATERIALE EDILE', 24018.00, 24018.00, 'SAL 3'),
	(00001, '76', '2022-08-31', 'MAX SERVICE', 71, 'BUILDING AUTOMATION - MATERIALE DOMOTICA', 2859.00, 3487.98, NULL),
	(00001, '77', '2022-08-31', 'MAX SERVICE', 71, 'RISTRUTTURAZIONE - IMPIANTI SPECIALI', 1835.00, 2238.70, NULL),
	(00001, '78', '2022-08-31', 'MAX SERVICE', 71, 'RISTRUTTURAZIONE - IMPIANTO ELETTRICO', 1660.00, 2025.20, 'NUOVO QUADRO ELETTRICO'),
	(00001, '1076', '2022-08-02', 'NEO SAFETY', 48, 'CANTIERE - PROGETTO PONTEGGIO', 367.50, 448.35, NULL),
	(00001, '39', '2022-08-10', 'NEW HOUSE GROUP', 56, 'BALCONI - MANODOPERA', 3104.00, 3104.00, 'ESECUZIONE DI MASSETTO TRADIZIONALE SABBIA E CEMENTO BALCONI'),
	(00001, '266', '2022-08-04', 'AVETTA', 56, 'BALCONI - MATERIALE', 870.00, 1061.40, 'ACCONTO SU FORNITURA PIASTRELLE'),
	(00001, '237', '2022-07-15', 'AVETTA', 48, 'BALCONI - MATERIALE', 2923.20, 3566.30, 'FATTURA DI ACCONTO SU FORNITURA PIASTRELLE'),
	(00001, '235', '2022-07-13', 'AVETTA', 66, 'BALCONI - MATERIALE', 340.20, 415.04, 'LUSERNA GRIGIA 29.7X59.5'),
	(00001, '234', '2022-07-13', 'AVETTA', 65, 'BALCONI - MATERIALE', 567.00, 691.74, 'LUSERNA GRIGIA 29.7X59.5 NATURALE'),
	(00001, '75', '2022-08-31', 'MAX SERVICE', 71, 'RISTRUTTURAZIONE - IMPIANTO ELETTRICO', 1870.00, 2281.40, NULL),
	(00001, '25', '2022-08-31', 'NORD EDIL', 55, 'CANTIERE - GRU', 700.00, 854.00, NULL),
	(00002, '25', '2022-08-31', 'NORD EDIL', 35, 'XX - MANODOPERA CANTIERE + MATERIALE EDILE', 35085.00, 42803.70, 'SAL VIA MANZONI 26'),
	(00003, '25', '2022-08-31', 'NORD EDIL', 67, 'XX - MANODOPERA CANTIERE + MATERIALE EDILE', 30695.00, 37447.90, 'SAL VIALE PAPA GIOVANNI'),
	(00004, '25', '2022-08-31', 'NORD EDIL', 80, 'CANTIERE - GRU', 1400.00, 1708.00, NULL),
	(00005, '25', '2022-08-31', 'NORD EDIL', 56, 'XX - MANODOPERA CANTIERE', 720.00, 878.40, NULL),
	(00001, '107', '2022-08-29', 'P.L. IMPIANTI', 54, 'CANTIERE - IMPIANTI ELETTRICI CANTIERE', 700.00, 854.00, 'FORNITURA E POSA DI ANTIFURTO DA PONTEGGIO, QUADRO 220V E MESSA A TERRA PONTEGGIO'),
	(00001, '106', '2022-08-29', 'P.L. IMPIANTI', 64, 'CANTIERE - IMPIANTI ELETTRICI CANTIERE', 800.00, 976.00, 'FORNITURA E POSA DI ANTIFURTO DA PONTEGGIO E MESSA A TERRA GRU E PONTEGGIO'),
	(00001, '105', '2022-08-29', 'P.L. IMPIANTI', 136, 'CANTIERE - IMPIANTI ELETTRICI CANTIERE', 350.00, 427.00, 'QUADRO E MESSA A TERRA PONTEGGIO'),
	(00001, '1520/02', '2022-08-04', 'PQRS ENGINEERING', 48, 'TETTO - OPERE IN C.A.', 78.50, 95.77, 'COMPRESSIONE PROVINI CUBICI + STAGIONATURA DI PROVINI'),
	(00001, '1522/02', '2022-08-04', 'PQRS ENGINEERING', 67, 'TETTO - OPERE IN C.A.', 44.50, 54.29, 'COMPRESSIONE PROVINI CUBICI'),
	(00001, '1523/02', '2022-08-04', 'PQRS ENGINEERING', 80, 'TETTO - OPERE IN C.A.', 44.50, 54.29, 'COMPRESSIONE PROVINI CUBICI'),
	(00001, '1525/02', '2022-08-04', 'PQRS ENGINEERING', 55, 'TETTO - OPERE IN C.A.', 48.50, 59.17, 'COMPRESSIONE PROVINI CUBICI + STAGIONATURA PROVINI'),
	(00001, '12', '2022-08-23', 'RELOVA', 27, 'CANTIERE - PONTEGGIO', 600.00, 732.00, NULL),
	(00002, '12', '2022-08-23', 'RELOVA', 27, 'RISTRUTTURAZIONE - SCALA INTERNA', 5000.00, 6100.00, 'SCALA INTERNA ACCONTO'),
	(00003, '12', '2022-08-23', 'RELOVA', 62, 'CANTIERE - PONTEGGIO', 1510.00, 1842.20, NULL),
	(00004, '12', '2022-08-23', 'RELOVA', 80, 'CANTIERE - PONTEGGIO', 600.00, 732.00, NULL),
	(00001, '54023', '2022-08-08', 'TAILORSAN', 8, 'CANTIERE - WC CHIMICO', 117.00, 142.74, NULL),
	(00001, '57205', '2022-08-21', 'TAILORSAN', 27, 'CANTIERE - WC CHIMICO', 40.00, 48.80, NULL),
	(00001, '58449', '2022-08-26', 'TAILORSAN', 13, 'CANTIERE - WC CHIMICO', 80.00, 97.60, NULL),
	(00001, '58461', '2022-08-26', 'TAILORSAN', 10, 'CANTIERE - WC CHIMICO', 115.00, 140.30, NULL),
	(00001, '58476', '2022-08-26', 'TAILORSAN', 48, 'CANTIERE - WC CHIMICO', 125.00, 152.50, NULL),
	(00001, '58477', '2022-08-26', 'TAILORSAN', 65, 'CANTIERE - WC CHIMICO', 130.00, 158.60, NULL),
	(00001, '41', '2022-08-04', 'PACCHIARDO MAURO', 27, 'TETTO - MANODOPERA', 590.00, 590.00, 'REALIZZAZIONE IN OPERA IN BOTTE IN LEGNO LAMELLARE'),
	(00002, '41', '2022-08-04', 'PACCHIARDO MAURO', 27, 'TETTO - MANODOPERA', 810.00, 810.00, 'REALIZZAZIONE IN OPERA IN BOTTE IN LEGNO LAMELLARE'),
	(00003, '41', '2022-08-04', 'PACCHIARDO MAURO', 27, 'TETTO - MANODOPERA', 580.00, 580.00, 'POSA IN OPERA DI VELUX'),
	(00004, '41', '2022-08-04', 'PACCHIARDO MAURO', 27, 'TETTO - MANODOPERA', 660.00, 660.00, 'POSA IN OPERA DI VELUX'),
	(00005, '41', '2022-08-04', 'PACCHIARDO MAURO', 27, 'SCHERMATURE SOLARI - MANODOPERA', 120.00, 120.00, 'POSA IN OPERA DI PERSIANE'),
	(00006, '41', '2022-08-04', 'PACCHIARDO MAURO', 27, 'SCHERMATURE SOLARI - MANODOPERA', 170.00, 170.00, 'POSA IN OPERA DI PERSIANE'),
	(00007, '41', '2022-08-04', 'PACCHIARDO MAURO', 27, 'TETTO - MANODOPERA', 360.00, 360.00, 'MODIFICA ORDITURA E RADICI TETTO COME VISTO CON VS. GEOMETRA'),
	(00008, '41', '2022-08-04', 'PACCHIARDO MAURO', 27, 'TETTO - MANODOPERA', 40.00, 40.00, 'RITIRO VS. MATERIALE PRESSO COVEMA'),
	(00001, '83898', '2022-08-31', 'IDROCENTRO', 165, 'CALDAIA/POMPA DI CALORE - ACCESSORI', 28.41, 34.66, 'CUVA, TUBO, TERMINALE SCARICO'),
	(00002, '83898', '2022-08-31', 'IDROCENTRO', 17, 'XX - ACCESSORI IDRAULICA', 767.66, 936.55, 'TUBI, CURVA, RACCORDI, PROLUNGA OTTONE'),
	(00003, '83898', '2022-08-31', 'IDROCENTRO', 0, 'XX - ACCESSORI IDRAULICA', 454.12, 554.03, 'TUBI RAME E HENCO'),
	(00004, '83898', '2022-08-31', 'IDROCENTRO', 55, 'XX - BOILER + ACCESSORI IDRAULICA', 2914.30, 3555.45, 'DA DIVIDERE SU PIU LAVORAZIONI: BOILER, ACCESSORI, RISCALDAMENTO...'),
	(00001, '124', '2022-08-29', 'ABRAMO', 146, 'CANTIERE - PONTEGGIO', 7900.00, 9638.00, NULL),
	(00001, '8083', '2022-08-25', 'BAUDUCCO', 146, 'TETTO - MATERIALE', 5000.00, 6100.00, 'ANTICIPO FORNITURA PER LEGNAME PREV. 14884 22/08/22'),
	(00001, '3927/01', '2022-08-31', 'ECOGREEN', 146, 'SMALTIMENTO MACERIE/RIFIUTI', 50.00, 61.00, NULL),
	(00001, '121', '2022-07-12', 'ART OF STONE - GIOVALE JACOPO', 148, 'SERRAMENTI - FORNITURA DAVANZALI', 372.52, 454.47, 'FATTURA DI ACCONTO PER LAVORATI IN SERIZZO (SOGLIE E DAVANZALI)'),
	(00001, '129', '2022-07-12', 'ART OF STONE - GIOVALE JACOPO', 148, 'SERRAMENTI - FORNITURA DAVANZALI', 602.48, 735.03, 'LAVORATI IN SERIZZO LUCIDO PER SOGLIE E DAVANZALI'),
	(00002, '129', '2022-07-12', 'ART OF STONE - GIOVALE JACOPO', 148, 'XX - GRADINI IN PIETRA', 264.00, 322.08, 'N.2 GRADINI IN PIETRA'),
	(00001, '121', '2022-08-04', 'AT ELETTROIMPIANTI', 149, 'XX - IMPIANTO ALIMENTAZIONE POMPA DI CALORE', 2000.00, 2000.00, 'REALIZZAZIONE NUOVO QUADRO DI DISTRIBUZIONE E POSA LINEE DI ALIMENTAZIONE MACCHINE INTERNA ED ESTERNA DI CLIMATIZZAZIONE'),
	(00001, '27', '2022-08-04', 'EDILMANCUSO', 149, 'XX - MANODOPERA CANTIERE + MATERIALE EDILE', 5000.00, 5000.00, 'LAVORI EDILI'),
	(00001, '37', '2022-08-23', 'AL-FA SERVICE', 154, 'SERRAMENTI + SCHERMATURE SOLARI + ALTRO', 11639.52, 14200.21, 'ACCONTO SU CONFERMA ORDINE 54 DEL 23/08/22'),
	(00001, '71', '2022-07-23', 'DE LEO ANTONIO', 155, 'TETTO - PROGETTO', 1340.00, 1340.00, NULL),
	(00001, '142', '2022-08-12', 'COAN', 155, 'CANTIERE - PONTEGGIO', 12463.70, 12463.70, NULL),
	(00001, '54056', '2022-08-08', 'TAILORSAN', 155, 'CANTIERE - WC CHIMICO', 117.00, 142.74, NULL),
	(00001, '11', '2022-08-31', 'DE MASI MATTIA', 156, 'TETTO - MANODOPERA', 1800.00, 1800.00, 'INTERVENTO PER RIFACIMENTO TETTO'),
	(00001, '10', '2022-08-31', 'SARACINO LUIGI RAFFAELE', 156, 'TETTO - MANODOPERA', 2500.00, 2500.00, 'SMANTELLAMENTO E RIFACIMENTO TETTO'),
	(00001, '36', '2022-07-31', 'INFUSO ANDREA', 165, 'PRESTAZIONE PROFESSIONALE COORDINAMENTO CANTIERE', 1560.00, 1603.20, NULL),
	(00001, '1524/02', '2022-08-04', 'PQRS ENGINEERING', 168, 'TETTO - OPERE IN C.A.', 44.50, 54.29, 'COMPRESSIONE PROVINI CUBICI'),
	(00001, '20', '2022-08-13', 'RZ COSTRUZIONI', 168, 'XX - MANODOPERA CANTIERE', 2200.00, 2200.00, 'REALIZZAZIONE MURATURE PER TAMPONAMENTI INTERNI ED ESTERNI'),
	(00001, '58475', '2022-08-26', 'TAILORSAN', 168, 'CANTIERE - WC CHIMICO', 250.00, 305.00, NULL),
	(00001, '279', '2022-08-22', 'G.O. RAPPRESENTANZE', 169, 'FOTOVOLTAICO - LINEA VITA', 1408.32, 1408.32, NULL),
	(00001, '37', '2022-07-31', 'INFUSO ANDREA', 169, 'PRESTAZIONE PROFESSIONALE COORDINAMENTO CANTIERE', 1560.00, 1603.20, NULL),
	(00001, '38', '2022-07-31', 'INFUSO ANDREA', 172, 'PRESTAZIONE PROFESSIONALE COORDINAMENTO CANTIERE', 1560.00, 1603.20, NULL),
	(00001, '1802', '2022-08-03', 'ENERGY DUEGI', 173, 'FOTOVOLTAICO - STRUTTURA SOSTEGNO', 621.74, 684.00, NULL),
	(00001, '19', '2022-08-13', 'RZ COSTRUZIONI', 176, 'XX - MANODOPERA CANTIERE', 9500.00, 9500.00, 'POSA TETTO COMPLETO DI GROSSA E PICCOLA ORDITURA, PERLINATO, ISOLANTE E TEGOLE. POSA DI 8 PUTRELLE. POSA PILASTRO PER SOSTEGNO CAPRIATA. REALIZZAZIONE SCAVO CON POSA TUBAZIONE COMPRESO IL CARICO E IL TRASPORTO. GETTO DI PLINTO E RIPRISTINO PAVIMENTAZIONE.'),
	(00001, '59335', '2022-08-30', 'TAILORSAN', 176, 'CANTIERE - WC CHIMICO', 125.00, 152.50, NULL),
	(00001, '278', '2022-08-22', 'G.O. RAPPRESENTANZE', 184, 'FOTOVOLTAICO - LINEA VITA', 1970.85, 1970.85, NULL),
	(00001, '39', '2022-07-31', 'INFUSO ANDREA', 184, 'PRESTAZIONE PROFESSIONALE COORDINAMENTO CANTIERE', 1560.00, 1603.20, NULL),
	(00001, '268', '2022-08-22', 'G.O. RAPPRESENTANZE', 187, 'FOTOVOLTAICO - LINEA VITA', 828.84, 828.84, NULL),
	(00001, '40', '2022-07-31', 'INFUSO ANDREA', 187, 'PRESTAZIONE PROFESSIONALE COORDINAMENTO CANTIERE', 1560.00, 1603.20, NULL),
	(00001, '41', '2022-07-31', 'INFUSO ANDREA', 188, 'PRESTAZIONE PROFESSIONALE COORDINAMENTO CANTIERE', 1560.00, 1603.20, NULL),
	(00001, '66', '2022-07-11', 'BRUNO PONTEGGI', 1013, 'CANTIERE - PONTEGGIO', 32000.00, 39040.00, NULL),
	(00001, '50', '2022-08-12', 'EDILIZIA GENERALE FORTUNATA', 1013, 'FACCIATA + BALCONI', 5000.00, 5500.00, 'ACCONTO SU LAVORI DI RISANAMENTO E TINTEGGIATURA FACCIATE E RINGHIERE'),
	(00001, '58450', '2022-08-26', 'TAILORSAN', 1013, 'CANTIERE - WC CHIMICO', 125.00, 152.50, NULL),
	(00001, '27', '2022-07-04', 'AL-FA SERVICE', NULL, 'SERRAMENTI + SCHERMATURE SOLARI + ALTRO', 2716.00, 3313.52, 'ACCONTO SU CONFERMA ORDINE 49 DEL 04/07/22'),
	(00001, '58471', '2022-08-26', 'TAILORSAN', 1013, 'CANTIERE - WC CHIMICO', 125.00, 152.50, NULL),
	(00001, '30', '2022-07-04', 'AL-FA SERVICE', NULL, 'SERRAMENTI + SCHERMATURE SOLARI + ALTRO', 1880.00, 2293.60, 'ACCONTO SU CONFERMA ORDINE 52 DEL 04/07/22'),
	(00001, '240', '2022-07-15', 'AVETTA', NULL, 'RISTRUTTURAZIONE - BAGNO', 1096.50, 1337.73, 'FATTURA DI ACCONTO SU FORNITURA BAGNI - RIF. ORDINE 189 DEL 15/07/22 - CADEDDU'),
	(00001, '7709', '2022-07-30', 'BAUDUCCO', 176, 'TETTO - MATERIALE', 5569.24, 6794.47, NULL),
	(00002, '7709', '2022-07-30', 'BAUDUCCO', 176, 'TETTO - PERLINE', 1582.56, 1930.72, NULL),
	(00001, '26', '2022-08-08', 'CASCINO PIER ANTONIO', NULL, 'XX - MANODOPERA CANTIERE', 2000.00, 2000.00, NULL),
	(00001, '2/186', '2022-07-26', 'CENTORAME', NULL, 'TETTO - LATTONERIA', 102.40, 124.93, 'VERNICIATURA PROFILI E TAPPI - DDT 1/345 05/07/22, DDT 1/385 25/07/22'),
	(00001, '1352', '2022-08-31', 'EMMEFFE', NULL, 'XX - CLIMATIZZATORE', 336.00, 409.92, 'CLIMATIZZATORE MONOSPLIT SMART INVERTER'),
	(00002, '1352', '2022-08-31', 'EMMEFFE', NULL, 'XX - PIASTRELLE', 920.28, 1122.74, 'ESAG. BOURBON STREET, RIV. 20X20, PROTERMINAL ALL.VERNICIATO, ETERNA BEIGE NATURALE, LAVORAZIONE BATTISCOPA'),
	(00001, '41', '2022-08-11', 'SOFRONI IULIAN DANIEL', 5, 'XX - MANODOPERA CANTIERE', 15000.00, 15000.00, 'ACCONTO PER LAVORO DI RISTRUTTURAZIONE'),
	(00001, '285', '2022-08-31', 'TORINO CHIAVI', 48, 'CANTIERE - GRU', 700.00, 854.00, 'SEGNATO CANTIERE VIA FORVILLA SU FATTURA'),
	(00001, '15', '2022-08-04', 'IMBESI MARIANO', NULL, 'AMMISTRATORE DI CONDOMINIO', 3782.00, 3782.00, NULL),
	(00001, '18', '2022-07-16', 'MANICCHIA ANDREA', NULL, 'CONSULENZA TECNICA', 55517.33, 57156.41, 'DA DIVIDERE SU: 28-13-66-72-35-86-149-69-62-27-3-106-122-133-1-157-10-67'),
	(00001, '18', '2022-09-03', 'PFA CONSULTING', NULL, 'CONSULENZA TECNICA', 28935.52, 35301.33, 'DA DIVIDERE SU: 80-134-148-165-173-135-176-190-03-62'),
	(00001, '9', '2022-08-16', 'FLORE MARIUS FLORIN', NULL, 'XX - MANODOPERA CANTIERE', 4202.00, 4202.00, 'CAPPOTTO A SOFFITTO BERTOTTI - LAVORI MUSSINO'),
	(00001, '21', '2022-08-02', 'EL KETTANI HASSAN', NULL, 'XX - MANODOPERA CANTIERE', 9900.00, 9900.00, 'LAVORI VIALE PAPA GIOVANNI 7-9 E VIA VENARIA 6'),
	(00001, '14', '2022-08-02', 'GRANGETTO MARICA', NULL, 'XX - CONSULENZA ARTISTICA', 37.31, 38.80, 'CONSULENZA ARTISTICA VIA MASSENA'),
	(00002, '14', '2022-08-02', 'GRANGETTO MARICA', NULL, 'XX - CONSULENZA ARTISTICA', 111.60, 116.06, 'CONSULENZA ARTISTICA ESTERNI ALASSIO'),
	(00003, '14', '2022-08-02', 'GRANGETTO MARICA', NULL, 'XX - CONSULENZA ARTISTICA', 292.68, 304.39, 'CONSULENZA ARTISTICA RIVALTA'),
	(00001, '18', '2022-07-14', 'CNC IMPIANTI', NULL, 'ISOLAMENTO - MONTAGGIO VENTOLE', 362.00, 362.00, 'DA DIVIDERE SU: VIA MOSELE 24, 184 E 154'),
	(00001, '15', '2022-08-08', 'RANDOLFI ALDO', NULL, 'GESTIONE CANTIERI', 3677.00, 3677.00, NULL),
	(00001, '1', '2022-08-31', 'CIRAVEGNA ALESSANDRO', NULL, 'GESTIONE CANTIERI', 2700.00, 2702.00, NULL),
	(00001, '12', '2022-08-05', 'BUFFO MICKAEL', NULL, 'GESTIONE CANTIERI', 3150.00, 3152.00, NULL),
	(00001, '66', '2022-08-11', 'TOMASELLO MONICA', NULL, 'XX - PULIZIA', 12500.00, 12502.00, 'DA DIVIDERE SU: 22-72-35-69-55-90-173'),
	(00001, '7708', '2022-07-30', 'BAUDUCCO', NULL, 'TETTO - MATERIALE', 10.20, 12.44, 'VITI - DDT 17781 DEL 04/07/22'),
	(00002, '7708', '2022-07-30', 'BAUDUCCO', NULL, 'TETTO - MATERIALE', 71.00, 86.62, 'VITI - DDT 17781 DEL 04/07/22'),
	(00003, '7708', '2022-07-30', 'BAUDUCCO', NULL, 'TETTO - MATERIALE', 94.00, 114.68, 'VITI - DDT 17781 DEL 04/07/22'),
	(00004, '7708', '2022-07-30', 'BAUDUCCO', NULL, 'TETTO - PERLINE', 513.00, 625.86, 'PERLINE - DDT 17781 DEL 04/07/22'),
	(00005, '7708', '2022-07-30', 'BAUDUCCO', NULL, 'TETTO - MATERIALE', 760.00, 927.20, 'TAVOLE - DDT 17781 DEL 04/07/22'),
	(00006, '7708', '2022-07-30', 'BAUDUCCO', NULL, 'TETTO - MATERIALE', 526.40, 642.21, 'REMMA - DDT 17781 DEL 04/07/22'),
	(00007, '7708', '2022-07-30', 'BAUDUCCO', NULL, 'TETTO - MATERIALE', 50.00, 61.00, 'LAVORAZIONE - DDT 17781 DEL 04/07/22'),
	(00008, '7708', '2022-07-30', 'BAUDUCCO', NULL, 'TETTO - MATERIALE', 182.36, 222.48, 'TRAVE - DDT 17780 DEL 05/07/22'),
	(00009, '7708', '2022-07-30', 'BAUDUCCO', NULL, 'TETTO - MATERIALE', 94.00, 114.68, 'VITI - DDT 17780 DEL 05/07/22'),
	(00010, '7708', '2022-07-30', 'BAUDUCCO', NULL, 'TETTO - MATERIALE', 149.00, 181.78, 'VITI - DDT 17780 DEL 05/07/22'),
	(00011, '7708', '2022-07-30', 'BAUDUCCO', NULL, 'TETTO - MATERIALE', 24057.00, 29349.54, 'TAVOLE DA PONTE - DDT 18061 DEL 06/07/22'),
	(00012, '7708', '2022-07-30', 'BAUDUCCO', 55, 'TETTO - MATERIALE', 638.40, 778.85, 'TAVOLE - DDT 18411 DEL 11/07/22'),
	(00013, '7708', '2022-07-30', 'BAUDUCCO', 105, 'TETTO - MATERIALE', 300.70, 366.85, 'TRAVE - DDT 18876 DEL 14/07/22'),
	(00014, '7708', '2022-07-30', 'BAUDUCCO', 55, 'TETTO - MATERIALE', 3680.10, 4489.72, 'TRAVE - DDT 19327 DEL 19/07/22'),
	(00015, '7708', '2022-07-30', 'BAUDUCCO', 55, 'TETTO - MATERIALE', 400.00, 488.00, 'RILIEVI E DISEGNI - DDT 19327 DEL 19/07/22'),
	(00016, '7708', '2022-07-30', 'BAUDUCCO', 55, 'TETTO - MATERIALE', 64.53, 78.73, 'IMPREGNATURA - DDT 19327 DEL 19/07/22'),
	(00017, '7708', '2022-07-30', 'BAUDUCCO', 55, 'TETTO - MATERIALE', 105.75, 129.01, 'TAGLI - DDT 19327 DEL 19/07/22'),
	(00018, '7708', '2022-07-30', 'BAUDUCCO', 55, 'TETTO - PERLINE', 768.00, 936.96, 'PERLINE - DDT 19327 DEL 19/07/22'),
	(00019, '7708', '2022-07-30', 'BAUDUCCO', 55, 'TETTO - PERLINE', 129.60, 158.11, 'IMPREGNATURA PERLINE - DDT 19327 DEL 19/07/22'),
	(00020, '7708', '2022-07-30', 'BAUDUCCO', 55, 'TETTO - MATERIALE', 1596.00, 1947.12, 'TAVOLE - DDT 19327 DEL 19/07/22'),
	(00021, '7708', '2022-07-30', 'BAUDUCCO', 55, 'TETTO - MATERIALE', 285.00, 347.70, 'FRENO VAPORE - DDT 19327 DEL 19/07/22'),
	(00022, '7708', '2022-07-30', 'BAUDUCCO', 55, 'TETTO - MATERIALE', 858.00, 1046.76, 'LISTELLI - DDT 19327 DEL 19/07/22'),
	(00023, '7708', '2022-07-30', 'BAUDUCCO', 55, 'TETTO - MATERIALE', 22.50, 27.45, 'BARRE - DDT 19327 DEL 19/07/22'),
	(00024, '7708', '2022-07-30', 'BAUDUCCO', 55, 'TETTO - MATERIALE', 5.50, 6.71, 'DADI E RONDELLE - DDT 19327 DEL 19/07/22'),
	(00025, '7708', '2022-07-30', 'BAUDUCCO', 55, 'TETTO - MATERIALE', 19.20, 23.42, 'TASSELLI - DDT 19327 DEL 19/07/22'),
	(00026, '7708', '2022-07-30', 'BAUDUCCO', 55, 'TETTO - MATERIALE', 102.80, 125.42, 'VITI - DDT 19327 DEL 19/07/22'),
	(00027, '7708', '2022-07-30', 'BAUDUCCO', 55, 'TETTO - MATERIALE', 67.20, 81.98, 'VITI - DDT 19327 DEL 19/07/22'),
	(00028, '7708', '2022-07-30', 'BAUDUCCO', 55, 'TETTO - MATERIALE', 70.00, 85.40, 'VITI - DDT 19327 DEL 19/07/22'),
	(00029, '7708', '2022-07-30', 'BAUDUCCO', NULL, 'TETTO - MATERIALE', 163.20, 199.10, 'TRAVE - DDT 19743 DEL 23/07/22'),
	(00030, '7708', '2022-07-30', 'BAUDUCCO', NULL, 'TETTO - MATERIALE', 102.80, 125.42, 'VITI - DDT 19743 DEL 23/07/22'),
	(00001, '974', '2022-07-18', 'AMAG', 0, 'XX - MATERIALE EDILE', 6117.00, 7462.74, NULL),
	(00001, '1060', '2022-07-28', 'AMAG', 0, 'XX - MATERIALE EDILE', 458.50, 559.37, NULL),
	(00001, '1096', '2022-08-24', 'AMAG', 0, 'XX - MATERIALE EDILE', 2643.18, 3224.68, NULL),
	(00001, '1114', '2022-08-24', 'AMAG', 0, 'XX - MATERIALE EDILE', 8313.22, 10142.13, NULL),
	(00001, '1136', '2022-08-31', 'AMAG', 0, 'XX - MATERIALE EDILE', 286.31, 349.30, NULL),
	(00001, '20', '2022-07-22', 'BUSINESS EDILIZIA DI MAIDA ANDREA', NULL, 'PONTEGGIO - MATERIALE ACCESSORIO', 5680.50, 6930.21, 'TUBO, MORSETTI, SPINOTTI, BASETTE REGOLABILI'),
	(00001, '21', '2022-08-18', 'BUSINESS EDILIZIA DI MAIDA ANDREA', 0, 'PONTEGGIO - MATERIALE ACCESSORIO', 5680.50, 6930.21, 'TUBO, MORSETTI, SPINOTTI, BASETTE REGOLABILI'),
	(00001, '2182', '2022-07-30', 'CAVE DRUENTO', 0, 'XX - MATERIALE EDILE', 3242.50, 3955.85, 'CLS, SABBIA'),
	(00001, '2541', '2022-08-31', 'CAVE DRUENTO', 0, 'XX - MATERIALE EDILE', 346.50, 422.73, 'CLS'),
	(00001, '28027', '2022-07-30', 'CENTRO EDILE', 0, 'ISOLAMENTO - FORNITURA ISOLANTE', 11471.00, 13994.62, 'LASTRE EPS 500X1000X120'),
	(00001, '842/A', '2022-07-04', 'CENTRO EDILE', 0, 'ISOLAMENTO - FORNITURA ISOLANTE', 8196.72, 10000.00, 'LASTRE EPS 500X1000X120'),
	(00001, '838', '2022-08-31', 'CHINO E BATTAGLIO', 0, 'XX - UTENSILERIA', 14.75, 18.00, 'SEGACCIO'),
	(00001, '307', '2022-08-31', 'COSSO', 0, 'XX - MATERIALE EDILE', 10.20, 12.44, 'MALTA GRIGIA'),
	(00002, '307', '2022-08-31', 'COSSO', 0, 'XX - UTENSILERIA', 163.00, 198.86, 'CATENA MOTOSEGA, MAGLIE, PENNELLI, PUNTE, MANDRINO'),
	(00001, '6592', '2022-08-09', 'COVER', 0, 'XX - UTENSILERIA', 1.80, 2.20, 'MANICO PER RULLI'),
	(00002, '6592', '2022-08-09', 'COVER', 0, 'XX - UTENSILERIA', 4.80, 5.86, 'RULLO'),
	(00003, '6592', '2022-08-09', 'COVER', 0, 'XX - MATERIALE EDILE', 42.46, 51.80, 'PRIMER'),
	(00004, '6592', '2022-08-09', 'COVER', 0, 'XX - MATERIALE EDILE', 100.59, 122.72, 'MM BASE'),
	(00001, '6610', '2022-08-09', 'COVER', 0, 'XX - MATERIALE EDILE', 118.48, 144.55, 'VERNICI'),
	(00001, '6634', '2022-08-10', 'COVER', 0, 'XX - MATERIALE EDILE', 8.95, 10.92, 'VERNICE'),
	(00001, '1352', '2022-08-05', 'CREATIVE PROFILI', 0, 'XX - LATTONERIA', 790.64, 964.58, 'DDT 2641 DEL 05/08/22, ODV 354 DEL 03/08/22'),
	(00001, '1494', '2022-08-31', 'CREATIVE PROFILI', 0, 'XX - LATTONERIA', 2723.61, 3322.80, 'DDT 2687 DEL 10/08/22, ODV 356 DEL 05/0/22'),
	(00001, '915', '2022-08-31', 'CS EDIL', 0, 'XX - MATERIALE EDILI + UTENSILERIA', 7697.65, 9391.13, NULL),
	(00001, '2204796', '2022-08-12', 'EMMETI STORE', 0, 'ISOLAMENTO - FORNITURA ISOLANTE', 7980.00, 9735.60, 'CAPPOTTO 120 MM'),
	(00001, '2205023', '2022-08-31', 'EMMETI STORE', 0, 'XX - MATERIALE EDILE', 593.76, 724.39, 'FISSATIVO, SACCHI, INTONACHINO, NASTRO, ANGOLARE PVC'),
	(00001, '2205026', '2022-08-31', 'EMMETI STORE', 0, 'XX - MATERIALE EDILE', 2761.89, 3369.51, 'INTONACHINO, ANGOLARE'),
	(00001, '2205045', '2022-08-31', 'EMMETI STORE', 0, 'XX - MATERIALE EDILI + UTENSILERIA', 1652.36, 2015.88, NULL),
	(00001, '2204967', '2022-08-29', 'EMMEFFE', 0, 'XX - MATERIALE EDILE', 11519.20, 14053.42, 'DDT 22050025 DEL 04/08/22 - IMPASTA KUBO HT GRIGIO 25KG'),
	(00001, '1832', '2022-08-05', 'ENERGY DUEGI', 0, 'FOTOVOLTAICO - STRUTTURA SOSTEGNO', 68.56, 76.00, NULL),
	(00001, '1/5829', '2022-08-26', 'FOREDILE', 0, 'XX - UTENSILERIA', 128.00, 156.16, 'TASSELLI, SACCHI'),
	(00001, '970', '2022-08-08', 'ROMANO GERARDO', 0, 'XX - LATTONERIA', 328.04, 400.21, NULL),
	(00001, '77208', '2022-07-30', 'IDROCENTRO', 0, 'CALDAIA/POMPA DI CALORE - ACCESSORI', 156.15, 190.50, 'BOLLA 01/0/24147 DEL 21/07/22 - SENS. TEMP. AMB. E UMIDITA'),
	(00002, '77208', '2022-07-30', 'IDROCENTRO', 0, 'CALDAIA/POMPA DI CALORE - ACCESSORI', 3.12, 3.81, 'BOLLA 01/0/24147 DEL 21/07/22 - TRASPORTO'),
	(00003, '77208', '2022-07-30', 'IDROCENTRO', 0, 'CALDAIA/POMPA DI CALORE - FORNITURA CALDAIA', 32898.74, 40136.46, 'BOLLA 11/0/11383 DEL 19/07/22 - CLAS ONE HYBRID NET (CALDAIE IBRIDE)'),
	(00004, '77208', '2022-07-30', 'IDROCENTRO', 0, 'CALDAIA/POMPA DI CALORE - ACCESSORI', 309.95, 378.14, 'BOLLA 11/0/11383 DEL 19/07/22 - KIT RACCOLTA'),
	(00005, '77208', '2022-07-30', 'IDROCENTRO', 0, 'CALDAIA/POMPA DI CALORE - ACCESSORI', 871.55, 1063.29, 'BOLLA 11/0/11383 DEL 19/07/22 - KIT EXOGEL'),
	(00006, '77208', '2022-07-30', 'IDROCENTRO', 0, 'CALDAIA/POMPA DI CALORE - ACCESSORI', 380.87, 464.66, 'BOLLA 11/0/11383 DEL 19/07/22 - KIT BY-PASS DIFFERENZIALE'),
	(00007, '77208', '2022-07-30', 'IDROCENTRO', 0, 'CALDAIA/POMPA DI CALORE - ACCESSORI', 656.41, 800.82, 'BOLLA 11/0/11383 DEL 19/07/22 - PIEDINI ANTIVIBRANTI'),
	(00008, '77208', '2022-07-30', 'IDROCENTRO', 0, 'CALDAIA/POMPA DI CALORE - ACCESSORI', 1620.61, 1977.14, 'BOLLA 11/0/11383 DEL 19/07/22 - BOL.VB 50 C/4 ATT.'),
	(00001, '3896', '2022-08-30', 'LINEA 5', 0, 'XX - UTENSILERIA', 4263.80, 5201.84, 'DDT 5941 DEL 29/08/22'),
	(00001, '3927', '2022-08-31', 'LINEA 5', 0, 'XX - UTENSILERIA', 1571.95, 1917.78, NULL),
	(00001, '58470', '2022-08-26', 'TAILORSAN', 0, 'CANTIERE - WC CHIMICO', 65.00, 79.30, NULL),
	(00001, '4281111754', '2022-08-31', 'WUERTH', 0, 'FOTOVOLTAICO - STRUTTURA SOSTEGNO', 321.95, 392.78, 'ELEM. GIUNZ.P PROFILATO SOLAR 39X37'),
	(00001, '029985', '2022-08-31', 'ZEROUNO', 0, 'XX - MATERIALE ELETTRICO', 192.35, 234.67, NULL),
	(00001, '030097', '2022-08-31', 'ZEROUNO', 0, 'XX - MATERIALE ELETTRICO', 6207.16, 7572.74, NULL),
	(00001, '125', '2022-07-18', 'COAN', 133, 'CANTIERE - PONTEGGIO', 615.00, 615.00, NULL),
	(00001, '126', '2022-07-18', 'COAN', 2, 'CANTIERE - PONTEGGIO', 5715.00, 5715.00, NULL),
	(00001, '136', '2022-07-31', 'COAN', 48, 'CANTIERE - PONTEGGIO', 252.00, 252.00, NULL),
	(00001, '1', '2022-07-29', 'COMITE FEDERICO', 66, 'XX - MANODOPERA CANTIERE', 15000.00, 15000.00, NULL),
	(00001, '276', '2022-07-30', 'COSSO', 154, 'XX - UTENSILERIA', 58.96, 71.93, 'PENNELLI, NASTRI, SECCHI'),
	(00001, '277', '2022-07-30', 'COSSO', 71, 'XX - MATERIALE EDILI + UTENSILERIA', 167.19, 203.97, 'RETE ELETTR., SMUSSO, ADDITIVO PER MASSETTO, DISCO TAGLIO'),
	(00001, '278', '2022-07-30', 'COSSO', 0, 'XX - MATERIALE EDILI + UTENSILERIA', 58.86, 71.81, 'DILUENTE NITRO, PENNELLO, TEGOLA AEREAZIONE'),
	(00001, '5463', '2022-07-01', 'COVER', 0, 'XX - MATERIALE EDILE', 185.01, 225.71, NULL),
	(00001, '5619', '2022-07-06', 'COVER', 0, 'XX - MATERIALE EDILE', 74.75, 91.20, NULL),
	(00001, '5833', '2022-07-14', 'COVER', 0, 'XX - MATERIALE EDILE', 59.24, 72.27, NULL),
	(00001, '800', '2022-07-30', 'CS EDIL', 0, 'XX - MATERIALE EDILI + UTENSILERIA', 30944.05, 37751.74, NULL),
	(00001, '8', '2022-07-25', 'FIORENZA DAVIDE', 66, 'XX - MANODOPERA CANTIERE', 870.00, 872.00, NULL),
	(00001, '179', '2022-07-30', 'DEA AUTOMATION', 110, 'FOTOVOLTAICO - INSTALLAZIONE', 1000.00, 1220.00, NULL),
	(00001, '180', '2022-07-30', 'DEA AUTOMATION', 1, 'FOTOVOLTAICO - INSTALLAZIONE', 1600.00, 1952.00, NULL),
	(00001, '181', '2022-07-30', 'DEA AUTOMATION', 162, 'FOTOVOLTAICO - INSTALLAZIONE', 1600.00, 1952.00, NULL),
	(00001, '90', '2022-07-26', 'DI GIROLAMO GIULIANO', 151, 'XX - MANODOPERA CANTIERE', 5400.00, 5400.00, NULL),
	(00001, '3527/01', '2022-07-30', 'ECOGREEN', NULL, 'SMALTIMENTO MACERIE/RIFIUTI', 360.00, 439.20, 'CANTIERE VIA UGO FOSCOLO DRUENTO'),
	(00001, '3528/01', '2022-07-30', 'ECOGREEN', 10, 'SMALTIMENTO MACERIE/RIFIUTI', 100.00, 122.00, NULL),
	(00001, '3529/01', '2022-07-30', 'ECOGREEN', 141, 'SMALTIMENTO MACERIE/RIFIUTI', 1534.20, 1871.72, NULL),
	(00001, '3530/01', '2022-07-30', 'ECOGREEN', 28, 'SMALTIMENTO MACERIE/RIFIUTI', 100.00, 122.00, NULL),
	(00001, '3531/01', '2022-07-30', 'ECOGREEN', 1013, 'SMALTIMENTO MACERIE/RIFIUTI', 200.00, 244.00, NULL),
	(00001, '3532/01', '2022-07-30', 'ECOGREEN', 168, 'SMALTIMENTO MACERIE/RIFIUTI', 408.00, 497.76, NULL),
	(00001, '3533/01', '2022-07-30', 'ECOGREEN', 48, 'SMALTIMENTO MACERIE/RIFIUTI', 5411.00, 6601.42, NULL),
	(00001, '3534/01', '2022-07-30', 'ECOGREEN', 80, 'SMALTIMENTO MACERIE/RIFIUTI', 974.00, 1188.28, NULL),
	(00001, '3535/01', '2022-07-30', 'ECOGREEN', 56, 'SMALTIMENTO MACERIE/RIFIUTI', 426.00, 519.72, NULL),
	(00001, '3536/01', '2022-07-30', 'ECOGREEN', 151, 'SMALTIMENTO MACERIE/RIFIUTI', 230.00, 280.60, 'BIG BAG PER LANA DI ROCCIA'),
	(00001, '3537/01', '2022-07-30', 'ECOGREEN', 57, 'SMALTIMENTO MACERIE/RIFIUTI', 100.00, 122.00, NULL),
	(00001, '3538/01', '2022-07-30', 'ECOGREEN', 151, 'SMALTIMENTO MACERIE/RIFIUTI', 130.00, 158.60, NULL),
	(00001, '3539/01', '2022-07-30', 'ECOGREEN', 66, 'SMALTIMENTO MACERIE/RIFIUTI', 1224.00, 1493.28, NULL),
	(00001, '3540/01', '2022-07-30', 'ECOGREEN', 13, 'SMALTIMENTO MACERIE/RIFIUTI', 100.00, 122.00, NULL),
	(00001, '64', '2022-06-30', 'EDISYS', 24, 'FOTOVOLTAICO - INSTALLAZIONE', 1200.00, 1464.00, NULL),
	(00001, '169', '2022-07-05', 'ELETTRICA SAMU', 133, 'XX - MANODOPERA CANTIERE', 2000.00, 2440.00, NULL),
	(00001, '2204377', '2022-07-27', 'EMMETI STORE', 0, 'ISOLAMENTO - FORNITURA ISOLANTE', 7980.00, 9735.60, 'CAPPOTTO 120 MM'),
	(00001, '1250', '2022-07-28', 'EMMEFFE', NULL, 'XX - FORNITURA PIASTRELLE', 6034.17, 7361.69, NULL),
	(00001, '1279', '2022-07-28', 'EMMEFFE', 0, 'CALDAIA/POMPA DI CALORE - FORNITURA CALDAIA', 7200.00, 8784.00, NULL),
	(00001, '2204461', '2022-07-29', 'EMMETI STORE', 0, 'XX - MATERIALE EDILE', 2559.12, 3122.13, NULL),
	(00001, '2204463', '2022-07-29', 'EMMETI STORE', 0, 'XX - MATERIALE EDILE', 827.57, 1009.64, 'INTONACHINO, ANGOLARE'),
	(00001, '2204474', '2022-07-29', 'EMMETI STORE', 0, 'XX - MATERIALE EDILE', 1172.75, 1430.75, 'PRIMER'),
	(00001, '2204216', '2022-07-21', 'EMMETI STORE', 0, 'ISOLAMENTO - FORNITURA ISOLANTE', 7980.00, 9735.60, 'CAPPOTTO 120MM'),
	(00001, '2204425', '2022-07-29', 'EMMETI STORE', 0, 'XX - MATERIALE EDILE', 2973.04, 3627.11, NULL),
	(00001, '2204473', '2022-07-29', 'EMMETI STORE', 0, 'XX - MATERIALE EDILE', 1078.20, 1315.40, 'INTONACHINO, FISSATIVO'),
	(00001, '95', '2022-07-29', 'KEY SOLAR', 0, 'IMPIANTO SOLARE - MATERIALE', 1550.94, 1718.24, NULL),
	(00001, '2937', '2022-07-29', 'FAI', 0, 'XX - MATERIALE ELETTRICO', 221.30, 269.99, 'FARETTO IN GESSO QUADRATO'),
	(00001, '2938', '2022-07-29', 'FAI', 0, 'XX - MATERIALE ELETTRICO', 575.00, 701.50, 'CAVO TONDO, ROSONE, SERRACAVO'),
	(00001, '628', '2022-07-04', 'FELICE FRANCESCO', 1038, 'XX - MANODOPERA CANTIERE', 2200.00, 2200.00, 'ESECUZIONE DI MASSETTO TRADIZIONALE FIBRATO'),
	(00001, '16', '2022-07-12', 'PUGLIESE FRANCESCO', 69, 'XX - MANODOPERA CANTIERE', 30000.00, 36600.00, NULL),
	(00001, 'PARCELLA_30.07.22', '2022-07-30', 'SITA\' FRANCESCO', 173, 'CONSULENZA TECNICA', 4162.00, 4162.00, NULL),
	(00001, '1/142', '2022-07-29', 'FRASER', 176, 'TETTO - MATERIALE', 2000.00, 2440.00, 'FORNITURA PUTRELLE'),
	(00001, '10', '2022-05-31', 'FS COSTRUZIONI', 65, 'TETTO - MANODOPERA', 44000.00, 53680.00, 'CONSOLIDAMENTO STRUTTURALE DELLA SOLETTA, RIMOZIONE E NUOVA COSTRUZIONE DEL TETTO'),
	(00001, '20', '2022-07-31', 'FS COSTRUZIONI', 48, 'TETTO - MANODOPERA', 50000.00, 61000.00, 'RIMOZIONE E NUOVA REALIZZAZIONE DI TETTO'),
	(00001, '21', '2022-07-31', 'FS COSTRUZIONI', 80, 'TETTO - MANODOPERA', 13468.00, 16430.96, 'RIMOZIONE E NUOVA REALIZZAZIONE TETTO'),
	(00001, '43', '2022-07-11', 'GABER', 55, 'CANTIERE - PONTEGGIO', 2696.00, 2696.00, NULL),
	(00001, '55', '2022-09-09', 'GABER', 130, 'CANTIERE - PONTEGGIO', 3000.00, 3000.00, NULL),
	(00001, '175', '2022-06-30', 'GARNERO', NULL, 'XX - TRASPORTO MERLO', 850.00, 1037.00, 'ORDINE 172 DEL 13/06/22'),
	(00001, '8', '2022-06-30', 'GEA', 28, 'XX - MANODOPERA CANTIERE', 1300.00, 1300.00, 'ASSISTENZA GETTO MASSETTO, ASSISTENZA ARTIGIANI'),
	(00001, '9', '2022-06-30', 'GEA', 2, 'XX - MANODOPERA CANTIERE', 5911.00, 5911.00, NULL),
	(00001, '21', '2022-07-08', 'GF IMPIANTI', NULL, 'CANTIERE + FOTOVOLTAICO - IMPIANTI ELETTRICI', 2150.00, 2623.00, 'IMPIANTI ELETTRICI, FOTOVOLTAICI, QUADRI DI CANTIERE, MESSA A TERRA PONTEGGI SU: 48-66-67-ALASSIO-80-27(IMPIANTO TV)'),
	(00001, '24', '2022-07-08', 'GF IMPIANTI', NULL, 'CANTIERE + ALTRO - IMPIANTI ELETTRICI + ALTRO', 4150.00, 4150.00, 'COLLEGAMENTO N.2 QUADRI DI CANTIERE E MESSA A TERRA PONTEGGIO CON FORNITURA CAVO TRIFASE (CANT. 56-105-57), MONTAGGIO NUOVO CONDIZIONATORE A PARETE (VIA TOSCANINI), IMPIANTO FOTOVOLTAICO (VIA SAORGIO TORINO, BRIZIO), IMPIANTO TV (MUSSINO)'),
	(00001, '533', '2022-07-07', 'GIARDINO COLORI', 158, 'XX - MATERIALE EDILE', 1953.00, 2382.66, 'ACCONTO SU FORNITURA MATERIALE'),
	(00001, '559', '2022-07-19', 'GIARDINO COLORI', NULL, 'XX - MATERIALE EDILE', 1008.00, 1229.76, 'VERNICI'),
	(00001, '1827', '2022-07-31', 'GIARDINO COLORI', 158, 'XX - MATERIALE EDILE', 2093.08, 2553.56, NULL),
	(00001, '30', '2022-07-19', 'GIARRIZZO STEFANO', 133, 'PRESTAZIONE PROFESSIONALE COORDINAMENTO CANTIERE', 1575.00, 1577.00, NULL),
	(00001, '33', '2022-07-19', 'GIARRIZZO STEFANO', 136, 'PRESTAZIONE PROFESSIONALE COORDINAMENTO CANTIERE', 1575.00, 1577.00, NULL),
	(00001, '149', '2022-07-19', 'REPOLE GIUSEPPE', NULL, 'XX - ZOCCOLINO', 448.00, 546.56, 'TAGLIO ZOCCOLINO, MEZZO TORO'),
	(00001, '205', '2022-07-20', 'G.O. RAPPRESENTANZE', 106, 'FOTOVOLTAICO - LINEA VITA', 1141.86, 1141.86, NULL),
	(00001, '215', '2022-07-29', 'G.O. RAPPRESENTANZE', 27, 'TETTO - LINEA VITA', 2485.35, 2485.35, NULL),
	(00001, '249', '2022-07-29', 'G.O. RAPPRESENTANZE', 80, 'TETTO - LUCERNARIO', 415.00, 506.30, NULL),
	(00001, '250', '2022-07-29', 'G.O. RAPPRESENTANZE', 96, 'FOTOVOLTAICO - LINEA VITA', 1701.21, 1701.21, NULL),
	(00001, '251', '2022-07-29', 'G.O. RAPPRESENTANZE', 168, 'TETTO - LINEA VITA', 1512.27, 1512.27, NULL),
	(00001, '252', '2022-07-29', 'G.O. RAPPRESENTANZE', 10, 'FOTOVOLTAICO - LINEA VITA', 2426.41, 2426.41, NULL);
/*!40000 ALTER TABLE `importo_lavorazione` ENABLE KEYS */;

-- Dump della struttura di tabella contabilita_cantieri.lavorazione
CREATE TABLE IF NOT EXISTS `lavorazione` (
  `descrizione` varchar(100) DEFAULT NULL,
  `voce_capitolato` varchar(400) DEFAULT NULL,
  `cantiere` int(5) DEFAULT NULL,
  `importo` double(15,2) DEFAULT NULL,
  KEY `cantiere_descrizione` (`cantiere`,`descrizione`)
) ENGINE=InnoDB DEFAULT CHARSET=latin1;

-- Dump dei dati della tabella contabilita_cantieri.lavorazione: ~238 rows (circa)
/*!40000 ALTER TABLE `lavorazione` DISABLE KEYS */;
INSERT INTO `lavorazione` (`descrizione`, `voce_capitolato`, `cantiere`, `importo`) VALUES
	('CONSULENZA TECNICA', NULL, NULL, 169866.03),
	('PRESTAZIONE PROFESSIONALE COORDINAMENTO CANTIERE', NULL, 48, 1577.00),
	('PRESTAZIONE PROFESSIONALE COORDINAMENTO CANTIERE', NULL, 55, 1560.00),
	('RISTRUTTURAZIONE', NULL, 69, 1510.21),
	('TETTO - PROGETTO', NULL, 71, 1300.00),
	('SMALTIMENTO MACERIE/RIFIUTI', 'SMALTIMENTO MACERIE E ISOLANTE', 76, 396.00),
	('CANTIERE - WC CHIMICO', 'APPRONTAMENTO CANTIERE CON WC CHIMICO, EVENTUALE BARACCA E QUADRO DI CANTIERE', 76, 117.00),
	('TETTO - MATERIALE', 'FORNITURA MATERIALI PER LA MESSA IN OPERA DEL TETTO (GRANDE E PICCOLA ORDITURA, FRENO VAPORE,)', 79, 10000.00),
	('SMALTIMENTO MACERIE/RIFIUTI', 'SMALTIMENTO MACERIE E ISOLANTE', 79, 605.00),
	('CANTIERE - PONTEGGIO', 'NOLEGGIO, MONTAGGIO E SMONTAGGIO DI PONTEGGI COME DA CAPITOLATO PER LA DURATA DI 3 MESI (EVENTUALE SUPERAMENTO DEI 3 MESI 1,7/MQ)', 79, 11000.00),
	('TETTO - DEMOLIZIONE', 'DEMOLIZIONE E SMALTIMENTO TETTO IN LEGNO ESISTENTE', 79, 3800.00),
	('SMALTIMENTO MACERIE/RIFIUTI', 'SMALTIMENTO MACERIE E ISOLANTE', 80, 1156.00),
	('TETTO - TERMINALE CANNA FUMARIA', 'FORNITURA E POSA FALDALERIA GENERALE TIPO PLUVIALI, GRONDE, CONVERSE (COMPRESI DI ACCESSORI TIPO CICOGNE, COLLARI, TERMINALI,) IN LAMIERA PREVERNICIATA TESTA DI MORO NECESSARIA ALLO SCARICO DELLE ACQUE PIOVANE PER LA BUONA RIUSCITA DELL\'OPERA', 80, 400.00),
	('CANTIERE - PONTEGGIO', 'NOLEGGIO, MONTAGGIO E SMONTAGGIO DI PONTEGGI COME DA CAPITOLATO PER LA DURATA DI 3 MESI (EVENTUALE SUPERAMENTO DEI 3 MESI 1,7/MQ)', 95, 9684.00),
	('ISOLAMENTO - CAPPOTTO A SOFFITTO', 'ISOLAMENTO A CAPPOTTO NON INTONACATO SOTTO SOLETTA LATO CANTINE/BOX DA 14-16 CM ? 0,031', 96, 4200.00),
	('PRESTAZIONE PROFESSIONALE COORDINAMENTO CANTIERE', NULL, 96, 1560.00),
	('SMALTIMENTO MACERIE/RIFIUTI', 'SMALTIMENTO MACERIE E ISOLANTE', 103, 50.00),
	('SMALTIMENTO MACERIE/RIFIUTI', 'SMALTIMENTO MACERIE E ISOLANTE', 107, 50.00),
	('CANTIERE - WC CHIMICO', 'APPRONTAMENTO CANTIERE CON WC CHIMICO, EVENTUALE BARACCA E QUADRO DI CANTIERE', 107, 117.00),
	('FOTOVOLTAICO - STRUTTURA SOSTEGNO', 'FORNITURA IMPIANTO FOTOVOLTAICO 6kW + ACCUMULO 10kW ', 109, 857.40),
	('PRESTAZIONE PROFESSIONALE COORDINAMENTO CANTIERE', NULL, 125, 1577.00),
	('TETTO - MATERIALE', 'FORNITURA MATERIALI PER LA MESSA IN OPERA DEL TETTO (GRANDE E PICCOLA ORDITURA, FRENO VAPORE,)', 130, 6000.00),
	('CANTIERE - WC CHIMICO', 'APPRONTAMENTO CANTIERE CON WC CHIMICO, EVENTUALE BARACCA E QUADRO DI CANTIERE', 130, 117.00),
	('PRESTAZIONE PROFESSIONALE COORDINAMENTO CANTIERE', NULL, 133, 3152.00),
	('CANTIERE - PROGETTO PONTEGGIO', 'NOLEGGIO, MONTAGGIO E SMONTAGGIO DI PONTEGGI COME DA CAPITOLATO PER LA DURATA DI 3 MESI (EVENTUALE SUPERAMENTO DEI 3 MESI 1,7/MQ)', 133, 367.50),
	('PRESTAZIONE PROFESSIONALE COORDINAMENTO CANTIERE', NULL, 134, 1577.00),
	('TETTO - PROGETTO', NULL, 136, 1340.00),
	('SMALTIMENTO MACERIE/RIFIUTI', 'SMALTIMENTO MACERIE E ISOLANTE', 136, 150.00),
	('PRESTAZIONE PROFESSIONALE COORDINAMENTO CANTIERE', NULL, 136, 3152.00),
	('CANTIERE - PROGETTO PONTEGGIO', 'NOLEGGIO, MONTAGGIO E SMONTAGGIO DI PONTEGGI COME DA CAPITOLATO PER LA DURATA DI 3 MESI (EVENTUALE SUPERAMENTO DEI 3 MESI 1,7/MQ)', 136, 367.50),
	('SERRAMENTI + SCHERMATURE SOLARI', NULL, 28, 15552.00),
	('SERRAMENTI + SCHERMATURE SOLARI', NULL, 44, 15300.00),
	('SERRAMENTI + SCHERMATURE SOLARI', NULL, 137, 8853.80),
	('FOTOVOLTAICO - STRUTTURA SOSTEGNO', 'FORNITURA IMPIANTO FOTOVOLTAICO 4,4kW + ACCUMULO 5kW ', 137, 813.64),
	('PRESTAZIONE PROFESSIONALE COORDINAMENTO CANTIERE', NULL, 137, 1560.00),
	('SMALTIMENTO MACERIE/RIFIUTI', 'SMALTIMENTO MACERIE E ISOLANTE', 141, 2372.20),
	('CANTIERE - PONTEGGIO', 'NOLEGGIO, MONTAGGIO E SMONTAGGIO DI PONTEGGI COME DA CAPITOLATO PER LA DURATA DI 3 MESI (EVENTUALE SUPERAMENTO DEI 3 MESI 1,7/MQ)', 67, 2000.00),
	('CANTIERE - PONTEGGIO', 'MONTAGGIO E SMONTAGGIO DI PONTEGGI COME DA CAPITOLATO FORNITO DAL GENERAL CONTRACT', 125, 9000.00),
	('CANTIERE - PONTEGGIO', 'NOLEGGIO, MONTAGGIO E SMONTAGGIO DI PONTEGGI COME DA CAPITOLATO PER LA DURATA DI 3 MESI (EVENTUALE SUPERAMENTO DEI 3 MESI 1,7/MQ)', 154, 500.00),
	('CANTIERE - PONTEGGIO', 'NOLEGGIO, MONTAGGIO E SMONTAGGIO DI PONTEGGI COME DA CAPITOLATO PER LA DURATA DI 3 MESI (EVENTUALE SUPERAMENTO DEI 3 MESI 1,7/MQ)', 10, 500.00),
	('CANTIERE - PONTEGGIO', 'NOLEGGIO, MONTAGGIO E SMONTAGGIO DI PONTEGGI COME DA CAPITOLATO PER LA DURATA DI 3 MESI (EVENTUALE SUPERAMENTO DEI 3 MESI 1,7/MQ)', 1, 300.00),
	('CANTIERE - PONTEGGIO', 'NOLEGGIO, MONTAGGIO E SMONTAGGIO DI PONTEGGI COME DA CAPITOLATO PER LA DURATA DI 3 MESI (EVENTUALE SUPERAMENTO DEI 3 MESI 1,7/MQ)', 76, 6900.00),
	('CANTIERE - PONTEGGIO', 'NOLEGGIO, MONTAGGIO E SMONTAGGIO DI PONTEGGI COME DA CAPITOLATO PER LA DURATA DI 3 MESI (EVENTUALE SUPERAMENTO DEI 3 MESI 1,7/MQ)', 193, 2200.00),
	('CANTIERE - PONTEGGIO', 'MONTAGGIO E SMONTAGGIO DI PONTEGGI COME DA CAPITOLATO FORNITO DAL GENERAL CONTRACT', 56, 35500.00),
	('CANTIERE - PONTEGGIO', 'NOLEGGIO, MONTAGGIO E SMONTAGGIO DI PONTEGGI COME DA CAPITOLATO PER LA DURATA DI 3 MESI (EVENTUALE SUPERAMENTO DEI 3 MESI 1,7/MQ)', 195, 4571.00),
	('CANTIERE - PONTEGGIO', 'NOLEGGIO, MONTAGGIO E SMONTAGGIO DI PONTEGGI COME DA CAPITOLATO PER LA DURATA DI 3 MESI (EVENTUALE SUPERAMENTO DEI 3 MESI 1,7/MQ)', 54, 12834.00),
	('CANTIERE - PONTEGGIO', 'NOLEGGIO, MONTAGGIO E SMONTAGGIO DI PONTEGGI COME DA CAPITOLATO PER LA DURATA DI 3 MESI (EVENTUALE SUPERAMENTO DEI 3 MESI 1,7/MQ)', 107, 8692.00),
	('CANTIERE - PROGETTO PONTEGGIO', 'MONTAGGIO E SMONTAGGIO DI PONTEGGI COME DA CAPITOLATO FORNITO DAL GENERAL CONTRACT', 125, 367.50),
	('CANTIERE - PROGETTO PONTEGGIO', 'NOLEGGIO, MONTAGGIO E SMONTAGGIO DI PONTEGGI COME DA CAPITOLATO PER LA DURATA DI 3 MESI (EVENTUALE SUPERAMENTO DEI 3 MESI 1,7/MQ)', 2, 367.50),
	('SERRAMENTI + SCHERMATURE SOLARI + ALTRO', NULL, 2, 9464.00),
	('SERRAMENTI + SCHERMATURE SOLARI + ALTRO', NULL, 117, 22131.15),
	('XX - MANODOPERA CANTIERE', NULL, 71, 8900.00),
	('XX - MANODOPERA CANTIERE', NULL, 117, 10000.00),
	('BUILDING AUTOMATION - MATERIALE DOMOTICA', NULL, 69, 3197.38),
	('RISTRUTTURAZIONE - ACCESSORI IDRAULICA', NULL, 69, 213.77),
	('TETTO - MATERIALE', 'FORNITURA MATERIALI PER LA MESSA IN OPERA DEL TETTO (GRANDE E PICCOLA ORDITURA, FRENO VAPORE,)', 8, 7000.00),
	('XX - MANODOPERA CANTIERE', NULL, 26, 1000.00),
	('XX - MANODOPERA CANTIERE', NULL, 27, 4635.00),
	('XX - MANODOPERA CANTIERE', NULL, 79, 12870.00),
	('CALDAIA/POMPA DI CALORE - MANODOPERA', 'INSTALLAZIONE CALDAIA IBRIDA FORNITA DAL GENERAL CONTRACT COMPRENSIVA DELLA FORNITURA DI TUTTI GLI ACCESSORI (DEFANGATORE, SCARICO CONDENSE, RACCORDI, VALVOLE,)', 27, 410.00),
	('CALDAIA/POMPA DI CALORE - MANODOPERA', 'INSTALLAZIONE CALDAIA IBRIDA FORNITA DAL GENERAL CONTRACT COMPRENSIVA DELLA FORNITURA DI TUTTI GLI ACCESSORI (DEFANGATORE, SCARICO CONDENSE, RACCORDI, VALVOLE,)', 66, 280.00),
	('CALDAIA + RISTRUTTURAZIONE - MANODOPERA + FORNITURA IMPIANTO', NULL, 10, 4320.00),
	('CALDAIA/POMPA DI CALORE - MANODOPERA', 'INSTALLAZIONE POMPA DI CALORE FORNITA DAL GENERAL CONTRACT COMPRENSIVA DELLA FORNITURA DI TUTTI GLI ACCESSORI (SCARICO CONDENSE, RACCORDI, VALVOLE,)', 149, 1200.00),
	('CALDAIA/POMPA DI CALORE - MANODOPERA', 'INSTALLAZIONE CALDAIA A CONDENSAZIONE FORNITA DAL GENERAL CONTRACT COMPRENSIVA DELLA FORNITURA DI TUTTI GLI ACCESSORI (DEFANGATORE, SCARICO CONDENSE, RACCORDI, VALVOLE,)', 35, 9600.00),
	('BUILDING AUTOMATION - MATERIALE DOMOTICA', NULL, 65, 7667.64),
	('BUILDING AUTOMATION - MATERIALE DOMOTICA', NULL, 0, 452.10),
	('BUILDING AUTOMATION - MATERIALE DOMOTICA', NULL, 149, 255.74),
	('RISTRUTTURAZIONE - MATERIALE IMPIANTO CANALIZZATO', 'FORNITURA MATERIALE PER LA REALIZZAZIONE IMPIANTO CANALIZZATO PER RICIRCOLO ARIA ', 71, 110.41),
	('RISTRUTTURAZIONE - ZOCCOLATURA H 6OCM', 'FORNITURA ZOCCOLATURA IN PIETRA O SIMIL MATERIALE PER ALTEZZA DI 50cm/60cm SULL\'INTERO PERIMETRO DEL FABBRICATO', 27, 1646.40),
	('RISTRUTTURAZIONE - ZOCCOLATURA H 12CM', 'FORNITURA ZOCCOLINO O RIVESTIMENTO', 27, 178.50),
	('CALDAIA/POMPA DI CALORE - FORNITURA + MANODOPERA CALDAIA CENTRALIZZATA', NULL, 48, 41620.00),
	('CALDAIA/POMPA DI CALORE - FORNITURA + MANODOPERA CALDAIA CENTRALIZZATA', NULL, 56, 34790.00),
	('FOTOVOLTAICO - INVERTER', NULL, 0, 66753.30),
	('FOTOVOLTAICO - BATTERIE', NULL, 0, 93830.10),
	('FOTOVOLTAICO - CAVI', NULL, 0, 4433.52),
	('FOTOVOLTAICO - TRASPORTO MATERIALE', NULL, 0, 1650.17),
	('XX - MANODOPERA CANTIERE', NULL, 8, 15000.00),
	('TETTO - PROGETTO', NULL, 55, 1340.00),
	('TETTO - PROGETTO', NULL, 48, 2560.00),
	('SMALTIMENTO MACERIE/RIFIUTI', 'SMALTIMENTO MACERIE E ISOLANTE', 2, 360.00),
	('SMALTIMENTO MACERIE/RIFIUTI', 'SMALTIMENTO MACERIE E ISOLANTE', 10, 200.00),
	('SMALTIMENTO MACERIE/RIFIUTI', 'SMALTIMENTO MACERIE E ISOLANTE', 28, 332.00),
	('SMALTIMENTO MACERIE/RIFIUTI', 'SMALTIMENTO MACERIE E ISOLANTE', 67, 295.00),
	('SMALTIMENTO MACERIE/RIFIUTI', 'SMALTIMENTO MACERIE E ISOLANTE', 48, 5731.40),
	('SMALTIMENTO MACERIE/RIFIUTI', 'SMALTIMENTO MACERIE E ISOLANTE', 56, 701.00),
	('SMALTIMENTO MACERIE/RIFIUTI', 'SMALTIMENTO MACERIE E ISOLANTE', 55, 640.00),
	('SMALTIMENTO MACERIE/RIFIUTI', 'SMALTIMENTO MACERIE E ISOLANTE', 8, 619.00),
	('SMALTIMENTO MACERIE/RIFIUTI', 'SMALTIMENTO MACERIE E ISOLANTE', 57, 375.00),
	('SMALTIMENTO MACERIE/RIFIUTI', 'SMALTIMENTO MACERIE E ISOLANTE', 66, 1499.00),
	('SMALTIMENTO MACERIE/RIFIUTI', 'SMALTIMENTO MACERIE E ISOLANTE', 13, 200.00),
	('FOTOVOLTAICO - STRUTTURA SOSTEGNO', 'FORNITURA IMPIANTO FOTOVOLTAICO 6kW + ACCUMULO 10kW ', 55, 857.84),
	('XX - MANODOPERA CANTIERE', NULL, 66, 18752.00),
	('XX - PORTA COMUNE CONDOMINIO', NULL, 9, 1000.00),
	('FOTOVOLTAICO - LINEA VITA', 'FORNITURA E POSA LINEA VITA TETTO COMPRENSIVA DI PROGETTO', 73, 828.84),
	('TETTO - LINEA VITA', 'FORNITURA E POSA LINEA VITA TETTO COMPRENSIVA DI PROGETTO', 55, 1107.65),
	('TETTO - LUCERNARIO', NULL, 48, 200.00),
	('TETTO - MATERIALE', 'FORNITURA MATERIALI PER LA MESSA IN OPERA DEL TETTO (GRANDE E PICCOLA ORDITURA, FRENO VAPORE,)', 48, 51762.58),
	('XX - MANODOPERA CANTIERE', NULL, 136, 2000.00),
	('TETTO - MANODOPERA', NULL, 55, 10685.00),
	('XX - MANODOPERA CANTIERE + MATERIALE EDILE', NULL, 65, 24018.00),
	('BUILDING AUTOMATION - MATERIALE DOMOTICA', NULL, 71, 2859.00),
	('RISTRUTTURAZIONE - IMPIANTI SPECIALI', NULL, 71, 1835.00),
	('CANTIERE - PROGETTO PONTEGGIO', 'MONTAGGIO E SMONTAGGIO DI PONTEGGI COME DA CAPITOLATO FORNITO DAL GENERAL CONTRACT', 48, 367.50),
	('BALCONI - MANODOPERA', 'REALIZZAZIONE MASSETTO DI SOTTOFONDO PER POSA PIASTRELLE COMPRENSIVO DEL MATERIALE', 56, 3104.00),
	('BALCONI - MATERIALE', 'FORNITURA PAVIMENTO ', 56, 870.00),
	('BALCONI - MATERIALE', 'FORNITURA PAVIMENTO ', 48, 2923.20),
	('BALCONI - MATERIALE', 'FORNITURA PAVIMENTO ', 66, 340.20),
	('BALCONI - MATERIALE', 'FORNITURA PAVIMENTO ', 65, 567.00),
	('RISTRUTTURAZIONE - IMPIANTO ELETTRICO', NULL, 71, 3530.00),
	('CANTIERE - GRU', 'AFFITTO GRU PER I PRIMI DUE MESI COMPRENSIVO DEL MONTAGGIO E SMONTAGGIO', 55, 700.00),
	('XX - MANODOPERA CANTIERE + MATERIALE EDILE', NULL, 35, 35085.00),
	('XX - MANODOPERA CANTIERE + MATERIALE EDILE', NULL, 67, 30695.00),
	('CANTIERE - GRU', 'AFFITTO GRU PER I PRIMI DUE MESI COMPRENSIVO DEL MONTAGGIO E SMONTAGGIO', 80, 1400.00),
	('XX - MANODOPERA CANTIERE', NULL, 56, 720.00),
	('CANTIERE - IMPIANTI ELETTRICI CANTIERE', 'APPRONTAMENTO CANTIERE CON WC CHIMICO, EVENTUALE BARACCA E QUADRO DI CANTIERE', 54, 700.00),
	('CANTIERE - IMPIANTI ELETTRICI CANTIERE', 'APPRONTAMENTO CANTIERE CON WC CHIMICO, EVENTUALE BARACCA E QUADRO DI CANTIERE', 64, 800.00),
	('CANTIERE - IMPIANTI ELETTRICI CANTIERE', 'APPRONTAMENTO CANTIERE CON WC CHIMICO, EVENTUALE BARACCA E QUADRO DI CANTIERE', 136, 350.00),
	('TETTO - OPERE IN C.A.', 'REALIZZAZIONE CORDOLATURE IN C.A. COMPRESIVO DEL MATERIALE PER LA MESSA IN OPERA', 48, 78.50),
	('TETTO - OPERE IN C.A.', 'REALIZZAZIONE CORDOLATURE IN C.A. COMPRESIVO DEL MATERIALE PER LA MESSA IN OPERA', 67, 44.50),
	('TETTO - OPERE IN C.A.', 'REALIZZAZIONE CORDOLATURE IN C.A. COMPRESIVO DEL MATERIALE PER LA MESSA IN OPERA', 80, 44.50),
	('TETTO - OPERE IN C.A.', 'REALIZZAZIONE CORDOLATURE IN C.A. COMPRESIVO DEL MATERIALE PER LA MESSA IN OPERA', 55, 48.50),
	('CANTIERE - PONTEGGIO', 'NOLEGGIO, MONTAGGIO E SMONTAGGIO DI PONTEGGI COME DA CAPITOLATO PER LA DURATA DI 3 MESI (EVENTUALE SUPERAMENTO DEI 3 MESI 1,7/MQ)', 27, 600.00),
	('RISTRUTTURAZIONE - SCALA INTERNA', NULL, 27, 5000.00),
	('CANTIERE - PONTEGGIO', 'NOLEGGIO, MONTAGGIO E SMONTAGGIO DI PONTEGGI COME DA CAPITOLATO PER LA DURATA DI 3 MESI (EVENTUALE SUPERAMENTO DEI 3 MESI 1,7/MQ)', 62, 1510.00),
	('CANTIERE - PONTEGGIO', 'NOLEGGIO, MONTAGGIO E SMONTAGGIO DI PONTEGGI COME DA CAPITOLATO PER LA DURATA DI 3 MESI (EVENTUALE SUPERAMENTO DEI 3 MESI 1,7/MQ)', 80, 600.00),
	('CANTIERE - WC CHIMICO', 'APPRONTAMENTO CANTIERE CON WC CHIMICO, EVENTUALE BARACCA E QUADRO DI CANTIERE', 8, 117.00),
	('CANTIERE - WC CHIMICO', 'APPRONTAMENTO CANTIERE CON WC CHIMICO, EVENTUALE BARACCA E QUADRO DI CANTIERE', 27, 40.00),
	('CANTIERE - WC CHIMICO', 'APPRONTAMENTO CANTIERE CON WC CHIMICO, EVENTUALE BARACCA E QUADRO DI CANTIERE', 13, 80.00),
	('CANTIERE - WC CHIMICO', 'APPRONTAMENTO CANTIERE CON WC CHIMICO, EVENTUALE BARACCA E QUADRO DI CANTIERE', 10, 115.00),
	('CANTIERE - WC CHIMICO', 'APPRONTAMENTO CANTIERE CON WC CHIMICO, EVENTUALE BARACCA E QUADRO DI CANTIERE', 48, 125.00),
	('CANTIERE - WC CHIMICO', 'APPRONTAMENTO CANTIERE CON WC CHIMICO, EVENTUALE BARACCA E QUADRO DI CANTIERE', 65, 130.00),
	('TETTO - MANODOPERA', 'POSA TETTO IN LEGNO CON GRANDE, PICCOLA ORDINTURA E TEGOLE IL TUTTO FORNITO DAL GENERAL CONTRACT COMPRENSIVO DELLE OPERE MURARIE ACCESSORIE ', 27, 3040.00),
	('SCHERMATURE SOLARI - MANODOPERA', NULL, 27, 290.00),
	('CALDAIA/POMPA DI CALORE - ACCESSORI', 'INSTALLAZIONE CALDAIA A CONDENSAZIONE FORNITA DAL GENERAL CONTRACT COMPRENSIVA DELLA FORNITURA DI TUTTI GLI ACCESSORI (DEFANGATORE, SCARICO CONDENSE, RACCORDI, VALVOLE,)', 165, 28.41),
	('XX - ACCESSORI IDRAULICA', NULL, 17, 767.66),
	('XX - ACCESSORI IDRAULICA', NULL, 0, 454.12),
	('XX - BOILER + ACCESSORI IDRAULICA', NULL, 55, 2914.30),
	('CANTIERE - PONTEGGIO', 'NOLEGGIO, MONTAGGIO E SMONTAGGIO DI PONTEGGI COME DA CAPITOLATO PER LA DURATA DI 3 MESI (EVENTUALE SUPERAMENTO DEI 3 MESI 1,7/MQ)', 146, 7900.00),
	('TETTO - MATERIALE', 'FORNITURA MATERIALI PER LA MESSA IN OPERA DEL TETTO (GRANDE E PICCOLA ORDITURA, FRENO VAPORE,)', 146, 5000.00),
	('SMALTIMENTO MACERIE/RIFIUTI', 'SMALTIMENTO MACERIE E ISOLANTE', 146, 50.00),
	('SERRAMENTI - FORNITURA DAVANZALI', 'FORNITURA DAVANZALI ESTERNI TIPO SERIZZO SPAZZOLATO PER FINESTRA O PORTA-FINESTRA', 148, 975.00),
	('XX - GRADINI IN PIETRA', NULL, 148, 264.00),
	('XX - IMPIANTO ALIMENTAZIONE POMPA DI CALORE', NULL, 149, 2000.00),
	('XX - MANODOPERA CANTIERE + MATERIALE EDILE', NULL, 149, 5000.00),
	('SERRAMENTI + SCHERMATURE SOLARI + ALTRO', NULL, 154, 11639.52),
	('TETTO - PROGETTO', NULL, 155, 1340.00),
	('CANTIERE - PONTEGGIO', 'NOLEGGIO, MONTAGGIO E SMONTAGGIO DI PONTEGGI COME DA CAPITOLATO PER LA DURATA DI 3 MESI (EVENTUALE SUPERAMENTO DEI 3 MESI 1,7/MQ)', 155, 12463.70),
	('CANTIERE - WC CHIMICO', 'APPRONTAMENTO CANTIERE CON WC CHIMICO, EVENTUALE BARACCA E QUADRO DI CANTIERE', 155, 117.00),
	('TETTO - MANODOPERA', NULL, 156, 4300.00),
	('PRESTAZIONE PROFESSIONALE COORDINAMENTO CANTIERE', NULL, 165, 1560.00),
	('TETTO - OPERE IN C.A.', 'REALIZZAZIONE CORDOLATURE IN C.A. COMPRESIVO DEL MATERIALE PER LA MESSA IN OPERA', 168, 44.50),
	('XX - MANODOPERA CANTIERE', NULL, 168, 2200.00),
	('CANTIERE - WC CHIMICO', 'APPRONTAMENTO CANTIERE CON WC CHIMICO, EVENTUALE BARACCA E QUADRO DI CANTIERE', 168, 250.00),
	('FOTOVOLTAICO - LINEA VITA', 'FORNITURA E POSA LINEA VITA TETTO COMPRENSIVA DI PROGETTO', 169, 1408.32),
	('PRESTAZIONE PROFESSIONALE COORDINAMENTO CANTIERE', NULL, 169, 1560.00),
	('PRESTAZIONE PROFESSIONALE COORDINAMENTO CANTIERE', NULL, 172, 1560.00),
	('FOTOVOLTAICO - STRUTTURA SOSTEGNO', 'FORNITURA IMPIANTO FOTOVOLTAICO 6kW + ACCUMULO 10kW ', 173, 621.74),
	('XX - MANODOPERA CANTIERE', NULL, 176, 9500.00),
	('CANTIERE - WC CHIMICO', 'APPRONTAMENTO CANTIERE CON WC CHIMICO, EVENTUALE BARACCA E QUADRO DI CANTIERE', 176, 125.00),
	('FOTOVOLTAICO - LINEA VITA', 'FORNITURA E POSA LINEA VITA TETTO COMPRENSIVA DI PROGETTO', 184, 1970.85),
	('PRESTAZIONE PROFESSIONALE COORDINAMENTO CANTIERE', NULL, 184, 1560.00),
	('FOTOVOLTAICO - LINEA VITA', 'FORNITURA E POSA LINEA VITA TETTO COMPRENSIVA DI PROGETTO', 187, 828.84),
	('PRESTAZIONE PROFESSIONALE COORDINAMENTO CANTIERE', NULL, 187, 1560.00),
	('PRESTAZIONE PROFESSIONALE COORDINAMENTO CANTIERE', NULL, 188, 1560.00),
	('CANTIERE - PONTEGGIO', 'NOLEGGIO, MONTAGGIO E SMONTAGGIO DI PONTEGGI COME DA CAPITOLATO PER LA DURATA DI 3 MESI (EVENTUALE SUPERAMENTO DEI 3 MESI 1,7/MQ)', 1013, 32000.00),
	('FACCIATA + BALCONI', NULL, 1013, 5000.00),
	('CANTIERE - WC CHIMICO', 'APPRONTAMENTO CANTIERE CON WC CHIMICO, EVENTUALE BARACCA E QUADRO DI CANTIERE', 1013, 250.00),
	('SERRAMENTI + SCHERMATURE SOLARI + ALTRO', NULL, NULL, 4596.00),
	('RISTRUTTURAZIONE - BAGNO', NULL, NULL, 1096.50),
	('TETTO - MATERIALE', 'FORNITURA MATERIALI PER LA MESSA IN OPERA DEL TETTO (GRANDE E PICCOLA ORDITURA, FRENO VAPORE,)', 176, 7569.24),
	('TETTO - PERLINE', 'AGGIUNTA FORNITURA PERLINE', 176, 1582.56),
	('XX - MANODOPERA CANTIERE', NULL, NULL, 16102.00),
	('TETTO - LATTONERIA', NULL, NULL, 102.40),
	('XX - CLIMATIZZATORE', NULL, NULL, 336.00),
	('XX - PIASTRELLE', NULL, NULL, 920.28),
	('XX - MANODOPERA CANTIERE', NULL, 5, 15000.00),
	('CANTIERE - GRU', 'AFFITTO GRU PER I PRIMI DUE MESI COMPRENSIVO DEL MONTAGGIO E SMONTAGGIO', 48, 700.00),
	('AMMISTRATORE DI CONDOMINIO', NULL, NULL, 3782.00),
	('XX - CONSULENZA ARTISTICA', NULL, NULL, 441.59),
	('ISOLAMENTO - MONTAGGIO VENTOLE', NULL, NULL, 362.00),
	('GESTIONE CANTIERI', NULL, NULL, 9527.00),
	('XX - PULIZIA', NULL, NULL, 12500.00),
	('TETTO - MATERIALE', NULL, NULL, 26259.96),
	('TETTO - MATERIALE', 'FORNITURA MATERIALI PER LA MESSA IN OPERA DEL TETTO (GRANDE E PICCOLA ORDITURA, FRENO VAPORE,)', 55, 7914.98),
	('TETTO - MATERIALE', 'FORNITURA MATERIALI PER LA MESSA IN OPERA DEL TETTO (GRANDE E PICCOLA ORDITURA, FRENO VAPORE,)', 105, 300.70),
	('TETTO - PERLINE', 'AGGIUNTA FORNITURA PERLINE', 55, 897.60),
	('TETTO - PERLINE', NULL, NULL, 513.00),
	('XX - MATERIALE EDILE', NULL, 0, 45492.42),
	('PONTEGGIO - MATERIALE ACCESSORIO', NULL, NULL, 5680.50),
	('PONTEGGIO - MATERIALE ACCESSORIO', NULL, 0, 5680.50),
	('ISOLAMENTO - FORNITURA ISOLANTE', NULL, 0, 43607.72),
	('XX - LATTONERIA', NULL, 0, 3842.29),
	('XX - MATERIALE EDILI + UTENSILERIA', NULL, 0, 40352.92),
	('FOTOVOLTAICO - STRUTTURA SOSTEGNO', NULL, 0, 390.51),
	('CALDAIA/POMPA DI CALORE - ACCESSORI', NULL, 0, 3998.66),
	('CALDAIA/POMPA DI CALORE - FORNITURA CALDAIA', NULL, 0, 40098.74),
	('CANTIERE - WC CHIMICO', NULL, 0, 65.00),
	('XX - MATERIALE ELETTRICO', NULL, 0, 7195.81),
	('CANTIERE - PONTEGGIO', 'NOLEGGIO, MONTAGGIO E SMONTAGGIO DI PONTEGGI COME DA CAPITOLATO PER LA DURATA DI 3 MESI (EVENTUALE SUPERAMENTO DEI 3 MESI 1,7/MQ)', 133, 615.00),
	('CANTIERE - PONTEGGIO', 'NOLEGGIO, MONTAGGIO E SMONTAGGIO DI PONTEGGI COME DA CAPITOLATO PER LA DURATA DI 3 MESI (EVENTUALE SUPERAMENTO DEI 3 MESI 1,7/MQ)', 2, 5715.00),
	('CANTIERE - PONTEGGIO', 'MONTAGGIO E SMONTAGGIO DI PONTEGGI COME DA CAPITOLATO FORNITO DAL GENERAL CONTRACT', 48, 252.00),
	('XX - UTENSILERIA', NULL, 154, 58.96),
	('XX - MATERIALE EDILI + UTENSILERIA', NULL, 71, 167.19),
	('FOTOVOLTAICO - INSTALLAZIONE', 'POSA IMPIANTO FOTOVOLTAICO 6kW + ACCUMULO 9,9kW + COLONNINA ELETTRICA COMPRENSIVO DI FORNITURA ACCESSORISTICA (CAVI, PASSAGGIO CORRUGATI,...) CON MATERIALI PRINCIPALI FORNITI DALLA HELITEC ', 110, 1000.00),
	('FOTOVOLTAICO - INSTALLAZIONE', 'POSA IMPIANTO FOTOVOLTAICO 6kW + ACCUMULO 9,9kW + COLONNINA ELETTRICA COMPRENSIVO DI FORNITURA ACCESSORISTICA (CAVI, PASSAGGIO CORRUGATI,...) CON MATERIALI PRINCIPALI FORNITI DALLA HELITEC ', 1, 1600.00),
	('FOTOVOLTAICO - INSTALLAZIONE', 'POSA IMPIANTO FOTOVOLTAICO 6kW + ACCUMULO 9,9kW + COLONNINA ELETTRICA COMPRENSIVO DI FORNITURA ACCESSORISTICA (CAVI, PASSAGGIO CORRUGATI,...) CON MATERIALI PRINCIPALI FORNITI DALLA HELITEC ', 162, 1600.00),
	('XX - MANODOPERA CANTIERE', NULL, 151, 5400.00),
	('SMALTIMENTO MACERIE/RIFIUTI', NULL, NULL, 360.00),
	('XX - UTENSILERIA', NULL, 0, 6148.10),
	('SMALTIMENTO MACERIE/RIFIUTI', 'SMALTIMENTO MACERIE E ISOLANTE', 1013, 200.00),
	('SMALTIMENTO MACERIE/RIFIUTI', 'SMALTIMENTO MACERIE E ISOLANTE', 168, 408.00),
	('SMALTIMENTO MACERIE/RIFIUTI', 'SMALTIMENTO MACERIE E ISOLANTE', 151, 360.00),
	('FOTOVOLTAICO - INSTALLAZIONE', 'POSA IMPIANTO FOTOVOLTAICO 6kW + ACCUMULO 9,9kW + COLONNINA ELETTRICA COMPRENSIVO DI FORNITURA ACCESSORISTICA (CAVI, PASSAGGIO CORRUGATI,...) CON MATERIALI PRINCIPALI FORNITI DALLA HELITEC ', 24, 1200.00),
	('XX - MANODOPERA CANTIERE', NULL, 133, 2000.00),
	('XX - FORNITURA PIASTRELLE', NULL, NULL, 6034.17),
	('IMPIANTO SOLARE - MATERIALE', NULL, 0, 1550.94),
	('XX - MANODOPERA CANTIERE', NULL, 1038, 2200.00),
	('XX - MANODOPERA CANTIERE', NULL, 69, 30000.00),
	('CONSULENZA TECNICA', NULL, 173, 4162.00),
	('TETTO - MANODOPERA', NULL, 65, 44000.00),
	('TETTO - MANODOPERA', NULL, 48, 50000.00),
	('TETTO - MANODOPERA', NULL, 80, 13468.00),
	('CANTIERE - PONTEGGIO', 'NOLEGGIO, MONTAGGIO E SMONTAGGIO DI PONTEGGI COME DA CAPITOLATO PER LA DURATA DI 3 MESI (EVENTUALE SUPERAMENTO DEI 3 MESI 1,7/MQ)', 55, 2696.00),
	('CANTIERE - PONTEGGIO', 'NOLEGGIO, MONTAGGIO E SMONTAGGIO DI PONTEGGI COME DA CAPITOLATO PER LA DURATA DI 3 MESI (EVENTUALE SUPERAMENTO DEI 3 MESI 1,7/MQ)', 130, 3000.00),
	('XX - TRASPORTO MERLO', NULL, NULL, 850.00),
	('XX - MANODOPERA CANTIERE', NULL, 28, 1300.00),
	('XX - MANODOPERA CANTIERE', NULL, 2, 5911.00),
	('CANTIERE + FOTOVOLTAICO - IMPIANTI ELETTRICI', NULL, NULL, 2150.00),
	('CANTIERE + ALTRO - IMPIANTI ELETTRICI + ALTRO', NULL, NULL, 4150.00),
	('XX - MATERIALE EDILE', NULL, 158, 4046.08),
	('XX - MATERIALE EDILE', NULL, NULL, 1008.00),
	('XX - ZOCCOLINO', NULL, NULL, 448.00),
	('FOTOVOLTAICO - LINEA VITA', 'FORNITURA E POSA LINEA VITA TETTO COMPRENSIVA DI PROGETTO', 106, 1141.86),
	('TETTO - LINEA VITA', 'FORNITURA E POSA LINEA VITA TETTO COMPRENSIVA DI PROGETTO', 27, 2485.35),
	('TETTO - LUCERNARIO', NULL, 80, 415.00),
	('FOTOVOLTAICO - LINEA VITA', 'FORNITURA E POSA LINEA VITA TETTO COMPRENSIVA DI PROGETTO', 96, 1701.21),
	('TETTO - LINEA VITA', 'FORNITURA E POSA LINEA VITA TETTO COMPRENSIVA DI PROGETTO', 168, 1512.27),
	('FOTOVOLTAICO - LINEA VITA', 'FORNITURA E POSA LINEA VITA TETTO COMPRENSIVA DI PROGETTO', 10, 2426.41);
/*!40000 ALTER TABLE `lavorazione` ENABLE KEYS */;

-- Dump della struttura di tabella contabilita_cantieri.pagamento
CREATE TABLE IF NOT EXISTS `pagamento` (
  `data` date DEFAULT NULL,
  `fornitore` varchar(50) DEFAULT NULL,
  `importo` double(15,2) DEFAULT NULL,
  KEY `data_fornitore` (`data`,`fornitore`)
) ENGINE=InnoDB DEFAULT CHARSET=latin1;

-- Dump dei dati della tabella contabilita_cantieri.pagamento: ~7 rows (circa)
/*!40000 ALTER TABLE `pagamento` DISABLE KEYS */;
INSERT INTO `pagamento` (`data`, `fornitore`, `importo`) VALUES
	('2022-09-02', 'BAUDUCCO', 8540.00),
	('2022-09-15', 'ABRAMO', 11102.00),
	('2022-08-08', 'ABRAMO', 7540.00),
	('2022-09-23', 'COAN', 8944.50),
	('2022-09-07', 'COAN', 30483.90),
	('2022-07-12', 'PACCHIARDO MAURO', 586.00),
	('2022-09-08', 'PACCHIARDO MAURO', 2744.00);
/*!40000 ALTER TABLE `pagamento` ENABLE KEYS */;

-- Dump della struttura di tabella contabilita_cantieri.pagamento_fattura
CREATE TABLE IF NOT EXISTS `pagamento_fattura` (
  `numero_fattura` varchar(50) DEFAULT NULL,
  `data_fattura` date DEFAULT NULL,
  `fornitore` varchar(50) DEFAULT NULL,
  `data_pagamento` date DEFAULT NULL,
  `importo_relativo` double(15,2) DEFAULT NULL,
  `intero` int(1) DEFAULT NULL,
  `acconto` int(1) DEFAULT NULL,
  `saldo` int(1) DEFAULT NULL,
  `note` varchar(400) DEFAULT NULL,
  KEY `numero_fattura_data_fattura_fornitore_data_pagamento` (`numero_fattura`,`data_fattura`,`fornitore`,`data_pagamento`)
) ENGINE=InnoDB DEFAULT CHARSET=latin1;

-- Dump dei dati della tabella contabilita_cantieri.pagamento_fattura: ~15 rows (circa)
/*!40000 ALTER TABLE `pagamento_fattura` DISABLE KEYS */;
INSERT INTO `pagamento_fattura` (`numero_fattura`, `data_fattura`, `fornitore`, `data_pagamento`, `importo_relativo`, `intero`, `acconto`, `saldo`, `note`) VALUES
	('8033', '2022-08-22', 'BAUDUCCO', '2022-09-02', 8540.00, 1, 0, 0, NULL),
	('123', '2022-08-29', 'ABRAMO', '2022-09-15', 2684.00, 1, 0, 0, NULL),
	('121', '2022-08-29', 'ABRAMO', '2022-09-15', 8418.00, 1, 0, 0, NULL),
	('103', '2022-07-14', 'ABRAMO', '2022-08-08', 6240.00, 0, 0, 1, NULL),
	('105', '2022-07-21', 'ABRAMO', '2022-08-08', 500.00, 1, 0, 0, NULL),
	('106', '2022-07-21', 'ABRAMO', '2022-08-08', 500.00, 1, 0, 0, NULL),
	('107', '2022-07-21', 'ABRAMO', '2022-08-08', 300.00, 1, 0, 0, NULL),
	('147', '2022-08-29', 'COAN', '2022-09-23', 8692.00, 1, 0, 0, NULL),
	('136', '2022-07-31', 'COAN', '2022-09-23', 252.50, 1, 0, 0, NULL),
	('142', '2022-08-12', 'COAN', '2022-09-07', 12463.70, 1, 0, 0, NULL),
	('144', '2022-08-24', 'COAN', '2022-09-07', 12834.00, 1, 0, 0, NULL),
	('143', '2022-08-24', 'COAN', '2022-09-07', 4571.20, 1, 0, 0, NULL),
	('125', '2022-07-18', 'COAN', '2022-09-07', 615.00, 1, 0, 0, NULL),
	('41', '2022-08-04', 'PACCHIARDO MAURO', '2022-07-12', 586.00, 0, 1, 0, 'ACCONTO PREV 40'),
	('41', '2022-08-04', 'PACCHIARDO MAURO', '2022-09-08', 2744.00, 0, 0, 1, NULL);
/*!40000 ALTER TABLE `pagamento_fattura` ENABLE KEYS */;

-- Dump della struttura di tabella contabilita_cantieri.voce_cantiere
CREATE TABLE IF NOT EXISTS `voce_cantiere` (
  `voce_capitolato` varchar(400) DEFAULT NULL,
  `cantiere` int(50) DEFAULT NULL,
  `importo_previsto` double(15,2) DEFAULT NULL,
  `importo_pagato` double(15,2) DEFAULT NULL,
  KEY `voce_capitolato_cantiere` (`voce_capitolato`,`cantiere`)
) ENGINE=InnoDB DEFAULT CHARSET=latin1;

-- Dump dei dati della tabella contabilita_cantieri.voce_cantiere: ~117 rows (circa)
/*!40000 ALTER TABLE `voce_cantiere` DISABLE KEYS */;
INSERT INTO `voce_cantiere` (`voce_capitolato`, `cantiere`, `importo_previsto`, `importo_pagato`) VALUES
	('SMALTIMENTO MACERIE E ISOLANTE', 76, NULL, 396.00),
	('APPRONTAMENTO CANTIERE CON WC CHIMICO, EVENTUALE BARACCA E QUADRO DI CANTIERE', 76, NULL, 117.00),
	('FORNITURA MATERIALI PER LA MESSA IN OPERA DEL TETTO (GRANDE E PICCOLA ORDITURA, FRENO VAPORE,)', 79, NULL, 10000.00),
	('SMALTIMENTO MACERIE E ISOLANTE', 79, NULL, 605.00),
	('NOLEGGIO, MONTAGGIO E SMONTAGGIO DI PONTEGGI COME DA CAPITOLATO PER LA DURATA DI 3 MESI (EVENTUALE SUPERAMENTO DEI 3 MESI 1,7/MQ)', 79, NULL, 11000.00),
	('DEMOLIZIONE E SMALTIMENTO TETTO IN LEGNO ESISTENTE', 79, NULL, 3800.00),
	('SMALTIMENTO MACERIE E ISOLANTE', 80, NULL, 1156.00),
	('FORNITURA E POSA FALDALERIA GENERALE TIPO PLUVIALI, GRONDE, CONVERSE (COMPRESI DI ACCESSORI TIPO CICOGNE, COLLARI, TERMINALI,) IN LAMIERA PREVERNICIATA TESTA DI MORO NECESSARIA ALLO SCARICO DELLE ACQUE PIOVANE PER LA BUONA RIUSCITA DELL\'OPERA', 80, NULL, 400.00),
	('NOLEGGIO, MONTAGGIO E SMONTAGGIO DI PONTEGGI COME DA CAPITOLATO PER LA DURATA DI 3 MESI (EVENTUALE SUPERAMENTO DEI 3 MESI 1,7/MQ)', 95, NULL, 9684.00),
	('ISOLAMENTO A CAPPOTTO NON INTONACATO SOTTO SOLETTA LATO CANTINE/BOX DA 14-16 CM ? 0,031', 96, NULL, 4200.00),
	('SMALTIMENTO MACERIE E ISOLANTE', 103, NULL, 50.00),
	('SMALTIMENTO MACERIE E ISOLANTE', 107, NULL, 50.00),
	('APPRONTAMENTO CANTIERE CON WC CHIMICO, EVENTUALE BARACCA E QUADRO DI CANTIERE', 107, NULL, 117.00),
	('FORNITURA IMPIANTO FOTOVOLTAICO 6kW + ACCUMULO 10kW ', 109, NULL, 857.40),
	('FORNITURA MATERIALI PER LA MESSA IN OPERA DEL TETTO (GRANDE E PICCOLA ORDITURA, FRENO VAPORE,)', 130, NULL, 6000.00),
	('APPRONTAMENTO CANTIERE CON WC CHIMICO, EVENTUALE BARACCA E QUADRO DI CANTIERE', 130, NULL, 117.00),
	('NOLEGGIO, MONTAGGIO E SMONTAGGIO DI PONTEGGI COME DA CAPITOLATO PER LA DURATA DI 3 MESI (EVENTUALE SUPERAMENTO DEI 3 MESI 1,7/MQ)', 133, NULL, 982.50),
	('SMALTIMENTO MACERIE E ISOLANTE', 136, NULL, 150.00),
	('NOLEGGIO, MONTAGGIO E SMONTAGGIO DI PONTEGGI COME DA CAPITOLATO PER LA DURATA DI 3 MESI (EVENTUALE SUPERAMENTO DEI 3 MESI 1,7/MQ)', 136, NULL, 367.50),
	('FORNITURA IMPIANTO FOTOVOLTAICO 4,4kW + ACCUMULO 5kW ', 137, NULL, 813.64),
	('SMALTIMENTO MACERIE E ISOLANTE', 141, NULL, 2372.20),
	('NOLEGGIO, MONTAGGIO E SMONTAGGIO DI PONTEGGI COME DA CAPITOLATO PER LA DURATA DI 3 MESI (EVENTUALE SUPERAMENTO DEI 3 MESI 1,7/MQ)', 67, NULL, 2000.00),
	('NOLEGGIO, MONTAGGIO E SMONTAGGIO DI PONTEGGI COME DA CAPITOLATO PER LA DURATA DI 3 MESI (EVENTUALE SUPERAMENTO DEI 3 MESI 1,7/MQ)', 154, NULL, 500.00),
	('NOLEGGIO, MONTAGGIO E SMONTAGGIO DI PONTEGGI COME DA CAPITOLATO PER LA DURATA DI 3 MESI (EVENTUALE SUPERAMENTO DEI 3 MESI 1,7/MQ)', 10, NULL, 500.00),
	('NOLEGGIO, MONTAGGIO E SMONTAGGIO DI PONTEGGI COME DA CAPITOLATO PER LA DURATA DI 3 MESI (EVENTUALE SUPERAMENTO DEI 3 MESI 1,7/MQ)', 1, NULL, 300.00),
	('NOLEGGIO, MONTAGGIO E SMONTAGGIO DI PONTEGGI COME DA CAPITOLATO PER LA DURATA DI 3 MESI (EVENTUALE SUPERAMENTO DEI 3 MESI 1,7/MQ)', 76, NULL, 6900.00),
	('NOLEGGIO, MONTAGGIO E SMONTAGGIO DI PONTEGGI COME DA CAPITOLATO PER LA DURATA DI 3 MESI (EVENTUALE SUPERAMENTO DEI 3 MESI 1,7/MQ)', 193, NULL, 2200.00),
	('MONTAGGIO E SMONTAGGIO DI PONTEGGI COME DA CAPITOLATO FORNITO DAL GENERAL CONTRACT', 56, NULL, 35500.00),
	('NOLEGGIO, MONTAGGIO E SMONTAGGIO DI PONTEGGI COME DA CAPITOLATO PER LA DURATA DI 3 MESI (EVENTUALE SUPERAMENTO DEI 3 MESI 1,7/MQ)', 195, NULL, 4571.00),
	('NOLEGGIO, MONTAGGIO E SMONTAGGIO DI PONTEGGI COME DA CAPITOLATO PER LA DURATA DI 3 MESI (EVENTUALE SUPERAMENTO DEI 3 MESI 1,7/MQ)', 54, NULL, 12834.00),
	('NOLEGGIO, MONTAGGIO E SMONTAGGIO DI PONTEGGI COME DA CAPITOLATO PER LA DURATA DI 3 MESI (EVENTUALE SUPERAMENTO DEI 3 MESI 1,7/MQ)', 107, NULL, 8692.00),
	('MONTAGGIO E SMONTAGGIO DI PONTEGGI COME DA CAPITOLATO FORNITO DAL GENERAL CONTRACT', 125, NULL, 9367.50),
	('NOLEGGIO, MONTAGGIO E SMONTAGGIO DI PONTEGGI COME DA CAPITOLATO PER LA DURATA DI 3 MESI (EVENTUALE SUPERAMENTO DEI 3 MESI 1,7/MQ)', 2, NULL, 6082.50),
	('FORNITURA MATERIALI PER LA MESSA IN OPERA DEL TETTO (GRANDE E PICCOLA ORDITURA, FRENO VAPORE,)', 8, NULL, 7000.00),
	('INSTALLAZIONE CALDAIA IBRIDA FORNITA DAL GENERAL CONTRACT COMPRENSIVA DELLA FORNITURA DI TUTTI GLI ACCESSORI (DEFANGATORE, SCARICO CONDENSE, RACCORDI, VALVOLE,)', 27, NULL, 410.00),
	('INSTALLAZIONE CALDAIA IBRIDA FORNITA DAL GENERAL CONTRACT COMPRENSIVA DELLA FORNITURA DI TUTTI GLI ACCESSORI (DEFANGATORE, SCARICO CONDENSE, RACCORDI, VALVOLE,)', 66, NULL, 280.00),
	('INSTALLAZIONE POMPA DI CALORE FORNITA DAL GENERAL CONTRACT COMPRENSIVA DELLA FORNITURA DI TUTTI GLI ACCESSORI (SCARICO CONDENSE, RACCORDI, VALVOLE,)', 149, NULL, 1200.00),
	('INSTALLAZIONE CALDAIA A CONDENSAZIONE FORNITA DAL GENERAL CONTRACT COMPRENSIVA DELLA FORNITURA DI TUTTI GLI ACCESSORI (DEFANGATORE, SCARICO CONDENSE, RACCORDI, VALVOLE,)', 35, NULL, 9600.00),
	('FORNITURA MATERIALE PER LA REALIZZAZIONE IMPIANTO CANALIZZATO PER RICIRCOLO ARIA ', 71, NULL, 110.41),
	('FORNITURA ZOCCOLATURA IN PIETRA O SIMIL MATERIALE PER ALTEZZA DI 50cm/60cm SULL\'INTERO PERIMETRO DEL FABBRICATO', 27, NULL, 1646.40),
	('FORNITURA ZOCCOLINO O RIVESTIMENTO', 27, NULL, 178.50),
	('SMALTIMENTO MACERIE E ISOLANTE', 2, NULL, 360.00),
	('SMALTIMENTO MACERIE E ISOLANTE', 10, NULL, 200.00),
	('SMALTIMENTO MACERIE E ISOLANTE', 28, NULL, 332.00),
	('SMALTIMENTO MACERIE E ISOLANTE', 67, NULL, 295.00),
	('SMALTIMENTO MACERIE E ISOLANTE', 48, NULL, 5731.40),
	('SMALTIMENTO MACERIE E ISOLANTE', 56, NULL, 701.00),
	('SMALTIMENTO MACERIE E ISOLANTE', 55, NULL, 640.00),
	('SMALTIMENTO MACERIE E ISOLANTE', 8, NULL, 619.00),
	('SMALTIMENTO MACERIE E ISOLANTE', 57, NULL, 375.00),
	('SMALTIMENTO MACERIE E ISOLANTE', 66, NULL, 1499.00),
	('SMALTIMENTO MACERIE E ISOLANTE', 13, NULL, 200.00),
	('FORNITURA IMPIANTO FOTOVOLTAICO 6kW + ACCUMULO 10kW ', 55, NULL, 857.84),
	('FORNITURA E POSA LINEA VITA TETTO COMPRENSIVA DI PROGETTO', 73, NULL, 828.84),
	('FORNITURA E POSA LINEA VITA TETTO COMPRENSIVA DI PROGETTO', 55, NULL, 1107.65),
	('FORNITURA MATERIALI PER LA MESSA IN OPERA DEL TETTO (GRANDE E PICCOLA ORDITURA, FRENO VAPORE,)', 48, NULL, 51762.58),
	('MONTAGGIO E SMONTAGGIO DI PONTEGGI COME DA CAPITOLATO FORNITO DAL GENERAL CONTRACT', 48, NULL, 619.50),
	('REALIZZAZIONE MASSETTO DI SOTTOFONDO PER POSA PIASTRELLE COMPRENSIVO DEL MATERIALE', 56, NULL, 3104.00),
	('FORNITURA PAVIMENTO ', 56, NULL, 870.00),
	('FORNITURA PAVIMENTO ', 48, NULL, 2923.20),
	('FORNITURA PAVIMENTO ', 66, NULL, 340.20),
	('FORNITURA PAVIMENTO ', 65, NULL, 567.00),
	('AFFITTO GRU PER I PRIMI DUE MESI COMPRENSIVO DEL MONTAGGIO E SMONTAGGIO', 55, NULL, 700.00),
	('AFFITTO GRU PER I PRIMI DUE MESI COMPRENSIVO DEL MONTAGGIO E SMONTAGGIO', 80, NULL, 1400.00),
	('APPRONTAMENTO CANTIERE CON WC CHIMICO, EVENTUALE BARACCA E QUADRO DI CANTIERE', 54, NULL, 700.00),
	('APPRONTAMENTO CANTIERE CON WC CHIMICO, EVENTUALE BARACCA E QUADRO DI CANTIERE', 64, NULL, 800.00),
	('APPRONTAMENTO CANTIERE CON WC CHIMICO, EVENTUALE BARACCA E QUADRO DI CANTIERE', 136, NULL, 350.00),
	('REALIZZAZIONE CORDOLATURE IN C.A. COMPRESIVO DEL MATERIALE PER LA MESSA IN OPERA', 48, NULL, 78.50),
	('REALIZZAZIONE CORDOLATURE IN C.A. COMPRESIVO DEL MATERIALE PER LA MESSA IN OPERA', 67, NULL, 44.50),
	('REALIZZAZIONE CORDOLATURE IN C.A. COMPRESIVO DEL MATERIALE PER LA MESSA IN OPERA', 80, NULL, 44.50),
	('REALIZZAZIONE CORDOLATURE IN C.A. COMPRESIVO DEL MATERIALE PER LA MESSA IN OPERA', 55, NULL, 48.50),
	('NOLEGGIO, MONTAGGIO E SMONTAGGIO DI PONTEGGI COME DA CAPITOLATO PER LA DURATA DI 3 MESI (EVENTUALE SUPERAMENTO DEI 3 MESI 1,7/MQ)', 27, NULL, 600.00),
	('NOLEGGIO, MONTAGGIO E SMONTAGGIO DI PONTEGGI COME DA CAPITOLATO PER LA DURATA DI 3 MESI (EVENTUALE SUPERAMENTO DEI 3 MESI 1,7/MQ)', 62, NULL, 1510.00),
	('NOLEGGIO, MONTAGGIO E SMONTAGGIO DI PONTEGGI COME DA CAPITOLATO PER LA DURATA DI 3 MESI (EVENTUALE SUPERAMENTO DEI 3 MESI 1,7/MQ)', 80, NULL, 600.00),
	('APPRONTAMENTO CANTIERE CON WC CHIMICO, EVENTUALE BARACCA E QUADRO DI CANTIERE', 8, NULL, 117.00),
	('APPRONTAMENTO CANTIERE CON WC CHIMICO, EVENTUALE BARACCA E QUADRO DI CANTIERE', 27, NULL, 40.00),
	('APPRONTAMENTO CANTIERE CON WC CHIMICO, EVENTUALE BARACCA E QUADRO DI CANTIERE', 13, NULL, 80.00),
	('APPRONTAMENTO CANTIERE CON WC CHIMICO, EVENTUALE BARACCA E QUADRO DI CANTIERE', 10, NULL, 115.00),
	('APPRONTAMENTO CANTIERE CON WC CHIMICO, EVENTUALE BARACCA E QUADRO DI CANTIERE', 48, NULL, 125.00),
	('APPRONTAMENTO CANTIERE CON WC CHIMICO, EVENTUALE BARACCA E QUADRO DI CANTIERE', 65, NULL, 130.00),
	('POSA TETTO IN LEGNO CON GRANDE, PICCOLA ORDINTURA E TEGOLE IL TUTTO FORNITO DAL GENERAL CONTRACT COMPRENSIVO DELLE OPERE MURARIE ACCESSORIE ', 27, NULL, 3040.00),
	('INSTALLAZIONE CALDAIA A CONDENSAZIONE FORNITA DAL GENERAL CONTRACT COMPRENSIVA DELLA FORNITURA DI TUTTI GLI ACCESSORI (DEFANGATORE, SCARICO CONDENSE, RACCORDI, VALVOLE,)', 165, NULL, 28.41),
	('NOLEGGIO, MONTAGGIO E SMONTAGGIO DI PONTEGGI COME DA CAPITOLATO PER LA DURATA DI 3 MESI (EVENTUALE SUPERAMENTO DEI 3 MESI 1,7/MQ)', 146, NULL, 7900.00),
	('FORNITURA MATERIALI PER LA MESSA IN OPERA DEL TETTO (GRANDE E PICCOLA ORDITURA, FRENO VAPORE,)', 146, NULL, 5000.00),
	('SMALTIMENTO MACERIE E ISOLANTE', 146, NULL, 50.00),
	('FORNITURA DAVANZALI ESTERNI TIPO SERIZZO SPAZZOLATO PER FINESTRA O PORTA-FINESTRA', 148, NULL, 975.00),
	('NOLEGGIO, MONTAGGIO E SMONTAGGIO DI PONTEGGI COME DA CAPITOLATO PER LA DURATA DI 3 MESI (EVENTUALE SUPERAMENTO DEI 3 MESI 1,7/MQ)', 155, NULL, 12463.70),
	('APPRONTAMENTO CANTIERE CON WC CHIMICO, EVENTUALE BARACCA E QUADRO DI CANTIERE', 155, NULL, 117.00),
	('REALIZZAZIONE CORDOLATURE IN C.A. COMPRESIVO DEL MATERIALE PER LA MESSA IN OPERA', 168, NULL, 44.50),
	('APPRONTAMENTO CANTIERE CON WC CHIMICO, EVENTUALE BARACCA E QUADRO DI CANTIERE', 168, NULL, 250.00),
	('FORNITURA E POSA LINEA VITA TETTO COMPRENSIVA DI PROGETTO', 169, NULL, 1408.32),
	('FORNITURA IMPIANTO FOTOVOLTAICO 6kW + ACCUMULO 10kW ', 173, NULL, 621.74),
	('APPRONTAMENTO CANTIERE CON WC CHIMICO, EVENTUALE BARACCA E QUADRO DI CANTIERE', 176, NULL, 125.00),
	('FORNITURA E POSA LINEA VITA TETTO COMPRENSIVA DI PROGETTO', 184, NULL, 1970.85),
	('FORNITURA E POSA LINEA VITA TETTO COMPRENSIVA DI PROGETTO', 187, NULL, 828.84),
	('NOLEGGIO, MONTAGGIO E SMONTAGGIO DI PONTEGGI COME DA CAPITOLATO PER LA DURATA DI 3 MESI (EVENTUALE SUPERAMENTO DEI 3 MESI 1,7/MQ)', 1013, NULL, 32000.00),
	('APPRONTAMENTO CANTIERE CON WC CHIMICO, EVENTUALE BARACCA E QUADRO DI CANTIERE', 1013, NULL, 250.00),
	('FORNITURA MATERIALI PER LA MESSA IN OPERA DEL TETTO (GRANDE E PICCOLA ORDITURA, FRENO VAPORE,)', 176, NULL, 7569.24),
	('AGGIUNTA FORNITURA PERLINE', 176, NULL, 1582.56),
	('AFFITTO GRU PER I PRIMI DUE MESI COMPRENSIVO DEL MONTAGGIO E SMONTAGGIO', 48, NULL, 700.00),
	('FORNITURA MATERIALI PER LA MESSA IN OPERA DEL TETTO (GRANDE E PICCOLA ORDITURA, FRENO VAPORE,)', 55, NULL, 7914.98),
	('FORNITURA MATERIALI PER LA MESSA IN OPERA DEL TETTO (GRANDE E PICCOLA ORDITURA, FRENO VAPORE,)', 105, NULL, 300.70),
	('AGGIUNTA FORNITURA PERLINE', 55, NULL, 897.60),
	('POSA IMPIANTO FOTOVOLTAICO 6kW + ACCUMULO 9,9kW + COLONNINA ELETTRICA COMPRENSIVO DI FORNITURA ACCESSORISTICA (CAVI, PASSAGGIO CORRUGATI,...) CON MATERIALI PRINCIPALI FORNITI DALLA HELITEC ', 110, NULL, 1000.00),
	('POSA IMPIANTO FOTOVOLTAICO 6kW + ACCUMULO 9,9kW + COLONNINA ELETTRICA COMPRENSIVO DI FORNITURA ACCESSORISTICA (CAVI, PASSAGGIO CORRUGATI,...) CON MATERIALI PRINCIPALI FORNITI DALLA HELITEC ', 1, NULL, 1600.00),
	('POSA IMPIANTO FOTOVOLTAICO 6kW + ACCUMULO 9,9kW + COLONNINA ELETTRICA COMPRENSIVO DI FORNITURA ACCESSORISTICA (CAVI, PASSAGGIO CORRUGATI,...) CON MATERIALI PRINCIPALI FORNITI DALLA HELITEC ', 162, NULL, 1600.00),
	('SMALTIMENTO MACERIE E ISOLANTE', 1013, NULL, 200.00),
	('SMALTIMENTO MACERIE E ISOLANTE', 168, NULL, 408.00),
	('SMALTIMENTO MACERIE E ISOLANTE', 151, NULL, 360.00),
	('POSA IMPIANTO FOTOVOLTAICO 6kW + ACCUMULO 9,9kW + COLONNINA ELETTRICA COMPRENSIVO DI FORNITURA ACCESSORISTICA (CAVI, PASSAGGIO CORRUGATI,...) CON MATERIALI PRINCIPALI FORNITI DALLA HELITEC ', 24, NULL, 1200.00),
	('NOLEGGIO, MONTAGGIO E SMONTAGGIO DI PONTEGGI COME DA CAPITOLATO PER LA DURATA DI 3 MESI (EVENTUALE SUPERAMENTO DEI 3 MESI 1,7/MQ)', 55, NULL, 2696.00),
	('NOLEGGIO, MONTAGGIO E SMONTAGGIO DI PONTEGGI COME DA CAPITOLATO PER LA DURATA DI 3 MESI (EVENTUALE SUPERAMENTO DEI 3 MESI 1,7/MQ)', 130, NULL, 3000.00),
	('FORNITURA E POSA LINEA VITA TETTO COMPRENSIVA DI PROGETTO', 106, NULL, 1141.86),
	('FORNITURA E POSA LINEA VITA TETTO COMPRENSIVA DI PROGETTO', 27, NULL, 2485.35),
	('FORNITURA E POSA LINEA VITA TETTO COMPRENSIVA DI PROGETTO', 96, NULL, 1701.21),
	('FORNITURA E POSA LINEA VITA TETTO COMPRENSIVA DI PROGETTO', 168, NULL, 1512.27),
	('FORNITURA E POSA LINEA VITA TETTO COMPRENSIVA DI PROGETTO', 10, NULL, 2426.41);
/*!40000 ALTER TABLE `voce_cantiere` ENABLE KEYS */;

-- Dump della struttura di tabella contabilita_cantieri.voce_capitolato
CREATE TABLE IF NOT EXISTS `voce_capitolato` (
  `voce_capitolato` varchar(400) NOT NULL,
  PRIMARY KEY (`voce_capitolato`)
) ENGINE=InnoDB DEFAULT CHARSET=latin1;

-- Dump dei dati della tabella contabilita_cantieri.voce_capitolato: ~180 rows (circa)
/*!40000 ALTER TABLE `voce_capitolato` DISABLE KEYS */;
INSERT INTO `voce_capitolato` (`voce_capitolato`) VALUES
	('AFFITTO GRU PER I PRIMI DUE MESI COMPRENSIVO DEL MONTAGGIO E SMONTAGGIO'),
	('AGGIUNTA FORNITURA ISOLANTE'),
	('AGGIUNTA FORNITURA PERLINE'),
	('AGGIUNTA FORNITURA TEGOLE'),
	('AGGIUNTA PER DEUMIDIFICATORE RELATIVO ALL\'IMPIANTO CANALIZZATO'),
	('AGGIUNTA POSA ISOLANTE'),
	('AGGIUNTA POSA PERLINE'),
	('APPRONTAMENTO CANTIERE CON WC CHIMICO, EVENTUALE BARACCA E QUADRO DI CANTIERE'),
	('APPRONTAMENTO CANTIERE GENERALE'),
	('ASSISTENZA MURARIA ALLA REALIZZAZIONE DELL\'IMPIANTO CANALIZZATO (APERTURA FORI PER ALLOGGIAMENTO BOCCHETTE IMPIANTO CANALIZZATO SU MURATURE INTERNI ED ESTERNE OLTRE INSTALLAZIONE TELAI BOCCHETTE DI RIPRESA ARIA)'),
	('ASSISTENZE MURARIE GENERALI COMPRESE QUELLE AGLI IMPIANTISTI (anche per eventuali sostituzione delle canne fumarie, del Velux condominiale, per ripristini murari interni, per la sostituzione dei cassonetti, dei termosifoni o altro)'),
	('CARTEGGIATURA, PREPARAZIONE FONDO, ANTIRUGGINE E VERNICIATURA RINGHIERE BALCONI '),
	('CHIUSURA SOTTOFINESTRE CON MATTONI A SEI FORI OLTRE INTONACO E RASATURA DEGLI STESSI'),
	('COLLEGAMENTO COMPLETO DELL\'IMPIANTO TERMICO-SANITARIO ALLA CALDAIA COMPLETO DI TUTTI GLI ACCESSORI/COLLETTORI/ETC. NECESSARI AL FUNZIONAMENTO DEGLI IMPIANTI '),
	('COPERTURA IN CEMENTO DI IMPIANTI ELETTRICI ED IDRAULICI   '),
	('DEMOLIZIONE E SMALTIMENTO PAVIMENTI INTERNI'),
	('DEMOLIZIONE E SMALTIMENTO PAVIMENTI, REALIZZAZIONE DI UNA MANO DI GUAINA CATRAMATA, REALIZZAZIONE SOTTOFONDI, REALIZZAZIONE IMPERMEABILIZZAZIONE TIPO MAPELASTIC E POSA PIASTRELLE COMPRENSIVO DI TUTTI I MATERIALI PER LA MESSA IN OPERA (COLLANTE, STUCCO, CROCETTE, PIASTRELLE MAX 20/MQ,...)'),
	('DEMOLIZIONE E SMALTIMENTO RIVESTIMENTI'),
	('DEMOLIZIONE E SMALTIMENTO RIVESTIMENTI IN PIASTRELLE/PIETRE ESISTENTE E PREPARAZIONE FONDO PER POSA CAPPOTTO'),
	('DEMOLIZIONE E SMALTIMENTO SOLETTA IN C.A.'),
	('DEMOLIZIONE E SMALTIMENTO TETTO IN LEGNO ESISTENTE'),
	('DEMOLIZIONE TOTALE EDIFICIO CON SMALTIMENTO MACERIE PARTICOLARI'),
	('DEMOLIZIONE TOTALE EDIFICIO CON SMALTIMENTO MACERIE SEMPLICI'),
	('DEMOLIZIONI E SMALTIMENTO MURATURE ESTERNE '),
	('DEMOLIZIONI E SMALTIMENTO TRAMEZZI INTERNI'),
	('EVENTUALE REALIZZAZIONE GUAINA CATRAMATA A DOPPIO STRATO DA 4mm SU CORNICIONE'),
	('FORNITURA BOX DOCCIA IN CRISTALLO'),
	('FORNITURA CALDAIA A CONDENSAZIONE '),
	('FORNITURA CALDAIA IBRIDA '),
	('FORNITURA CICLO COMPLETO PER CAPPOTTO (COLLA, RETE, TASSELLI, PARASPIGOLI, INTONACHINO,)'),
	('FORNITURA COLONNA DOCCIA/DOCCINO'),
	('FORNITURA COPERTINE RIBASSATE BALCONI DA 15cm IN SERIZZO SPAZZOLATO/GRANITO ARTIC O SIMILE DA 1-3cm CON GOCCIOLATOIO 1X1cm AD 1 cm CON RIBASSO DA 3cm'),
	('FORNITURA DAVANZALI ESTERNI TIPO LUSERNA SPAZZOLATO PER FINESTRA O PORTA-FINESTRA'),
	('FORNITURA DAVANZALI ESTERNI TIPO SERIZZO SPAZZOLATO PER FINESTRA O PORTA-FINESTRA'),
	('FORNITURA DAVANZALI INTERNI TIPO LUSERNA SPAZZOLATO PER FINESTRA O PORTA-FINESTRA'),
	('FORNITURA DAVANZALI INTERNI TIPO SERIZZO SPAZZOLATO PER FINESTRA O PORTA-FINESTRA'),
	('FORNITURA E POSA CASSETTE GEBERIT DA INCASSO A DUE PULSANTI '),
	('FORNITURA E POSA CITOFONO'),
	('FORNITURA E POSA COPERTINE RIBASSATE BALCONI DA 15cm IN SERIZZO SPAZZOLATO/GRANITO ARTIC O SIMILE DA 1-3cm CON GOCCIOLATOIO 1X1cm AD 1 cm CON RIBASSO DA 3cm'),
	('FORNITURA E POSA COPPIA COMBIFIX'),
	('FORNITURA E POSA FALDALERIA GENERALE TIPO PLUVIALI, GRONDE, CONVERSE (COMPRESI DI ACCESSORI TIPO CICOGNE, COLLARI, TERMINALI,) IN LAMIERA PREVERNICIATA TESTA DI MORO NECESSARIA ALLO SCARICO DELLE ACQUE PIOVANE PER LA BUONA RIUSCITA DELL\'OPERA'),
	('FORNITURA E POSA LINEA VITA TETTO COMPRENSIVA DI PROGETTO'),
	('FORNITURA E POSA MASCHERINE PER PORTE INTERNE'),
	('FORNITURA E POSA TELAI TIPO SCRIGNO '),
	('FORNITURA E POSA TERMOARREDI STANDARD 50X120'),
	('FORNITURA E POSA TERMOARREDI STANDARD 50X120 ELETTRICO AD OLIO'),
	('FORNITURA E POSA VIDEOCITOFONO TIPO TICINO'),
	('FORNITURA IMPIANTO FOTOVOLTAICO 4,4kW + ACCUMULO 5kW '),
	('FORNITURA IMPIANTO FOTOVOLTAICO 6kW + ACCUMULO 10kW '),
	('FORNITURA ISOLANTE EPS DA 10CM PER CAPPOTTO 0,031 W/Mk'),
	('FORNITURA ISOLANTE EPS DA 12CM PER CAPPOTTO 0,031 W/Mk CON CICLO COMPLETO'),
	('FORNITURA ISOLANTE EPS DA 14CM PER CAPPOTTO 0,031 W/Mk'),
	('FORNITURA ISOLANTE EPS POLISTIRENE DA 14CM 0,031 W/Mk E PANNELLI IN OSB PER ULTIMA SOLETTA SOTTOTETTO '),
	('FORNITURA ISOLANTE XPS POLIURETANO DA 10CM 0,022 W/Mk PER COPERTURE O SOTTOPAVIMENTI'),
	('FORNITURA LANA DI ROCCIA DA 16/18 CM 0,036 W/Mk PER COPERTURA ULTIMA SOLETTA O DA CONTROSOFFITTO'),
	('FORNITURA MASCHERINA DI ANCORAGGIO PERSIANE ED APPOGGIO CAPPOTTO'),
	('FORNITURA MATERIALE NECESSARIO ALLA REALIZZAZIONE DELL\'IMPIANTO DI RISCALDAMENTO A PAVIMENTO SU BUGNATO DA 1-3cm COMPRENSIVO DI TUTTI I COLLETTORI E GLI ACCESSORI PER IL CONTROLLO DOMOTICO DELL\'IMPIANTO'),
	('FORNITURA MATERIALE PER LA REALIZZAZIONE IMPIANTO CANALIZZATO PER RICIRCOLO ARIA '),
	('FORNITURA MATERIALI PER LA MESSA IN OPERA DEL TETTO (GRANDE E PICCOLA ORDITURA, FRENO VAPORE,)'),
	('FORNITURA MISCELATORE '),
	('FORNITURA NUOVE RINGHIERE BALCONI CON TRATTAMENTO ANTIRUGGINE E VERNICIATURA A POLVERE DELLE STESSE'),
	('FORNITURA NUOVE TELAI/MASCHERINE PER SERRAMENTI'),
	('FORNITURA PAVIMENTO '),
	('FORNITURA PIATTO DOCCIA IN RESINA SINTETICA MISURE 80 X 120'),
	('FORNITURA POMPA DI CALORE CALDO/FREDDO'),
	('FORNITURA PORTE INTERNE COMPRENSIVO DELLA MANIGLIA E TUTTI GLI ACCESSORI NECESSARI'),
	('FORNITURA RIVESTIMENTI'),
	('FORNITURA SERRAMENTI ESTERNI IN PVC'),
	('FORNITURA SOLARE TERMICO COMPLETO DI BOLLITORE DA 300L + 2 PANNELLI DA 2.5mq'),
	('FORNITURA TAVOLATO OSB DA 1CM SU ISOLANTE SOTTOTETTO'),
	('FORNITURA UNITA\' PUNTUALE DI RICIRCOLO ARIA '),
	('FORNITURA ZOCCOLATURA IN PIETRA O SIMIL MATERIALE PER ALTEZZA DI 50cm/60cm SULL\'INTERO PERIMETRO DEL FABBRICATO'),
	('FORNITURA ZOCCOLINO O RIVESTIMENTO'),
	('GETTATA IN CLS SU ISOLANTE SOTTOTETTO'),
	('INSTALLAZIONE CALDAIA A CONDENSAZIONE FORNITA DAL GENERAL CONTRACT COMPRENSIVA DELLA FORNITURA DI TUTTI GLI ACCESSORI (DEFANGATORE, SCARICO CONDENSE, RACCORDI, VALVOLE,)'),
	('INSTALLAZIONE CALDAIA IBRIDA FORNITA DAL GENERAL CONTRACT COMPRENSIVA DELLA FORNITURA DI TUTTI GLI ACCESSORI (DEFANGATORE, SCARICO CONDENSE, RACCORDI, VALVOLE,)'),
	('INSTALLAZIONE COLONNINA ELETTRICA AUTO AGGIUNTIVA COMPRENSIVO DEL MATERIALE ELETTRICO NECESSARIO'),
	('INSTALLAZIONE DOMOTICA IMPIANTO RISCALDAMENTO'),
	('INSTALLAZIONE DOMOTICA IMPIANTO RISCALDAMENTO E VENTILAZIONE'),
	('INSTALLAZIONE LAVANDINO BAGNO COMPRENSIVO DI ACCESSORI (specchi e luci)'),
	('INSTALLAZIONE POMPA DI CALORE FORNITA DAL GENERAL CONTRACT COMPRENSIVA DELLA FORNITURA DI TUTTI GLI ACCESSORI (SCARICO CONDENSE, RACCORDI, VALVOLE,)'),
	('INSTALLAZIONE SOLARE TERMICO COMPLETO DI BOLLITORE FORNITO DALLA HELITEC COMPRENSIVO DELLA FORNITURA MINUTERIA NECESSARIA E TUBAZIONE DI COLLEGAMENTO TRA SOLARE E BOLLITORE '),
	('ISOLAMENTO A CAPPOTTO INTONACATO IN AEROGEL SOTTO SOLETTA LATO CANTINE/BOX DA 6 CM ? 0,021 '),
	('ISOLAMENTO A CAPPOTTO NON INTONACATO SOTTO SOLETTA LATO CANTINE/BOX DA 14-16 CM ? 0,031'),
	('ISOLAMENTO PARETI ESTERNE O VS AMBIENTI NON RISCALDATI TRAMITE INSUFFLAGGIO COMPRENSIVO DI TUTTE LE OPERE ACCESSORIE (REALIZZAZIONE E CHIUSURA FORI, TINTA INTERNA,...) spessore intercapedine  13/15cm '),
	('ISOLAMENTO SOTTOBALCONI, FRONTALINI E PAVIMENTO BALCONI TRAMITE CAPPOTTO SPESSORE 2-3CM 0,031 W/mK COMPRENSIVO DI TUTTE LE OPERE ACCESSORIE '),
	('LAVAGGIO PIETRA O PARAMANO'),
	('LAVORAZIONE COMPLETA - ISOLAMENTO A CAPPOTTO INTONACATO SOTTO SOLETTA LATO CANTINE/BOX DA 10 CM ? 0,031 '),
	('LAVORAZIONE COMPLETA - ISOLAMENTO PARETI ESTERNE O VS AMBIENTI NON RISCALDATI TRAMITE CAPPOTTO SPESSORE 12CM 0,031 W/mK COMPRENSIVO DI TUTTE LE OPERE ACCESSORIE (PARASPIGOLI, RISVOLTO BATTUTA SERRAMENTO, RISEGHE E COPERTURA IN LAMIERA FORATA VERNICIATA DELLE TUBAZIONI DEL GAS, LAVORAZIONE DAVANZALI E SPOSTAMENTI GRONDE E DISCESE,...)'),
	('MAGGIORAZIONE FORFETTARIA PER IMPREVISTI DI CANTIERE NON CONSIDERATI NEL PREVENTIVO CANTIERE O QUALUNQUE ALTRA OPERA NECESSARIA ALLA BUONA RIUSCITA DELL\'INTERVENTO DA PORTARE CONSEGNATO "CHIAVI IN MANO" '),
	('MANODOPERA PER LA REALIZZAZIONE IMPIANTO CANALIZZATO PER RICIRCOLO ARIA'),
	('MODIFICA RINGHIERE O REALIZZAZIONE DIVERSO ANCORAGGIO RINGHIERE AL BALCONE'),
	('MONTAGGIO E SMONTAGGIO DI PONTEGGI COME DA CAPITOLATO FORNITO DAL GENERAL CONTRACT'),
	('MONTAGGIO NUOVE RINGHIERE BALCONI'),
	('MOTORIZZAZIONE TAPPARELLE ELETTRICHE'),
	('NOLEGGIO, MONTAGGIO E SMONTAGGIO DI PONTEGGI COME DA CAPITOLATO PER LA DURATA DI 3 MESI (EVENTUALE SUPERAMENTO DEI 3 MESI 1,7/MQ)'),
	('POSA BOX DOCCIA STANDARD '),
	('POSA CAPPOTTO ISOLANTE SOTTO SOLETTA LATO CANTINE/BOX COMPRENSIVO DI TUTTE LE OPERE ACCESSORIE  (PARASPIGOLI, RISVOLTO BATTUTA SERRAMENTO, RISEGHE E COPERTURA IN LAMIERA FORATA VERNICIATA DELLE TUBAZIONI DEL GAS, LAVORAZIONE DAVANZALI E SPOSTAMENTI GRONDE E DISCESE,...)'),
	('POSA CAPPOTTO ISOLANTE SU PARETI ESTERNE O VS AMBIENTI NON RISCALDATI COMPRENSIVO DI TUTTE LE OPERE ACCESSORIE (PARASPIGOLI, RISVOLTO BATTUTA SERRAMENTO, RISEGHE E COPERTURA IN LAMIERA FORATA VERNICIATA DELLE TUBAZIONI DEL GAS, LAVORAZIONE DAVANZALI E SPOSTAMENTI GRONDE E DISCESE,...)'),
	('POSA COLONNA DOCCIA/DOCCINO DOCCIA'),
	('POSA COPERTINE BALCONI DA 15cm COMPRENSIVO DEL MATERIALE PER LA MESSA IN OPERA'),
	('POSA DAVANZALI INTERNO/ESTERNO FINESTRA '),
	('POSA IMPIANTO FOTOVOLTAICO 6kW + ACCUMULO 9,9kW + COLONNINA ELETTRICA COMPRENSIVO DI FORNITURA ACCESSORISTICA (CAVI, PASSAGGIO CORRUGATI,...) CON MATERIALI PRINCIPALI FORNITI DALLA HELITEC '),
	('POSA ISOLANTE IN PANNELLI SU SOLETTA OLTRE POSA PANNELLI IN OSB'),
	('POSA ISOLANTE IN ROTOLI SU SOLETTA OLTRE POSA PASSERELLE DI CAMMINAMENTO'),
	('POSA MASCHERINA DI ANCORAGGIO PERSIANE ED APPOGGIO CAPPOTTO'),
	('POSA MISCELATORE '),
	('POSA NUOVE TELAI/MASCHERINE PER SERRAMENTI'),
	('POSA PARQUET COMPRENSIVO DI TUTTI I MATERIALI PER LA MESSA IN OPERA (COLLANTE, STUCCO,...)'),
	('POSA PIASTRELLE COMPRENSIVO DI TUTTI I MATERIALI PER LA MESSA IN OPERA (COLLANTE, STUCCO, CROCETTE,...)'),
	('POSA PORTE INTERNE'),
	('POSA RISCALDAMENTO A PAVIMENTO SU BUGNATO DA 1-3cm CON MATERIALI FORNITI DALLA HELITEC COMPRENSIVA DELLE OPERE ACCESSORIE'),
	('POSA RIVESTIMENTI COMPRENSIVO DI TUTTI I MATERIALI PER LA MESSA IN OPERA (COLLANTE, STUCCO, CROCETTE,...)'),
	('POSA SERRAMENTI ESTERNI IN PVC'),
	('POSA TETTO IN LEGNO CON GRANDE, PICCOLA ORDINTURA E TEGOLE IL TUTTO FORNITO DAL GENERAL CONTRACT COMPRENSIVO DELLE OPERE MURARIE ACCESSORIE '),
	('POSA ZOCCOLATURA IN PIETRA O SIMIL MATERIALE PER ALTEZZA DI 50cm/60cm SULL\'INTERO PERIMETRO DEL FABBRICATO'),
	('POSA ZOCCOLINO PERIMETRALE'),
	('PREDISPOSIZIONE ANTIFURTO '),
	('PREDISPOSIZIONE PUNTO CONDIZIONATORE (PARTE ELETTRICA ED IDRAULICA)'),
	('PREPARAZIONE E TINTEGGIATURA FRONTALINI E CORNICIONI'),
	('PREPARAZIONE E TINTEGGIATURA INTERNA CORRIDOI - DISIMPEGNI - BAGNI (stanza max. 15mq)'),
	('PREPARAZIONE E TINTEGGIATURA INTERNA STANZE PRINCIPALI (stanza max. 25mq)'),
	('PREPARAZIONE E TINTEGGIATURA INTERNA VANO SCALE'),
	('PREPARAZIONE FACCIATA TRAMITE RABOTTATURA INTONACO ESISTENTE PER LA REGOLARIZZAZIONE DELLE SUPERFICI O PREPARAZIONE SOTTOFONDO CERAMICO TRAMITE SMERIGLIATURA A DISCO PER PORIZZARE LE SUPERFICI ESISTENTI OPPURE IN ALTERNATIVA STESURA PRIMER CERTIFICATO IDONEO ALLA POSA DEL CAPPOTTO'),
	('PREPARAZIONE SOTTOFONDO PER RIVESTIMENTI'),
	('RALIZZAZIONE NUOVO CENTRO VOLTA-PUNTO TUBO'),
	('REALIZZAZIONE BALCONE IN C.A. '),
	('REALIZZAZIONE CASSONETTI IN CARTONGESSO'),
	('REALIZZAZIONE CONTROSOFFITTO A QUADROTTE ISOLATO LATO CANTINE/BOX CON LANA DI ROCCIA DA 14-16CM 0,036 W/mK COMPRENSIVO DELLA FORNITURA TOTALE DEI MATERIALI PER LA MESSA IN OPERA (ISOLANTE, CARTONGESSO, STRUTTURE,...)'),
	('REALIZZAZIONE CONTROSOFFITTO LISCIO  A QUADROTTE'),
	('REALIZZAZIONE CONTROSOFFITTO LISCIO MONOLITICO'),
	('REALIZZAZIONE CORDOLATURE IN C.A. COMPRESIVO DEL MATERIALE PER LA MESSA IN OPERA'),
	('REALIZZAZIONE FINTO CORNICIONE IN ACQUAPANEL A COPERTURA DEI TRAVI IN LEGNO'),
	('REALIZZAZIONE FORO DIAM. 160mm PER  RICIRCOLO ARIA PUNTUALE COMPRENSIVO DELLA REALIZZAZIONE DELL\'ALIMENTAZIONE ELETTRICA'),
	('REALIZZAZIONE FORO DIAM. 160mm PER  RICIRCOLO ARIA PUNTUALE SENZA ALIMENTAZIONE ELETTRICA'),
	('REALIZZAZIONE GUAINA BITUMINOSA LIQUIDA - CATRAMINA'),
	('REALIZZAZIONE GUAINA CATRAMATA AD UNO STRATO DA 4mm'),
	('REALIZZAZIONE IMPERMEABILIZZAZIONE CON MAPELASTIC/NANOFLEX O SIMILE'),
	('REALIZZAZIONE MASSETTO DI SOTTOFONDO PER POSA PIASTRELLE BALCONE OLTRE APPLICAZIONE DI GUAINA BITUMINOSA LIQUIDA - CATRAMINA E IMPERMEABILIZZAZIONE TRAMITE MAPELASTIC DELLO STESSO '),
	('REALIZZAZIONE MASSETTO DI SOTTOFONDO PER POSA PIASTRELLE COMPRENSIVO DEL MATERIALE'),
	('REALIZZAZIONE NICCHIA BALCONE PER ALLOGGIAMENTO CALDAIA'),
	('REALIZZAZIONE NUOVE MURATURE ESTERNE PERIMETRALI IN POROTON DA 20-25 O CASSA VUOTA 8+12'),
	('REALIZZAZIONE NUOVI IMPIANTI ELETTRICI CON SERIE BTICINO MATIX O SIMILE'),
	('REALIZZAZIONE NUOVI INTONACI INTERNI'),
	('REALIZZAZIONE NUOVI TRAMEZZI INTERNI'),
	('REALIZZAZIONE NUOVO CENTRALINO ELETTRICO'),
	('REALIZZAZIONE NUOVO PUNTO GAS CALDAIA'),
	('REALIZZAZIONE NUOVO TETTO IN LEGNO COMPLETO DI  PERLINA DA 2CM, ISOLAMENTO DA 14 CM ? 0,031 LISTELLATURA E TEGOLE PORTOGHESI ANTICHIZZATE COMPRENSIVO DI FERMANEVE'),
	('REALIZZAZIONE NUOVO TETTO IN LEGNO COMPLETO DI PERLINA DA 2CM, ISOLAMENTO DA 10 CM ? 0,031 LISTELLATURA E TEGOLE PORTOGHESI ANTICHIZZATE'),
	('REALIZZAZIONE NUOVO TETTO IN LEGNO CON LISTELLATURA E TEGOLE PORTOGHESI ANTICHIZZATE'),
	('REALIZZAZIONE OPERE ACCESSORIE ALLA REALIZZAZIONE DELLA CENTRALE TERMICA '),
	('REALIZZAZIONE PUNTO ACQUA SCARICO+CARICO FREDDA/CALDA COMPRENSIVO DI MONTAGGIO TERMOARREDI/SANITARI '),
	('REALIZZAZIONE PUNTO GAS CUCINA COMPRENSIVO DI SARACINESCA'),
	('REALIZZAZIONE RASATURE INTERNE'),
	('REALIZZAZIONE RINFORZO DA 5CM IN C.A. SU SOLETTA ESISTENTE COMPRENSIVO DEL MATERIALE PER LA MESSA IN OPERA'),
	('REALIZZAZIONE SCALE IN C.A. DI COLLEGAMENTO TRA I VARI PIANI'),
	('REALIZZAZIONE SOLAIO IN C.A. E TERRAZZO'),
	('REALIZZAZIONE SOTTOFONDO DI RIEMPIMENTO SU IMPIANTI  '),
	('REALIZZAZIONE STRUTTURA DI FONDAZIONE E PILASTRI IN C.A.'),
	('REALIZZAZIONE TETTUCCIO IN LEGNO PERLINE E TEGOLE'),
	('REALIZZAZIONE VESPAIO AERATO DA 20CM CON SCAVO DA 35CM, GETTATA DI PULIZIA DA 10CM, IGLOO DA 20CM, RETE ELETTROSALDATA E GETTO IN CLS DA 4-5 CM'),
	('RIFACIMENTO COLONNA DI SCARICO CON APERTURA ESTERNA LATO FACCIATA'),
	('RIFACIMENTO ISOLAMENTO COPERTURA CON MATERIALE ISOLANTE DA 14 CM ? 0,031 E TEGOLE PORTOGHESI RIUTILIZZANDO LE TEGOLE ESISTENTI'),
	('RIFACIMENTO PILASTRI IN C.A. COMPRENSIVO DEL MATERIALE PER LA MESSA IN OPERA'),
	('RIMOZIONE E SMALTIMENTO CISTERNA E CALDAIA A GASOLIO'),
	('RIMOZIONE E SMALTIMENTO TUBAZIONI IN AMIANTO'),
	('RIPARAZIONE, RIFACIMENTO E TINTEGGIATURA CORNICIONI E SOTTOBALCONI'),
	('RIVESTIMENTO RAMPA SCALE DI COLLEGAMENTO TRA UN PIANO ED IL SUCCESSIVO CON PIASTRELLE FORNITE DALLA HELITEC SRL ED ANGOLARE FORNITO DALL\'IMPRESA ESECUTRICE'),
	('SCARTAVETRATURA E IMPREGNATURA SPORTO TETTO'),
	('SCAVO A SEZIONE OBBLIGATA CON SMALTIMENTO DELLE TERRE DI RIPORTO'),
	('SCAVO A SEZIONE OBBLIGATA SENZA SMALTIMENTO DELLE TERRE DI RIPORTO'),
	('SCAVO CON TAGLIO E DEMOLIZIONE ASFALTO/CEMENTO ESISTENTE'),
	('SISTEMAZIONE/REALIZZAZIONE DI MARCIAPIEDE IMPERMEABILIZZATO E PIASTRELLATO SU TERRA-PIENO'),
	('SMALTIMENTO MACERIE E ISOLANTE'),
	('SMONTAGGIO APPARECCHIATURE ELETTRICHE (Montaggio e rimontaggio lampade, condizionatori,)'),
	('SMONTAGGIO APPARECCHIATURE IDRAULICHE E TERMICHE'),
	('SMONTAGGIO E RIMONTAGGIO OGGETTI IN FACCIATA PER LA BUONA RIUSCITA DEI LAVORI (scatole di derivazione, condizionatori, tende da sole, verande, tettoie,)'),
	('SMONTAGGIO E SMALTIMENTO PORTE INTERNE'),
	('SOSTITUZIONE FORNITURA NUOVE RINGHIERE BALCONI CON TRATTAMENTO ANTIRUGGINE E VERNICIATURA A POLVERE DELLE STESSE'),
	('TINTEGGIATURA FACCIATA ');
/*!40000 ALTER TABLE `voce_capitolato` ENABLE KEYS */;

/*!40101 SET SQL_MODE=IFNULL(@OLD_SQL_MODE, '') */;
/*!40014 SET FOREIGN_KEY_CHECKS=IF(@OLD_FOREIGN_KEY_CHECKS IS NULL, 1, @OLD_FOREIGN_KEY_CHECKS) */;
/*!40101 SET CHARACTER_SET_CLIENT=@OLD_CHARACTER_SET_CLIENT */;
