-- --------------------------------------------------------
-- Host:                         127.0.0.1
-- Versione server:              10.7.7-MariaDB - mariadb.org binary distribution
-- S.O. server:                  Win64
-- HeidiSQL Versione:            12.2.0.6576
-- --------------------------------------------------------

/*!40101 SET @OLD_CHARACTER_SET_CLIENT=@@CHARACTER_SET_CLIENT */;
/*!40101 SET NAMES utf8 */;
/*!50503 SET NAMES utf8mb4 */;
/*!40103 SET @OLD_TIME_ZONE=@@TIME_ZONE */;
/*!40103 SET TIME_ZONE='+00:00' */;
/*!40014 SET @OLD_FOREIGN_KEY_CHECKS=@@FOREIGN_KEY_CHECKS, FOREIGN_KEY_CHECKS=0 */;
/*!40101 SET @OLD_SQL_MODE=@@SQL_MODE, SQL_MODE='NO_AUTO_VALUE_ON_ZERO' */;
/*!40111 SET @OLD_SQL_NOTES=@@SQL_NOTES, SQL_NOTES=0 */;


-- Dump della struttura del database contabilita_cantieri
CREATE DATABASE IF NOT EXISTS `contabilita_cantieri` /*!40100 DEFAULT CHARACTER SET latin1 COLLATE latin1_swedish_ci */;
USE `contabilita_cantieri`;

-- Dump della struttura di tabella contabilita_cantieri.cantiere
CREATE TABLE IF NOT EXISTS `cantiere` (
  `numero` int(5) unsigned zerofill NOT NULL,
  `denominazione` varchar(50) DEFAULT NULL,
  `indirizzo` varchar(50) DEFAULT NULL,
  `comune` varchar(50) DEFAULT NULL,
  `preventivo` double(15,2) DEFAULT NULL,
  `importo_tot` double(15,2) DEFAULT NULL,
  PRIMARY KEY (`numero`)
) ENGINE=InnoDB DEFAULT CHARSET=latin1 COLLATE=latin1_swedish_ci;

-- Dump dei dati della tabella contabilita_cantieri.cantiere: ~171 rows (circa)
INSERT INTO `cantiere` (`numero`, `denominazione`, `indirizzo`, `comune`, `preventivo`, `importo_tot`) VALUES
	(00000, 'MAGAZZINO', NULL, NULL, NULL, 500940.48),
	(00001, 'DE ROSA DAMIANO', 'VIA RIVOLI 23', 'GIVOLETTO', NULL, 8917.00),
	(00002, 'FRASCAROLO RICCARDO', 'VIA CECCO ANGIOLIERI 5', 'DRUENTO', NULL, 28996.52),
	(00003, 'FRASCAROLO PAOLA - GRIGIANTE ', 'VIA CECCO ANGIOLIERI 7', 'DRUENTO', NULL, 1600.00),
	(00004, 'VISCONTI ', 'VIA ALMESE 4', 'DRUENTO', NULL, NULL),
	(00005, 'MICELI ALESSANDRO ', 'VICOLO CHIATELLINO 4', 'DRUENTO', NULL, 15000.00),
	(00006, 'MICELI MAURIZIO', 'VIA RISORGIMENTO 17', 'DRUENTO', NULL, NULL),
	(00007, 'MICELI BERNARDO', 'VIA VALDELLATORRE 153', 'CASELETTE', NULL, NULL),
	(00008, 'FONTANA ANGELA', 'VIA PAIROLERO 22/24', 'VENARIA', NULL, 99558.23),
	(00009, 'STRADA MADONNA 24 - IMBESI', 'STRADA MADONNA 24', 'DRUENTO', NULL, 1000.00),
	(00010, 'CANTONE MAURO - LUCIA', 'VIA CHIABERGE 118', 'VAL DELLA TORRE', NULL, 13428.91),
	(00011, 'LOCANA GIACOMO', 'VIA GARIBALDI 12/2', 'DRUENTO', NULL, NULL),
	(00012, 'IACOBONE DANIELE', 'VIA GARIBALDI 18', 'DRUENTO', NULL, NULL),
	(00013, 'GAIDO GIOVANNI', 'VIA MONTE LERA', 'VARISELLA', NULL, 3171.20),
	(00015, 'SOFRONI', 'VIA RISORGIMENTO 14', 'DRUENTO', NULL, NULL),
	(00016, 'FALCONE FEDERICA ', 'VIA GUIDO GOZZANO 2', 'DRUENTO', NULL, NULL),
	(00017, 'CONTALDO ANNA - VERGNANO ANNA', 'STRADA PASTURANTI 2', 'DRUENTO', NULL, 878.41),
	(00018, 'VIA SAN GIOVANNI BOSCO 12 - IMBESI', 'VIA SAN GIOVANNI BOSCO 12', 'DRUENTO', NULL, 350.00),
	(00019, 'VIA PIANEZZA 14 - IMBESI', 'VIA PIANEZZA 14', 'DRUENTO', NULL, NULL),
	(00021, 'VIALE MEDICI DEL VASCELLO 14 - IMBESI', 'VIALE MEDICI DEL VASCELLO 14', 'DRUENTO', NULL, NULL),
	(00022, 'NEGRIN ALBAROSA', 'VIA MARCO POLO 14', 'SAN GILLIO', NULL, 250.00),
	(00023, 'BOTTERO MATTEO', 'STRADA DELLA BARRA 19', 'DRUENTO', NULL, 2904.31),
	(00024, 'FERRETTI - TORASSA ', 'VIALE PAPA GIOVANNI XXIII 8', 'DRUENTO', NULL, 1200.00),
	(00025, 'MARCABRUN CARLO', 'VIA GORIZIA 3', 'VENARIA', NULL, NULL),
	(00026, 'FERRONE MARIA ROSARIA', 'VIA PADOVA 50', 'VOLPIANO', NULL, 1000.00),
	(00027, 'POLIZZI LUCA', 'STRADA COMMENDA 3', 'DRUENTO', NULL, 28825.25),
	(00028, 'RUFFINO SABRINA', 'VIA DEI GLICINI 12', 'BRUINO', NULL, 21794.32),
	(00029, 'CANTONE SIMONA', 'VIA ALFIERI 47', 'SAN GILLIO', NULL, NULL),
	(00031, 'PANSINI MASSIMILIANO', 'VIA PARADISO 19', 'RIVAROSSA', NULL, NULL),
	(00032, 'PALERMO ROBERTO', 'VIA PETRARCA 15', 'DRUENTO', NULL, 600.00),
	(00033, 'TORASSA BERNARDINO', 'STRADA MISTERLETTA 7/2', 'DRUENTO', NULL, NULL),
	(00034, 'CONDOMINIO ANGELO', 'VIA BORSI 110', 'TORINO', NULL, NULL),
	(00035, 'VIA MANZONI 26 - IMBESI', 'VIA MANZONI 26', 'DRUENTO', NULL, 118876.80),
	(00037, 'DI MASSA VINCENZO', 'VIA CLEMENTE MACARIO 28', 'CIRIE\'', NULL, NULL),
	(00039, 'DEZANI PAOLO', 'VICOLO CHIATELLINO 2', 'DRUENTO', NULL, 2000.00),
	(00040, 'VIALE MEDICI DEL VASCELO 6 - IMBESI', 'VIALE MEDICI DEL VASCELO 6', 'DRUENTO', NULL, NULL),
	(00041, 'POTENZA SILVIA', 'VIA VAL DELLA TORRE 1', 'SAN GILLIO', NULL, NULL),
	(00043, 'VIA TOSCANINI 10 - POLICARO', 'VIA TOSCANINI 10', 'DRUENTO', NULL, NULL),
	(00044, 'MAGNANO ANNA', 'VIA BONINO 80/11', 'SANGANO', NULL, 17252.00),
	(00045, 'EPIFANI FABRIZIO', 'VIA PETRARCA 20', 'DRUENTO', NULL, NULL),
	(00048, 'VIA SIBONA 4 - POLICARO', 'VIA SIBONA 4', 'DRUENTO', NULL, 210340.52),
	(00049, 'CASTAGNO FRANCA', 'VIA CARLO CARLI 16', 'AVIGLIANA', NULL, NULL),
	(00050, 'MIGLIORERO MANUELA', 'VIA BRUNETTO 84', 'SAN MAURIZIO', NULL, NULL),
	(00052, 'VILELLA ANNA - CARNINO CARLO ', 'VIA RISORGIMENTO 10/7', 'DRUENTO', NULL, NULL),
	(00053, 'CARNINO - CASETTA', 'VIA RISORGIMENTO 7', 'DRUENTO', NULL, NULL),
	(00054, 'CUCUZZA MARCO', 'VIA QUATTRO CASE 4', 'CASELLE ', NULL, 79709.00),
	(00055, 'GIOVANNINI PIERO - DRUENTO', 'VIA FORVILLA 13', 'DRUENTO', NULL, 32178.87),
	(00056, 'VIA TORINO 56 - POLICARO', 'VIA TORINO 56', 'DRUENTO', NULL, 135943.70),
	(00057, 'VIA VELASCO 9 - POLICARO', 'VIA VELASCO 9', 'DRUENTO', NULL, 463.80),
	(00058, 'GHIAZZA', 'VIA DANTE ALIGHIERI 14', 'DRUENTO', NULL, 3250.81),
	(00059, 'VENARIA MAURIZIO', 'VIA ROLLE 27', 'VENARIA', NULL, 268.99),
	(00060, 'IANNOTTA FRANCO', 'VIA PIANEZZA 20', 'DRUENTO', NULL, NULL),
	(00061, 'VIA TORINO 24 - POLICARO', 'VIA TORINO 24', 'DRUENTO', NULL, NULL),
	(00062, 'DE CIERO - RIINA', 'VIA ROSSINI 3', 'DRUENTO', NULL, 3587.85),
	(00063, 'CONDOMINIO BELLAVISTA GIVOLETTO - IMBESI', 'VIA SAN SECONDO 21', 'GIVOLETTO', NULL, NULL),
	(00064, 'VIA DONIZETTI 1 - IMBESI', 'VIA DONIZETTI 1', 'DRUENTO', NULL, 26910.00),
	(00065, 'VIA MORANDI 5 - IMBESI', 'VIA MORANDI 5', 'DRUENTO', NULL, 117362.89),
	(00066, 'VIALE PAPA GIOVANNI XXIII 5 - IMBESI', 'VIALE PAPA GIOVANNI XXIII 5', 'DRUENTO', NULL, 22968.20),
	(00067, 'VIALE PAPA GIOVANNI XXIII 7-9 - IMBESI', 'VIALE PAPA GIOVANNI XXIII 7-9', 'DRUENTO', NULL, 121950.16),
	(00068, 'VIA TORINO 32/1 - IMBESI', 'VIA TORINO 32/1', 'DRUENTO', NULL, NULL),
	(00069, 'PERRICONE NICOLO\'', 'VIA MULINO 9/5', 'DRUENTO', NULL, 45434.96),
	(00070, 'VIA PUCCINI 10-12 - POLICARO', 'VIA PUCCINI 10-12', 'DRUENTO', NULL, NULL),
	(00071, 'MANICCHIA ANDREA', 'VIA GAETANO AMATI 125', 'VENARIA', NULL, 39937.93),
	(00072, 'VIA MORANDI 4 - IMBESI', 'VIA MORANDI 4', 'DRUENTO', NULL, NULL),
	(00073, 'COCUMELLI', 'VIA MOSELE 23', 'VENARIA', NULL, 828.84),
	(00074, 'DEDONATO ANTONIO ', 'STRADA MARSAGLIA 1', 'CUMIANA', NULL, NULL),
	(00075, 'CACICI', 'VIA GIOVANNI BATTISTA GANDINO 48', 'TORINO', NULL, NULL),
	(00076, 'LEGGIO ISIDORO', 'VIA BELLUCCO 40', 'VENARIA', NULL, 25105.90),
	(00078, 'HERCIU', 'VIA ZARA 13 ', 'MONCALIERI', NULL, 16466.00),
	(00079, 'PAGNANO MICHELA', 'VIA CRISTOFORO COLOMBO 9', 'RIVALTA', NULL, 49554.00),
	(00080, 'FERRO FABIO', 'VIA MEUCCI 22', 'NICHELINO', NULL, 31769.88),
	(00082, 'AUSINO JENNIFER', 'VIA BRIONE 29', 'CASELETTE', NULL, NULL),
	(00083, 'CONTI SERGIO', 'VIA SERENA 25', 'SANGANO', NULL, NULL),
	(00085, 'AMEN DONATO', 'CORSO ITALIA 120', 'ROBASSOMERO', NULL, NULL),
	(00086, 'PICOLLO GIOVANNA', 'VIA CANOVA 24', 'RIVALTA', NULL, 205.00),
	(00087, 'MAZZASETTE LUCA', 'VIA BORGONUOVO 38', 'GIVOLETTO', NULL, NULL),
	(00088, 'POLICARO BRUNO', 'VIA PETRARCA 2', 'SAN GILLIO', NULL, NULL),
	(00089, 'PERRICONE  - GERACE', 'VICOLO BONINO 11', 'DRUENTO', NULL, 2160.00),
	(00090, 'PENNACCHIO MAURO', 'VIA PETRARCA 14', 'SAN GILLIO', NULL, NULL),
	(00093, 'DI TRIA LUCA', 'VICOLO D\'ALA 10', 'RIVOLI', NULL, NULL),
	(00094, 'DI TRIA NUNZIA', 'VICOLO D\'ALA 14', 'RIVOLI', NULL, NULL),
	(00095, 'BONALDO OLIVO', 'VIALE PAPA GIOVANNI XXIII 16/1', 'DRUENTO', NULL, 10876.13),
	(00096, 'BERTOTTI ELISA', 'VIA TORINO 78/A', 'GIVOLETTO', NULL, 29406.21),
	(00097, 'VIA FORVILLA 7-9-11 - POLICARO', 'VIA FORVILLA 7-9-11', 'DRUENTO', NULL, NULL),
	(00098, 'LORITO FRANCESCO', 'VICOLO BONINO 6', 'DRUENTO', NULL, NULL),
	(00099, 'CARAPELLESE GIORGIO', 'VIA PAPA GIOVANNI XXIII ', 'BRANDIZZO', NULL, NULL),
	(00100, 'SOTTIL PIER CLAUDIO', 'VIA TORINO-DRUENTO  67', 'SAVONERA', NULL, NULL),
	(00101, 'STRADA MADONNA 5 - POLICARO', 'STRADA MADONNA 5', 'DRUENTO', NULL, NULL),
	(00102, 'LIBERGOLIZA DIANA', 'VIA CESARE PAVESE 46', 'DRUENTO', NULL, 2800.00),
	(00103, 'GRIZZAFFI - CISOTTO', 'VICOLO S. LORENZO 2/1', 'DRUENTO', NULL, 14342.37),
	(00105, 'CHELOTTI CARLA', 'VIA TORINO 42', 'DRUENTO', NULL, NULL),
	(00106, 'ONOFRIO FABIO GIUSTINO', 'VIA CANOVA 106', 'RIVALTA', NULL, 2831.86),
	(00107, 'GRIGIANTE MARIA CHIARA - COCHIS EZIO', 'STRADA TROGNANI 24/3', 'DRUENTO', NULL, 55083.18),
	(00109, 'PICARDI MICHELE', 'STRADA ANTICA DELLA VENARIA 36', 'TORINO', NULL, 857.40),
	(00110, 'VIGHETTI FABRIZIO', 'VIA GUGLIELMO MARCONI 13', 'CERES', NULL, 1000.00),
	(00113, 'VIA PUCCINI 6-8 - POLICARO', 'VIA PUCCINI 6-8', 'DRUENTO', NULL, NULL),
	(00114, 'EPIFANI FABRIZIO - PIAZZA', 'CORSO CARLO BRERO 23', 'DRUENTO', NULL, 250.00),
	(00115, 'VIA CERVINO 8 PIANEZZA', 'VIA CERVINO 8', 'PIANEZZA', NULL, NULL),
	(00117, 'AMOROSINO - SBERNA', 'VIA SANTA MARIA 68/BIS', 'GIVOLETTO', NULL, 34431.15),
	(00120, 'VIA SESTRIERE 27 - MONCALIERI', 'VIA SESTRIERE 27', 'MONCALIERI', NULL, NULL),
	(00121, 'VIA ROMA 5', 'VIA ROMA 5', 'DRUENTO', NULL, NULL),
	(00122, 'NORIS VIVIANA', 'VIA ALDO CARNINO 17', 'AVIGLIANA', NULL, NULL),
	(00124, 'CONDOMINIO ALASSIO', 'CORSO DANTE ALIGHIERI 366', 'ALASSIO', NULL, NULL),
	(00125, 'LUPO', 'VIA VAL DELLA TORRE 22', 'SAN GILLIO', NULL, 45285.30),
	(00126, 'VANNI - RECALCATI ', 'VIA CECCO ANGIOLIERI 12', 'DRUENTO', NULL, NULL),
	(00127, 'VIA DANTE 1-3-5 - POLICARO', 'VIA DANTE 1-3-5', 'DRUENTO', NULL, NULL),
	(00128, 'VIA TORINO 66 - POLICARO', 'VIA TORINO 66 ', 'DRUENTO', NULL, 3500.00),
	(00130, 'MAFFIODO - POLITANO', 'VIA ROMA 61', 'ALMESE', NULL, 37260.24),
	(00131, 'SCHIAVON', 'VIA IV NOVEMBRE 18', 'BOSCONERO', NULL, NULL),
	(00132, 'MANDUCA FABIO', 'VIA PIAVE 1', 'SAN GILLIO', NULL, 7695.14),
	(00133, 'MILAZZO MATTIA', 'VIA MATTEOTTI 11', 'ALPIGNANO', NULL, 15283.78),
	(00134, 'GIOVANNINI PIERO - LA CASSA', 'VIA CAVALIER ROLLE 10/H', 'LA CASSA', NULL, 3045.74),
	(00135, 'SUPPO ALESSANDRO', 'STRADA DELLA FORNACE 31/3', 'DRUENTO', NULL, 1560.00),
	(00136, 'BRETCHER GABRIEL', 'VIA LANZO 10', 'LA CASSA', NULL, 17389.84),
	(00137, 'MUSSO', 'VIA CESARE PAVESE 25', 'DRUENTO', NULL, 16970.70),
	(00138, 'CONDOMINIO MELISSA', 'VIA RIVOLI 66', 'VILLARBASSE', NULL, 30000.00),
	(00140, 'VIA DON COCCHI 14 - IMBESI', 'VIA DON COCCHI 14', 'DRUENTO', NULL, NULL),
	(00141, 'VIA VENARIA 25', 'VIA VENARIA 25', 'DRUENTO', NULL, 3497.20),
	(00142, 'MAGNAGUAGNO', 'VIA VENARIA 16', 'DRUENTO', NULL, NULL),
	(00143, 'TRAINA - CECCONELLO', 'STRADA SALETTA 20', 'SAN CARLO', NULL, NULL),
	(00145, 'IANNAZZO', 'VICOLO SAN ROCCO 2/1', 'DRUENTO', NULL, 4200.00),
	(00146, 'PEGORARO', 'STRADA TROGNANI 1', 'DRUENTO', NULL, 42985.65),
	(00147, 'PUGLIESE', 'VIA DELLE FORNACI 6-8', 'LOMBARDORE', NULL, NULL),
	(00148, 'ANDREOTTI DARIO', 'STRADA PASTURANTI 24', 'DRUENTO', NULL, 14314.00),
	(00149, 'SCHIAVO - GRIPPALDI', 'VIA RANGE\' 72', 'ALASSIO', NULL, 8455.74),
	(00150, 'MASCALI', 'CORSO CARLO BRERO 3', 'DRUENTO', NULL, NULL),
	(00151, 'MENADEO (VITAGLIANO - SITA\')', 'VIA VENARIA 29', 'GIVOLETTO', NULL, 5885.71),
	(00153, 'BONAGLIA ', 'VIA NOLE 8', 'DRUENTO', NULL, 1809.00),
	(00154, 'MUSSINO - CAVALLERO', 'VIA PRINCIPI DI PIEMONTE 10', 'SAN GILLIO', NULL, 18448.24),
	(00155, 'RUBATTO TERESA ', 'VIA LANZO 13-15', 'LA CASSA', NULL, 16350.70),
	(00156, 'BRUCCOLERI', 'VIA GARIBALDI 6', 'DRUENTO', NULL, 6100.00),
	(00157, 'SACCAGNO', 'VIA NINO COSTA 4', 'SAN GILLIO', NULL, 15126.76),
	(00158, 'DEAMBROGIO - VICENZA', 'STRADA DELLA FORNACE 7', 'BIELLA', NULL, 9164.95),
	(00160, ' VIA MARIO BRUNDI 14 - POLICARO', 'VIA MARIO BRUNDI 14', 'DRUENTO', NULL, NULL),
	(00161, 'VIA RAFFAELLO SANZIO 10', 'VIA RAFFAELLO SANZIO 10', 'DRUENTO', NULL, NULL),
	(00162, 'RUGGIERO', 'VIA GRAN BORGATA 29', 'MEANA DI SUSA', NULL, 7778.83),
	(00163, 'GIARRIZZO', 'VIA VOLTA 14', 'MAPPANO', NULL, NULL),
	(00164, 'VIA DAMIANO CHIESA 20', 'VIA DAMIANO CHIESA 20', 'COLLEGNO', NULL, NULL),
	(00165, 'DACASTO ETTORE', 'VIA ROSTA 18', 'PIANEZZA', NULL, 4248.41),
	(00166, 'GUGLIELMI ELIO', 'VIA BRIONE 31', 'CASELETTE', NULL, NULL),
	(00167, 'BONADIES', 'STRADA PIETRA ALTA 9', 'CASELETTE', NULL, NULL),
	(00168, 'OLIVIERI DIEGO', 'VIA RISORGIMENTO 18/6', 'DRUENTO', NULL, 5315.67),
	(00169, 'ANRO\' ROBERTO', 'VIA GOZZANO 4', 'DRUENTO', NULL, 4463.32),
	(00170, 'DEPIPPO', 'VIA CASELETTE 65', 'ALPIGNANO', NULL, NULL),
	(00172, 'LABRUZZO DOMENICO', 'CORSO ALEXANDER FLEMING 3', 'DRUENTO', NULL, 2785.00),
	(00173, 'COSTENARO', 'VIA GOZZANO 7', 'DRUENTO', NULL, 29866.55),
	(00175, 'VICOLO SAN PANCRAZIO 11 - IMBESI', 'VICOLO SAN PANCRAZIO 11', 'DRUENTO', NULL, NULL),
	(00176, 'IACOBONE DANIELE - TETTOIA', 'VIA GARIBALDI 8/4', 'DRUENTO', NULL, 18044.28),
	(00177, 'VOTA FABIANA (SCHILLACI)', 'VIA FAVERO 41', 'NOLE', NULL, 8420.00),
	(00178, 'SCARAFIA ANGELO', 'VIA PETRARCA 2', 'DRUENTO', NULL, NULL),
	(00179, 'VIA MANZONI 18 - IMBESI', 'VIA MANZONI 18', 'DRUENTO', NULL, NULL),
	(00180, 'COATTO DANIELE', 'VIA NOLE 4', 'DRUENTO', NULL, 15087.00),
	(00181, 'DELFINO ALESSANDRO', 'VIA ROMA 30', 'DRUENTO', NULL, 800.00),
	(00182, 'DACASTO FELICE - DACASTO DOMENICO', 'VIA ROSTA 18', 'PIANEZZA', NULL, NULL),
	(00183, 'SCARAFIA - LIETTA', 'VICOLO BONINO 3', 'DRUENTO', NULL, NULL),
	(00184, 'NIRTA', 'VIA SILVIO PELLICO 3', 'SAN GILLIO', NULL, 5675.85),
	(00186, 'TARANZANO DANIELE', 'VIA SANTA LUCIA 24', 'VAL DELLA TORRE', NULL, 3360.00),
	(00187, 'MONTI SAMUELE', 'VIA MOSELE 23/2', 'VENARIA', NULL, 2388.84),
	(00188, 'ROLLE VALTER', 'VIA MOSELE 23/2', 'VENARIA', NULL, 1560.00),
	(00189, 'ROSSI DANIELE', 'VIA BEY 7/BIS', 'VILLARBASSE', NULL, 11170.50),
	(00190, 'ZANGHI GIUSEPPE', 'VIA GARIBALDI 8/3', 'DRUENTO', NULL, 716.68),
	(00191, 'VIA MENSA 24 - IMBESI', 'VIA MENSA 24', 'VENARIA', NULL, NULL),
	(00192, 'TEDESCO CLAUDIA', 'VIA CHIAPEROTTI 31 ', 'RIVOLI', NULL, 528.74),
	(00193, 'SANTO ENZO', 'VIA BRIONE 5/A', 'VAL DELLA TORRE', NULL, 2200.00),
	(00194, 'VALENTI FABRIZIO', 'PIAZZA SANTA MARIA DELLA SPINA 12', 'VAL DELLA TORRE', NULL, 1560.00),
	(00195, 'ABADESSA', 'VICOLO NAVIGLIO 1', 'DRUENTO', NULL, 7731.00),
	(00198, 'TINTI BIANCAROSA', 'STRADA DELLE FORNACI 31/7', 'DRUENTO', NULL, NULL),
	(00199, 'MONTISCI CARLO', 'VIA DON COCCHI 15 ', 'DRUENTO', NULL, 1377.78),
	(00200, 'CACCIA GRAZIELLA', 'BORGATA CAMPARNALDO 33', 'CAPRIE', NULL, 159.46),
	(01013, 'VIA VENARIA 6/A - POLICARO', 'VIA VENARIA 6/A', 'DRUENTO', NULL, 53000.00),
	(01038, 'VIA ROMA 1 - POLICARO', 'VIA ROMA 1', 'SAN GILLIO', NULL, 2200.00);

-- Dump della struttura di tabella contabilita_cantieri.fattura
CREATE TABLE IF NOT EXISTS `fattura` (
  `numero` varchar(50) DEFAULT NULL,
  `data` date DEFAULT NULL,
  `fornitore` varchar(50) DEFAULT NULL,
  `importo_no_iva` double(15,2) DEFAULT NULL,
  `iva` int(2) DEFAULT NULL,
  `importo_tot` double(15,2) DEFAULT NULL,
  `importo_pagato` double(15,2) DEFAULT NULL,
  `note` varchar(400) DEFAULT NULL,
  KEY `numero_data` (`numero`,`data`),
  KEY `fornitore` (`fornitore`)
) ENGINE=InnoDB DEFAULT CHARSET=latin1 COLLATE=latin1_swedish_ci;

-- Dump dei dati della tabella contabilita_cantieri.fattura: ~577 rows (circa)
INSERT INTO `fattura` (`numero`, `data`, `fornitore`, `importo_no_iva`, `iva`, `importo_tot`, `importo_pagato`, `note`) VALUES
	('8', '2022-07-16', 'AMATO ANGELO', 85413.18, 22, 87934.90, NULL, NULL),
	('23', '2022-05-26', 'GIARRIZZO STEFANO', 1577.00, 0, 1577.00, NULL, NULL),
	('34', '2022-07-31', 'INFUSO ANDREA', 1560.00, 22, 1603.20, NULL, NULL),
	('236', '2022-07-13', 'AVETTA', 1510.21, 22, 1842.46, NULL, NULL),
	('68', '2022-07-12', 'DE LEO ANTONIO', 1300.00, 0, 1300.00, NULL, NULL),
	('3928/01', '2022-08-31', 'ECOGREEN', 396.00, 22, 483.12, NULL, NULL),
	('54590', '2022-08-12', 'TAILORSAN', 117.00, 22, 142.74, NULL, NULL),
	('8082', '2022-08-25', 'BAUDUCCO', 10000.00, 22, 12200.00, NULL, NULL),
	('3924/01', '2022-08-31', 'ECOGREEN', 605.00, 22, 738.10, NULL, NULL),
	('57', '2022-08-01', 'GAAFAR', 11000.00, 0, 11000.00, NULL, NULL),
	('29', '2022-08-25', 'IRGED', 3800.00, 0, 3800.00, NULL, NULL),
	('3921/01', '2022-08-31', 'ECOGREEN', 182.00, 22, 222.04, NULL, NULL),
	('21', '2022-08-01', 'TAES GROUP', 400.00, 22, 488.00, NULL, NULL),
	('148', '2022-08-31', 'COAN', 9684.00, 0, 9684.00, NULL, NULL),
	('42', '2022-07-31', 'INFUSO ANDREA', 1560.00, 22, 1603.20, NULL, NULL),
	('3930/01', '2022-08-31', 'ECOGREEN', 50.00, 22, 61.00, NULL, NULL),
	('3929/01', '2022-08-31', 'ECOGREEN', 50.00, 22, 61.00, NULL, NULL),
	('59341', '2022-08-30', 'TAILORSAN', 117.00, 22, 142.74, NULL, NULL),
	('1851', '2022-08-09', 'ENERGY DUEGI', 857.40, 10, 943.00, NULL, NULL),
	('21', '2022-05-26', 'GIARRIZZO STEFANO', 1577.00, 0, 1577.00, NULL, NULL),
	('8120', '2022-08-29', 'BAUDUCCO', 6000.00, 22, 7320.00, NULL, NULL),
	('58447', '2022-08-26', 'TAILORSAN', 117.00, 22, 142.74, NULL, NULL),
	('11', '2022-03-31', 'GIARRIZZO STEFANO', 1577.00, 0, 1577.00, NULL, NULL),
	('1073', '2022-08-02', 'NEO SAFETY', 367.50, 22, 448.35, NULL, NULL),
	('25', '2022-05-26', 'GIARRIZZO STEFANO', 1577.00, 0, 1577.00, NULL, NULL),
	('65', '2022-07-11', 'DE LEO ANTONIO', 1340.00, 0, 1340.00, NULL, NULL),
	('3925/01', '2022-08-31', 'ECOGREEN', 150.00, 22, 183.00, NULL, NULL),
	('27', '2022-05-26', 'GIARRIZZO STEFANO', 1577.00, 0, 1577.00, NULL, NULL),
	('1092', '2022-08-11', 'NEO SAFETY', 367.50, 22, 448.35, NULL, NULL),
	('38', '2022-07-27', 'AL-FA SERVICE', 15300.00, 22, 18666.00, NULL, NULL),
	('38', '2022-08-23', 'AL-FA SERVICE', 8853.80, 22, 10801.64, NULL, NULL),
	('1801', '2022-08-03', 'ENERGY DUEGI', 813.64, 10, 895.00, NULL, NULL),
	('35', '2022-07-31', 'INFUSO ANDREA', 1560.00, 22, 1603.20, NULL, NULL),
	('3917/01', '2022-08-31', 'ECOGREEN', 838.00, 22, 1022.36, NULL, NULL),
	('108', '2022-07-21', 'ABRAMO', 2000.00, 0, 2000.00, NULL, NULL),
	('103', '2022-07-14', 'ABRAMO', 9000.00, 22, 10980.00, 6240.00, NULL),
	('105', '2022-07-21', 'ABRAMO', 500.00, 0, 500.00, 500.00, NULL),
	('106', '2022-07-21', 'ABRAMO', 500.00, 0, 500.00, 500.00, NULL),
	('107', '2022-07-21', 'ABRAMO', 300.00, 0, 300.00, 300.00, NULL),
	('121', '2022-08-29', 'ABRAMO', 6900.00, 22, 8418.00, 8418.00, NULL),
	('123', '2022-08-29', 'ABRAMO', 2200.00, 22, 2684.00, 2684.00, NULL),
	('77/A', '2022-07-25', 'BRUNO PONTEGGI', 35500.00, 0, 35500.00, NULL, NULL),
	('143', '2022-08-24', 'COAN', 4571.20, 0, 4571.20, 4571.20, NULL),
	('144', '2022-08-24', 'COAN', 12834.00, 0, 12834.00, 12834.00, NULL),
	('147', '2022-08-29', 'COAN', 8692.50, 0, 8692.50, 8692.50, NULL),
	('1074', '2022-08-02', 'NEO SAFETY', 367.50, 22, 448.35, NULL, NULL),
	('1071', '2022-08-02', 'NEO SAFETY', 367.50, 22, 448.35, NULL, NULL),
	('36', '2022-08-23', 'AL-FA SERVICE', 9464.00, 22, 11546.08, NULL, NULL),
	('268', '2022-07-25', 'ARREDOINFISSI', 22131.15, 22, 27000.00, NULL, NULL),
	('20', '2022-07-12', 'ADRI DI GHITESCU ADRIAN IOAN', 8900.00, 0, 8900.00, NULL, NULL),
	('25', '2022-08-06', 'ADRI DI GHITESCU ADRIAN IOAN', 2400.00, 0, 2400.00, NULL, NULL),
	('29', '2022-08-27', 'ANDREI ALIN', 10000.00, 22, 12200.00, NULL, NULL),
	('22169678', '2022-07-31', 'ARBO', 10355.46, 22, 12633.66, NULL, NULL),
	('8033', '2022-08-22', 'BAUDUCCO', 7000.00, 22, 8540.00, 8540.00, NULL),
	('8452', '2022-08-31', 'BAUDUCCO', 912.58, 22, 1113.35, NULL, NULL),
	('39', '2022-07-22', 'BMA', 1000.00, 0, 1000.00, NULL, NULL),
	('40', '2022-07-26', 'BMA', 4635.00, 0, 4635.00, NULL, NULL),
	('44', '2022-08-11', 'BMA', 4610.00, 0, 4610.00, NULL, NULL),
	('45', '2022-08-26', 'BMA', 8260.00, 0, 8260.00, NULL, NULL),
	('26', '2022-07-31', 'CASA SERVICE', 6210.00, 0, 6210.00, NULL, 'PRESENTE IMPORTO NON RELATIVO A CANTIERI'),
	('331/01', '2022-07-29', 'ACCADUEO', 9600.00, 0, 9600.00, NULL, NULL),
	('22177037', '2022-08-31', 'ARBO', 1541.58, 22, 1880.72, NULL, NULL),
	('120', '2022-07-11', 'ART OF STONE - GIOVALE JACOPO', 1824.90, 22, 2226.38, NULL, NULL),
	('1671', '2022-07-25', 'CHIESA CARBONAFTA', 41620.00, 22, 50776.40, NULL, NULL),
	('1672', '2022-07-25', 'CHIESA CARBONAFTA', 34790.00, 22, 42443.80, NULL, NULL),
	('118396', '2022-07-29', 'COENERGIA', 166667.09, 10, 183333.80, NULL, NULL),
	('1', '2022-08-22', 'CORBISIERO', 15000.00, 0, 15000.00, NULL, NULL),
	('66', '2022-07-11', 'DE LEO ANTONIO', 1340.00, 0, 1340.00, NULL, NULL),
	('75', '2022-08-02', 'DE LEO ANTONIO', 2560.00, 0, 2560.00, NULL, NULL),
	('3915/01', '2022-08-31', 'ECOGREEN', 360.00, 22, 439.20, NULL, NULL),
	('3916/01', '2022-08-31', 'ECOGREEN', 100.00, 22, 122.00, NULL, NULL),
	('3918/01', '2022-08-31', 'ECOGREEN', 232.00, 22, 283.04, NULL, NULL),
	('3919/01', '2022-08-31', 'ECOGREEN', 295.00, 22, 359.90, NULL, NULL),
	('3920/01', '2022-08-31', 'ECOGREEN', 320.40, 22, 390.89, NULL, NULL),
	('3922/01', '2022-08-31', 'ECOGREEN', 275.00, 22, 335.50, NULL, NULL),
	('3923/01', '2022-08-31', 'ECOGREEN', 640.00, 22, 780.80, NULL, NULL),
	('3926/01', '2022-08-31', 'ECOGREEN', 619.00, 22, 755.18, NULL, NULL),
	('3931/01', '2022-08-31', 'ECOGREEN', 275.00, 22, 335.50, NULL, NULL),
	('3932/01', '2022-08-31', 'ECOGREEN', 275.00, 22, 335.50, NULL, NULL),
	('3933/01', '2022-08-31', 'ECOGREEN', 100.00, 22, 122.00, NULL, NULL),
	('1852', '2022-08-09', 'ENERGY DUEGI', 857.84, 10, 943.00, NULL, NULL),
	('9', '2022-08-04', 'FIORENZA DAVIDE', 482.00, 0, 482.00, NULL, NULL),
	('1/146', '2022-08-11', 'FRASER', 1000.00, 22, 1220.00, NULL, NULL),
	('269', '2022-08-22', 'G.O. RAPPRESENTANZE', 828.84, 0, 828.84, NULL, NULL),
	('277', '2022-08-22', 'G.O. RAPPRESENTANZE', 1107.65, 0, 1107.65, NULL, NULL),
	('282', '2022-08-22', 'G.O. RAPPRESENTANZE', 200.00, 22, 244.00, NULL, NULL),
	('209', '2022-07-29', 'ILMA', 50850.00, 22, 62037.00, NULL, NULL),
	('28', '2022-08-09', 'IRGED', 2000.00, 0, 2000.00, NULL, NULL),
	('71', '2022-08-31', 'MANDAGLIO COSTRUZIONI', 10685.00, 0, 10685.00, NULL, NULL),
	('1/22', '2022-08-31', 'MAT', 24018.00, 0, 24018.00, NULL, NULL),
	('76', '2022-08-31', 'MAX SERVICE', 2859.00, 22, 3487.98, NULL, NULL),
	('77', '2022-08-31', 'MAX SERVICE', 1835.00, 22, 2238.70, NULL, NULL),
	('78', '2022-08-31', 'MAX SERVICE', 1660.00, 22, 2025.20, NULL, NULL),
	('1076', '2022-08-02', 'NEO SAFETY', 367.50, 22, 448.35, NULL, NULL),
	('39', '2022-08-10', 'NEW HOUSE GROUP', 3104.00, 0, 3104.00, NULL, NULL),
	('266', '2022-08-04', 'AVETTA', 870.00, 22, 1061.40, NULL, NULL),
	('237', '2022-07-15', 'AVETTA', 2923.20, 22, 3566.30, NULL, NULL),
	('235', '2022-07-13', 'AVETTA', 340.20, 22, 415.04, NULL, NULL),
	('234', '2022-07-13', 'AVETTA', 567.00, 22, 691.74, NULL, NULL),
	('75', '2022-08-31', 'MAX SERVICE', 1870.00, 22, 2281.40, NULL, NULL),
	('25', '2022-08-31', 'NORD EDIL', 68600.00, 22, 83692.00, NULL, NULL),
	('107', '2022-08-29', 'P.L. IMPIANTI - LOTESTO DOMENICO', 700.00, 22, 854.00, NULL, NULL),
	('106', '2022-08-29', 'P.L. IMPIANTI - LOTESTO DOMENICO', 800.00, 22, 976.00, NULL, NULL),
	('105', '2022-08-29', 'P.L. IMPIANTI - LOTESTO DOMENICO', 350.00, 22, 427.00, NULL, NULL),
	('1520/02', '2022-08-04', 'PQRS ENGINEERING', 78.50, 22, 95.77, NULL, NULL),
	('1522/02', '2022-08-04', 'PQRS ENGINEERING', 44.50, 22, 54.29, NULL, NULL),
	('1523/02', '2022-08-04', 'PQRS ENGINEERING', 44.50, 22, 54.29, NULL, NULL),
	('1525/02', '2022-08-04', 'PQRS ENGINEERING', 48.50, 22, 59.17, NULL, NULL),
	('12', '2022-08-23', 'RELOVA', 7710.00, 22, 9406.20, NULL, NULL),
	('54023', '2022-08-08', 'TAILORSAN', 117.00, 22, 142.74, NULL, NULL),
	('57205', '2022-08-21', 'TAILORSAN', 40.00, 22, 48.80, NULL, NULL),
	('58449', '2022-08-26', 'TAILORSAN', 80.00, 22, 97.60, NULL, NULL),
	('58461', '2022-08-26', 'TAILORSAN', 115.00, 22, 140.30, NULL, NULL),
	('58476', '2022-08-26', 'TAILORSAN', 125.00, 22, 152.50, NULL, NULL),
	('58477', '2022-08-26', 'TAILORSAN', 130.00, 22, 158.60, NULL, NULL),
	('41', '2022-08-04', 'PACCHIARDO MAURO', 3330.00, 0, 3330.00, 3330.00, NULL),
	('83898', '2022-08-31', 'IDROCENTRO', 4164.49, 22, 5080.69, NULL, NULL),
	('124', '2022-08-29', 'ABRAMO', 7900.00, 22, 9638.00, NULL, NULL),
	('8083', '2022-08-25', 'BAUDUCCO', 5000.00, 22, 6100.00, NULL, NULL),
	('3927/01', '2022-08-31', 'ECOGREEN', 50.00, 22, 61.00, NULL, NULL),
	('121', '2022-07-12', 'ART OF STONE - GIOVALE JACOPO', 372.52, 22, 454.47, NULL, NULL),
	('129', '2022-07-12', 'ART OF STONE - GIOVALE JACOPO', 866.48, 22, 1057.11, NULL, NULL),
	('121', '2022-08-04', 'AT ELETTROIMPIANTI', 2000.00, 0, 2000.00, NULL, NULL),
	('27', '2022-08-04', 'EDILMANCUSO', 5000.00, 0, 5000.00, NULL, NULL),
	('37', '2022-08-23', 'AL-FA SERVICE', 11639.52, 22, 14200.21, NULL, NULL),
	('71', '2022-07-23', 'DE LEO ANTONIO', 1340.00, 0, 1340.00, NULL, NULL),
	('142', '2022-08-12', 'COAN', 12463.70, 0, 12463.70, 12463.70, NULL),
	('54056', '2022-08-08', 'TAILORSAN', 117.00, 22, 142.74, NULL, NULL),
	('11', '2022-08-31', 'DE MASI MATTIA', 1800.00, 0, 1800.00, NULL, NULL),
	('10', '2022-08-31', 'SARACINO LUIGI RAFFAELE', 2500.00, 0, 2500.00, NULL, NULL),
	('36', '2022-07-31', 'INFUSO ANDREA', 1560.00, 22, 1603.20, NULL, NULL),
	('1524/02', '2022-08-04', 'PQRS ENGINEERING', 44.50, 22, 54.29, NULL, NULL),
	('20', '2022-08-13', 'RZ COSTRUZIONI', 2200.00, 0, 2200.00, NULL, NULL),
	('58475', '2022-08-26', 'TAILORSAN', 250.00, 22, 305.00, NULL, NULL),
	('279', '2022-08-22', 'G.O. RAPPRESENTANZE', 1408.32, 0, 1408.32, NULL, NULL),
	('37', '2022-07-31', 'INFUSO ANDREA', 1560.00, 22, 1603.20, NULL, NULL),
	('38', '2022-07-31', 'INFUSO ANDREA', 1560.00, 22, 1603.20, NULL, NULL),
	('1802', '2022-08-03', 'ENERGY DUEGI', 621.74, 10, 684.00, NULL, NULL),
	('19', '2022-08-13', 'RZ COSTRUZIONI', 9500.00, 0, 9500.00, NULL, NULL),
	('59335', '2022-08-30', 'TAILORSAN', 125.00, 22, 152.50, NULL, NULL),
	('278', '2022-08-22', 'G.O. RAPPRESENTANZE', 1970.85, 0, 1970.85, NULL, NULL),
	('39', '2022-07-31', 'INFUSO ANDREA', 1560.00, 22, 1603.20, NULL, NULL),
	('268', '2022-08-22', 'G.O. RAPPRESENTANZE', 828.84, 0, 828.84, NULL, NULL),
	('40', '2022-07-31', 'INFUSO ANDREA', 1560.00, 22, 1603.20, NULL, NULL),
	('41', '2022-07-31', 'INFUSO ANDREA', 1560.00, 22, 1603.20, NULL, NULL),
	('66', '2022-07-11', 'BRUNO PONTEGGI', 32000.00, 22, 39040.00, NULL, NULL),
	('50', '2022-08-12', 'EDILIZIA GENERALE FORTUNATA', 5000.00, 10, 5500.00, NULL, NULL),
	('58450', '2022-08-26', 'TAILORSAN', 125.00, 22, 152.50, NULL, NULL),
	('27', '2022-07-04', 'AL-FA SERVICE', 2716.00, 22, 3313.52, NULL, NULL),
	('37', '2022-07-27', 'AL-FA SERVICE', 15552.00, 22, 18973.44, NULL, NULL),
	('58471', '2022-08-26', 'TAILORSAN', 125.00, 22, 152.50, NULL, NULL),
	('30', '2022-07-04', 'AL-FA SERVICE', 1880.00, 22, 2293.60, NULL, NULL),
	('240', '2022-07-15', 'AVETTA', 1096.50, 22, 1337.73, NULL, NULL),
	('26', '2022-08-08', 'CASCINO PIER ANTONIO', 2000.00, 0, 2000.00, NULL, NULL),
	('2/186', '2022-07-26', 'CENTORAME', 102.40, 22, 124.93, NULL, NULL),
	('1352', '2022-08-31', 'EMMEFFE', 1256.28, 22, 1532.66, NULL, 'DDT 1633 DEL 03/08/22 - DDT 1680 DEL 29/08/22'),
	('41', '2022-08-11', 'SOFRONI IULIAN DANIEL', 15000.00, 0, 15000.00, NULL, NULL),
	('285', '2022-08-31', 'TORINO CHIAVI', 700.00, 22, 854.00, NULL, NULL),
	('15', '2022-08-04', 'IMBESI MARIANO', 3782.00, 0, 3782.00, NULL, NULL),
	('18', '2022-07-16', 'MANICCHIA ANDREA', 55517.33, 22, 57156.41, NULL, NULL),
	('18', '2022-09-03', 'PFA CONSULTING', 28935.52, 22, 35301.33, NULL, NULL),
	('9', '2022-08-16', 'FLORE MARIUS FLORIN', 4202.00, 0, 4202.00, NULL, NULL),
	('21', '2022-08-02', 'EL KETTANI HASSAN', 9900.00, 0, 9900.00, NULL, NULL),
	('14', '2022-08-02', 'GRANGETTO MARICA', 441.59, 4, 459.25, NULL, NULL),
	('18', '2022-07-14', 'CNC IMPIANTI', 362.00, 0, 362.00, NULL, NULL),
	('15', '2022-08-08', 'RANDOLFI ALDO', 3677.00, 0, 3677.00, NULL, NULL),
	('1', '2022-08-31', 'CIRAVEGNA ALESSANDRO', 2700.00, 0, 2702.00, NULL, NULL),
	('12', '2022-08-05', 'BUFFO MICKAEL', 3150.00, 0, 3152.00, NULL, NULL),
	('66', '2022-08-11', 'TOMASELLO MONICA', 12500.00, 0, 12502.00, NULL, NULL),
	('974', '2022-07-18', 'AMAG', 6117.00, 22, 7462.74, NULL, NULL),
	('1060', '2022-07-28', 'AMAG', 458.50, 22, 559.37, NULL, NULL),
	('1096', '2022-08-24', 'AMAG', 2643.18, 22, 3224.68, NULL, NULL),
	('1114', '2022-08-24', 'AMAG', 8313.22, 22, 10142.13, NULL, NULL),
	('1136', '2022-08-31', 'AMAG', 286.31, 22, 349.30, NULL, NULL),
	('21', '2022-08-18', 'BUSINESS EDILIZIA DI MAIDA ANDREA', 5680.50, 22, 6930.21, NULL, NULL),
	('28027', '2022-07-30', 'CENTRO EDILE', 11471.00, 22, 13994.62, NULL, NULL),
	('842/A', '2022-07-04', 'CENTRO EDILE', 8196.72, 22, 10000.00, NULL, NULL),
	('838', '2022-08-31', 'CHINO E BATTAGLIO', 14.75, 22, 18.00, NULL, NULL),
	('307', '2022-08-31', 'COSSO', 173.20, 22, 211.30, NULL, NULL),
	('6592', '2022-08-09', 'COVER', 149.65, 22, 182.58, NULL, NULL),
	('6610', '2022-08-09', 'COVER', 118.48, 22, 144.55, NULL, NULL),
	('6634', '2022-08-10', 'COVER', 8.95, 22, 10.92, NULL, NULL),
	('1352', '2022-08-05', 'CREATIVE PROFILI', 790.64, 22, 964.58, NULL, NULL),
	('1494', '2022-08-31', 'CREATIVE PROFILI', 2723.61, 22, 3322.80, NULL, NULL),
	('915', '2022-08-31', 'CS EDIL', 7697.65, 22, 9391.13, NULL, NULL),
	('2204796', '2022-08-12', 'EMMETI STORE', 7980.00, 22, 9735.60, NULL, NULL),
	('2205023', '2022-08-31', 'EMMETI STORE', 593.76, 22, 724.39, NULL, NULL),
	('2205026', '2022-08-31', 'EMMETI STORE', 2761.89, 22, 3369.51, NULL, NULL),
	('2205045', '2022-08-31', 'EMMETI STORE', 1652.36, 22, 2015.88, NULL, NULL),
	('2204967', '2022-08-29', 'EMMETI STORE', 11519.20, 22, 14053.42, NULL, NULL),
	('1832', '2022-08-05', 'ENERGY DUEGI', 68.56, 10, 76.00, NULL, NULL),
	('1/5829', '2022-08-26', 'FOREDILE', 128.00, 22, 156.16, NULL, NULL),
	('970', '2022-08-08', 'GRO LAM - ROMANO GERARDO', 328.04, 22, 400.21, NULL, NULL),
	('77208', '2022-07-30', 'IDROCENTRO', 36897.40, 22, 45014.82, NULL, NULL),
	('3896', '2022-08-30', 'LINEA 5', 4263.80, 22, 5201.84, NULL, NULL),
	('3927', '2022-08-31', 'LINEA 5', 1571.95, 22, 1917.78, NULL, NULL),
	('58470', '2022-08-26', 'TAILORSAN', 65.00, 22, 79.30, NULL, NULL),
	('4281111754', '2022-08-31', 'WUERTH', 321.95, 22, 392.78, NULL, NULL),
	('029985', '2022-08-31', 'ZEROUNO', 192.35, 22, 234.67, NULL, NULL),
	('030097', '2022-08-31', 'ZEROUNO', 6207.16, 22, 7572.74, NULL, NULL),
	('125', '2022-07-18', 'COAN', 615.00, 0, 615.00, 615.00, NULL),
	('126', '2022-07-18', 'COAN', 5715.00, 0, 5715.00, NULL, NULL),
	('136', '2022-07-31', 'COAN', 252.00, 0, 252.00, NULL, NULL),
	('1', '2022-07-29', 'COMITE FEDERICO', 15000.00, 0, 15000.00, NULL, NULL),
	('276', '2022-07-30', 'COSSO', 58.96, 22, 71.93, NULL, NULL),
	('277', '2022-07-30', 'COSSO', 167.19, 22, 203.97, NULL, NULL),
	('278', '2022-07-30', 'COSSO', 58.86, 22, 71.81, NULL, NULL),
	('5463', '2022-07-01', 'COVER', 185.01, 22, 225.71, NULL, NULL),
	('5619', '2022-07-06', 'COVER', 74.75, 22, 91.20, NULL, NULL),
	('5833', '2022-07-14', 'COVER', 59.24, 22, 72.27, NULL, NULL),
	('800', '2022-07-30', 'CS EDIL', 30944.05, 22, 37751.74, NULL, NULL),
	('8', '2022-07-25', 'FIORENZA DAVIDE', 870.00, 0, 872.00, NULL, NULL),
	('179', '2022-07-30', 'DEA AUTOMATION', 1000.00, 22, 1220.00, NULL, NULL),
	('180', '2022-07-30', 'DEA AUTOMATION', 1600.00, 22, 1952.00, NULL, NULL),
	('181', '2022-07-30', 'DEA AUTOMATION', 1600.00, 22, 1952.00, NULL, NULL),
	('90', '2022-07-26', 'DI GIROLAMO GIULIANO', 5400.00, 0, 5400.00, NULL, NULL),
	('3527/01', '2022-07-30', 'ECOGREEN', 360.00, 22, 439.20, NULL, NULL),
	('3528/01', '2022-07-30', 'ECOGREEN', 100.00, 22, 122.00, NULL, NULL),
	('3529/01', '2022-07-30', 'ECOGREEN', 1534.20, 22, 1871.72, NULL, NULL),
	('3530/01', '2022-07-30', 'ECOGREEN', 100.00, 22, 122.00, NULL, NULL),
	('3531/01', '2022-07-30', 'ECOGREEN', 200.00, 22, 244.00, NULL, NULL),
	('3532/01', '2022-07-30', 'ECOGREEN', 408.00, 22, 497.76, NULL, NULL),
	('3533/01', '2022-07-30', 'ECOGREEN', 5411.00, 22, 6601.42, NULL, NULL),
	('3534/01', '2022-07-30', 'ECOGREEN', 974.00, 22, 1188.28, NULL, NULL),
	('3535/01', '2022-07-30', 'ECOGREEN', 426.00, 22, 519.72, NULL, NULL),
	('3536/01', '2022-07-30', 'ECOGREEN', 230.00, 22, 280.60, NULL, NULL),
	('3537/01', '2022-07-30', 'ECOGREEN', 100.00, 22, 122.00, NULL, NULL),
	('3538/01', '2022-07-30', 'ECOGREEN', 130.00, 22, 158.60, NULL, NULL),
	('3539/01', '2022-07-30', 'ECOGREEN', 1224.00, 22, 1493.28, NULL, NULL),
	('3540/01', '2022-07-30', 'ECOGREEN', 100.00, 22, 122.00, NULL, NULL),
	('64', '2022-06-30', 'EDISYS', 1200.00, 22, 1464.00, NULL, NULL),
	('169', '2022-07-05', 'ELETTRICA SAMU', 2000.00, 22, 2440.00, NULL, NULL),
	('2204377', '2022-07-27', 'EMMETI STORE', 7980.00, 22, 9735.60, NULL, NULL),
	('1250', '2022-07-28', 'EMMEFFE', 6034.17, 22, 7361.69, NULL, NULL),
	('1279', '2022-07-28', 'EMMEFFE', 7200.00, 22, 8784.00, NULL, NULL),
	('2204461', '2022-07-29', 'EMMETI STORE', 2559.12, 22, 3122.13, NULL, NULL),
	('2204463', '2022-07-29', 'EMMETI STORE', 827.57, 22, 1009.64, NULL, NULL),
	('2204474', '2022-07-29', 'EMMETI STORE', 1172.75, 22, 1430.75, NULL, NULL),
	('2204216', '2022-07-21', 'EMMETI STORE', 7980.00, 22, 9735.60, NULL, NULL),
	('2204425', '2022-07-29', 'EMMETI STORE', 2973.04, 22, 3627.11, NULL, NULL),
	('2204473', '2022-07-29', 'EMMETI STORE', 1078.20, 22, 1315.40, NULL, NULL),
	('95', '2022-07-29', 'KEY SOLAR', 1550.94, 10, 1718.24, NULL, NULL),
	('2937', '2022-07-29', 'FAI', 221.30, 22, 269.99, NULL, NULL),
	('2938', '2022-07-29', 'FAI', 575.00, 22, 701.50, NULL, NULL),
	('628', '2022-07-04', 'FELICE FRANCESCO', 2200.00, 0, 2200.00, NULL, NULL),
	('16', '2022-07-12', 'PUGLIESE FRANCESCO', 30000.00, 22, 36600.00, NULL, NULL),
	('PARCELLA_30.07.22', '2022-07-30', 'SITA\' FRANCESCO', 4162.00, 0, 4162.00, NULL, NULL),
	('1/142', '2022-07-29', 'FRASER', 2000.00, 22, 2440.00, NULL, NULL),
	('10', '2022-05-31', 'FS COSTRUZIONI', 44000.00, 22, 53680.00, NULL, NULL),
	('20', '2022-07-31', 'FS COSTRUZIONI', 50000.00, 22, 61000.00, NULL, NULL),
	('21', '2022-07-31', 'FS COSTRUZIONI', 13468.00, 22, 16430.96, NULL, NULL),
	('43', '2022-07-11', 'GABER - SABRA MAHMOUD RAEIS', 2696.00, 0, 2696.00, NULL, NULL),
	('55', '2022-09-09', 'GABER - SABRA MAHMOUD RAEIS', 3000.00, 0, 3000.00, NULL, NULL),
	('175', '2022-06-30', 'GARNERO', 850.00, 22, 1037.00, NULL, NULL),
	('8', '2022-06-30', 'GEA', 1300.00, 0, 1300.00, NULL, NULL),
	('9', '2022-06-30', 'GEA', 5911.00, 0, 5911.00, NULL, NULL),
	('21', '2022-07-08', 'GF IMPIANTI', 2150.00, 0, 2150.00, NULL, NULL),
	('24', '2022-07-08', 'GF IMPIANTI', 4150.00, 0, 4150.00, NULL, NULL),
	('533', '2022-07-07', 'GIARDINO COLORI', 1953.00, 22, 2382.66, NULL, NULL),
	('559', '2022-07-19', 'GIARDINO COLORI', 1008.00, 22, 1229.76, NULL, NULL),
	('1827', '2022-07-31', 'GIARDINO COLORI', 2093.08, 22, 2553.56, NULL, NULL),
	('30', '2022-07-19', 'GIARRIZZO STEFANO', 1575.00, 0, 1577.00, NULL, NULL),
	('33', '2022-07-19', 'GIARRIZZO STEFANO', 1575.00, 0, 1577.00, NULL, NULL),
	('149', '2022-07-19', 'REPOLE GIUSEPPE', 448.00, 22, 546.56, NULL, NULL),
	('205', '2022-07-20', 'G.O. RAPPRESENTANZE', 1141.86, 0, 1141.86, NULL, NULL),
	('215', '2022-07-29', 'G.O. RAPPRESENTANZE', 2485.35, 0, 2485.35, NULL, NULL),
	('249', '2022-07-29', 'G.O. RAPPRESENTANZE', 415.00, 22, 506.30, NULL, NULL),
	('250', '2022-07-29', 'G.O. RAPPRESENTANZE', 1701.21, 0, 1701.21, NULL, NULL),
	('251', '2022-07-29', 'G.O. RAPPRESENTANZE', 1512.27, 0, 1512.27, NULL, NULL),
	('252', '2022-07-29', 'G.O. RAPPRESENTANZE', 2426.41, 0, 2426.41, NULL, NULL),
	('253', '2022-07-29', 'G.O. RAPPRESENTANZE', 1178.83, 0, 1178.83, NULL, NULL),
	('254', '2022-07-29', 'G.O. RAPPRESENTANZE', 1149.55, 0, 1149.55, NULL, NULL),
	('255', '2022-07-29', 'G.O. RAPPRESENTANZE', 200.00, 0, 200.00, NULL, NULL),
	('256', '2022-07-29', 'G.O. RAPPRESENTANZE', 1697.55, 0, 1697.55, NULL, NULL),
	('257', '2022-07-29', 'G.O. RAPPRESENTANZE', 1287.14, 0, 1287.14, NULL, NULL),
	('258', '2022-07-29', 'G.O. RAPPRESENTANZE', 2118.87, 0, 2118.87, NULL, NULL),
	('40', '2022-07-07', 'GRIFFA FRANCESCO', 1500.00, 22, 1830.00, NULL, NULL),
	('805', '2022-07-11', 'GRO LAM - ROMANO GERARDO', 49.16, 22, 59.98, NULL, NULL),
	('781', '2022-07-30', 'CHINO E BATTAGLIO', 18.85, 22, 23.00, NULL, NULL),
	('71334', '2022-07-15', 'IDROCENTRO', 2204.02, 22, 2688.91, NULL, NULL),
	('87', '2022-07-25', 'ILMA', 7675.00, 22, 9363.50, NULL, NULL),
	('8', '2022-07-01', 'INSTALART IMPIANTI', 2640.00, 0, 2640.00, NULL, NULL),
	('47', '2022-07-22', 'ISGRO\' SALVATORE', 416.00, 22, 427.52, NULL, NULL),
	('17', '2022-07-31', 'L.A. LATTONERIA', 28125.00, 0, 28125.00, NULL, NULL),
	('3559', '2022-07-27', 'LINEA 5', 3212.78, 22, 3919.59, NULL, NULL),
	('80', '0222-07-13', 'LUNGULETE IOA PAPIL', 5145.00, 22, 6276.90, NULL, NULL),
	('21', '2022-07-20', 'MAGIDEX EDIL GARDEN', 8575.00, 22, 10461.50, NULL, NULL),
	('24', '2022-07-22', 'MAGIDEX EDIL GARDEN', 10000.00, 22, 12200.00, NULL, NULL),
	('1', '2022-07-21', 'MAJA BERNARD', 8000.00, 0, 8002.00, NULL, NULL),
	('824', '2022-07-07', 'MARANGI ALFREDO', 830.00, 22, 1012.60, NULL, NULL),
	('1/13', '2022-07-15', 'MAT', 40021.00, 0, 40021.00, NULL, NULL),
	('9', '2022-07-14', 'DE MASI MATTIA', 3275.00, 0, 3275.00, NULL, NULL),
	('1315', '2022-07-25', 'MAUTINO ARMANDO', 16839.34, 22, 20544.80, NULL, NULL),
	('23', '2022-07-13', 'MEMIC SEAD', 3000.00, 0, 3000.00, NULL, NULL),
	('13', '2022-07-13', 'MM LEGNO', 350.00, 22, 427.00, NULL, NULL),
	('828', '2022-07-08', 'NEO SAFETY', 367.50, 22, 448.35, NULL, NULL),
	('36', '2022-07-31', 'NEW HOUSE GROUP', 8640.00, 0, 8640.00, NULL, NULL),
	('24', '2022-07-13', 'NORD EDIL', 72941.80, 22, 88989.00, NULL, NULL),
	('33', '2022-07-12', 'POLLIOTTI PAOLO', 2450.00, 0, 2450.00, NULL, NULL),
	('53', '2022-07-28', 'PETRARCHIN', 1644.00, 22, 2005.68, NULL, NULL),
	('14', '2022-07-16', 'PFA CONSULTING', 69650.32, 22, 84973.39, NULL, NULL),
	('88', '2022-07-04', 'P.L. IMPIANTI - LOTESTO DOMENICO', 550.00, 22, 671.00, NULL, NULL),
	('91', '2022-07-31', 'PM EUROGRU', 2000.00, 22, 2440.00, NULL, NULL),
	('9', '2022-07-18', 'RELOVA', 3550.00, 22, 4331.00, NULL, NULL),
	('33', '2022-07-25', 'RUFFO TATYANA', 6024.00, 22, 7349.28, NULL, NULL),
	('15', '2022-07-10', 'RZ COSTRUZIONI', 7800.00, 0, 7800.00, NULL, NULL),
	('16', '2022-07-10', 'RZ COSTRUZIONI', 13500.00, 0, 13500.00, NULL, NULL),
	('17', '2022-07-10', 'RZ COSTRUZIONI', 1150.00, 0, 1150.00, NULL, NULL),
	('58', '2022-07-16', 'GABER - SABRA MAHMOUD RAEIS', 2100.00, 0, 2100.00, NULL, NULL),
	('7', '2022-07-13', 'SARACINO LUIGI RAFFAELE', 3377.00, 0, 3377.00, NULL, NULL),
	('9', '2022-07-29', 'SARACINO LUIGI RAFFAELE', 1002.00, 0, 1002.00, NULL, NULL),
	('107', '2022-07-05', 'SC SERRAMENTI - CICCIA SALVATORE', 550.00, 0, 550.00, NULL, NULL),
	('26', '2022-07-11', 'SEFERAJ ERMIR GIMMY DI SEFERAJ ERMIR', 10500.00, 22, 12810.00, NULL, NULL),
	('27', '2022-07-11', 'SEFERAJ ERMIR GIMMY DI SEFERAJ ERMIR', 10500.00, 0, 10500.00, NULL, NULL),
	('2062', '2022-07-05', 'SIRT', 195.05, 22, 237.96, NULL, NULL),
	('PROPOSTA_22_30/06/22', '2022-06-30', 'SITA\' FRANCESCO', 4202.00, 0, 4202.00, NULL, NULL),
	('35', '2022-07-16', 'STUDIO VOLTA', 116431.82, 22, 142046.82, NULL, NULL),
	('46360', '2022-07-11', 'TAILORSAN', 130.00, 22, 158.60, NULL, NULL),
	('46291', '2022-07-11', 'TAILORSAN', 125.00, 22, 152.50, NULL, NULL),
	('46313', '2022-07-11', 'TAILORSAN', 120.00, 22, 146.40, NULL, NULL),
	('46334', '2022-07-11', 'TAILORSAN', 117.00, 22, 142.74, NULL, NULL),
	('46413', '2022-07-11', 'TAILORSAN', 125.00, 22, 152.50, NULL, NULL),
	('46414', '2022-07-11', 'TAILORSAN', 130.00, 22, 158.60, NULL, NULL),
	('46415', '2022-07-11', 'TAILORSAN', 130.00, 22, 158.60, NULL, NULL),
	('46416', '2022-07-11', 'TAILORSAN', 130.00, 22, 158.60, NULL, NULL),
	('46417', '2022-07-11', 'TAILORSAN', 130.00, 22, 158.60, NULL, NULL),
	('48547', '2022-07-11', 'TAILORSAN', 130.00, 22, 158.60, NULL, NULL),
	('48548', '2022-07-11', 'TAILORSAN', 130.00, 22, 158.60, NULL, NULL),
	('48549', '2022-07-11', 'TAILORSAN', 130.00, 22, 158.60, NULL, NULL),
	('49214', '2022-07-11', 'TAILORSAN', 117.00, 22, 142.74, NULL, NULL),
	('49217', '2022-07-11', 'TAILORSAN', 117.00, 22, 142.74, NULL, NULL),
	('53266', '2022-07-11', 'TAILORSAN', 65.00, 22, 79.30, NULL, NULL),
	('25', '2022-07-04', 'RUFFO TATYANA', 2660.00, 22, 3245.20, NULL, NULL),
	('34', '2022-07-27', 'RUFFO TATYANA', 2360.00, 22, 2879.20, NULL, NULL),
	('50', '2022-07-29', 'TECMAR DI MARCHETTI ANDREA', 218.00, 0, 218.00, NULL, NULL),
	('249', '2022-07-29', 'TECNITAL', 3744.00, 0, 3744.00, NULL, NULL),
	('250', '2022-07-29', 'TECNITAL', 1495.00, 0, 1495.00, NULL, NULL),
	('251', '2022-07-29', 'TECNITAL', 2145.00, 0, 2145.00, NULL, NULL),
	('252', '2022-07-29', 'TECNITAL', 1950.00, 0, 1950.00, NULL, NULL),
	('253', '2022-07-29', 'TECNITAL', 2300.00, 0, 2300.00, NULL, NULL),
	('264', '2022-07-30', 'TECNITAL', 1225.00, 0, 1225.00, NULL, NULL),
	('265', '2022-07-30', 'TECNITAL', 6500.00, 0, 6500.00, NULL, NULL),
	('7074', '2022-06-30', 'TOMCAR', 34.20, 22, 41.72, NULL, NULL),
	('249', '2022-07-13', 'TORINO CHIAVI', 700.00, 22, 854.00, NULL, NULL),
	('257', '2022-07-25', 'TORINO CHIAVI', 700.00, 22, 854.00, NULL, NULL),
	('1/339', '2022-07-14', 'UGROTE', 580.00, 22, 707.60, NULL, NULL),
	('4280998084', '2022-07-14', 'WUERTH', 2051.45, 22, 2502.77, NULL, NULL),
	('4280998085', '2022-07-14', 'WUERTH', 9428.00, 22, 11502.16, NULL, NULL),
	('15', '2022-07-20', 'XAKA ARIONS', 15000.00, 0, 15000.00, NULL, NULL),
	('26845', '2022-07-31', 'ZEROUNO', 17954.39, 22, 21904.36, NULL, NULL),
	('20', '2022-07-22', 'BUSINESS EDILIZIA DI MAIDA ANDREA', 5680.50, 22, 6930.21, NULL, NULL),
	('VNBAE22-11759', '2022-07-29', 'MOLLO', 159.46, 22, 194.54, NULL, NULL),
	('560', '2022-07-31', 'TEKNOFERR', 531.25, 22, 648.12, NULL, NULL),
	('604', '2022-07-31', 'TEKNOFERR', 1237.60, 22, 1509.87, NULL, NULL),
	('615', '2022-07-31', 'TEKNOFERR', 642.50, 22, 783.85, NULL, NULL),
	('26715', '2022-07-31', 'ZEROUNO', 589.82, 22, 719.58, NULL, NULL),
	('7', '2022-08-09', 'FLORE MARIUS FLORIN', 4200.00, 0, 4200.00, NULL, NULL),
	('43', '2022-08-31', 'INFUSO ANDREA', 1560.00, 22, 1603.20, NULL, NULL),
	('44', '2022-08-31', 'INFUSO ANDREA', 1560.00, 22, 1603.20, NULL, NULL),
	('45', '2022-08-31', 'INFUSO ANDREA', 1560.00, 22, 1603.20, NULL, NULL),
	('46', '2022-08-31', 'INFUSO ANDREA', 1560.00, 22, 1603.20, NULL, NULL),
	('47', '2022-08-31', 'INFUSO ANDREA', 1560.00, 22, 1603.20, NULL, NULL),
	('48', '2022-08-31', 'INFUSO ANDREA', 1560.00, 22, 1603.20, NULL, NULL),
	('49', '2022-08-31', 'INFUSO ANDREA', 1560.00, 22, 1603.20, NULL, NULL),
	('51', '2022-08-31', 'INFUSO ANDREA', 1560.00, 22, 1603.20, NULL, NULL),
	('50', '2022-08-31', 'INFUSO ANDREA', 1560.00, 22, 1603.20, NULL, NULL),
	('52', '2022-08-31', 'INFUSO ANDREA', 1560.00, 22, 1603.20, NULL, NULL),
	('53', '2022-08-31', 'INFUSO ANDREA', 1560.00, 22, 1603.20, NULL, NULL),
	('54', '2022-08-31', 'INFUSO ANDREA', 1560.00, 22, 1603.20, NULL, NULL),
	('55', '2022-08-31', 'INFUSO ANDREA', 1560.00, 22, 1603.20, NULL, NULL),
	('AVVISO_DI_PAGAMENTO_09.09.2022', '2022-09-09', 'ADR INSTITUTE', 160.00, 22, 195.20, NULL, NULL),
	('128', '2022-09-15', 'ABRAMO', 2000.00, 0, 2000.00, NULL, NULL),
	('129', '2022-09-15', 'ABRAMO', 300.00, 0, 300.00, NULL, NULL),
	('133', '2022-09-21', 'ABRAMO', 600.00, 0, 600.00, NULL, NULL),
	('139', '2022-09-27', 'ABRAMO', 1000.00, 0, 1000.00, NULL, NULL),
	('145', '2022-09-27', 'ABRAMO', 4200.00, 22, 5124.00, NULL, NULL),
	('10', '2022-06-03', 'AIR DI MARCELLIN VALTER', 662.99, 22, 808.85, NULL, NULL),
	('6', '2022-09-14', 'AV - VERGNANO ALESSANDRA', 3954.00, 0, 3954.00, NULL, NULL),
	('2', '2022-10-01', 'AV - VERGNANO ALESSANDRA', 2702.00, 0, 2702.00, NULL, NULL),
	('24', '2022-09-12', 'COSTA ALESSANDRO', 45.00, 22, 54.90, NULL, NULL),
	('43', '2022-09-26', 'AL-FA SERVICE', 4990.80, 22, 6088.78, NULL, NULL),
	('1199', '2022-09-27', 'AMAG', 4079.87, 22, 4977.44, NULL, NULL),
	('9', '2022-09-03', 'AMATO ANGELO', 30948.19, 22, 37756.79, NULL, NULL),
	('80', '2022-09-02', 'DE LEO ANTONIO', 1340.00, 0, 1340.00, NULL, NULL),
	('22186746', '2022-09-30', 'ARBO', 14119.77, 22, 17226.12, NULL, NULL),
	('144', '2022-09-22', 'ART OF STONE - GIOVALE JACOPO', 772.35, 22, 942.27, NULL, NULL),
	('57', '2022-09-13', 'ARTE&DESIGN', 18680.00, 0, 18680.00, NULL, NULL),
	('322', '2022-09-30', 'AVETTA', 870.00, 22, 1061.40, NULL, NULL),
	('324', '2022-09-30', 'AVETTA', 2064.18, 22, 2518.30, NULL, NULL),
	('AVVISO_DI_PARCELLA_205_08.09.22', '2022-09-08', 'STUDIO LEGALE GIARDINI MAZZA', 837.20, 22, 860.38, NULL, NULL),
	('AVVISO_DI_PARCELLA_210_20.09.22', '2022-09-20', 'STUDIO LEGALE GIARDINI MAZZA', 1794.00, 22, 1843.68, NULL, NULL),
	('150', '2022-09-27', 'BALLIU', 3088.00, 0, 3088.00, NULL, NULL),
	('155', '2022-09-27', 'BALLIU', 1512.00, 0, 1512.00, NULL, NULL),
	('152', '2022-09-27', 'BALLIU', 5291.00, 0, 5291.00, NULL, NULL),
	('8537', '2022-09-05', 'BAUDUCCO', 5000.00, 22, 6100.00, NULL, NULL),
	('8567', '2022-09-06', 'BAUDUCCO', 7000.00, 22, 8540.00, NULL, NULL),
	('9011', '2022-09-23', 'BAUDUCCO', 3700.00, 22, 4514.00, NULL, NULL),
	('9603', '2022-09-23', 'BAUDUCCO', 1737.00, 22, 2119.14, NULL, NULL),
	('9605', '2022-09-30', 'BAUDUCCO', 8423.24, 22, 10276.35, NULL, NULL),
	('9609', '2022-09-30', 'BAUDUCCO', 5035.92, 22, 6143.82, NULL, NULL),
	('8761', '2022-09-06', 'BAUDUCCO', 5000.00, 22, 6100.00, NULL, NULL),
	('9610', '2022-09-30', 'BAUDUCCO', 6953.72, 22, 8483.53, NULL, NULL),
	('9611', '2022-09-30', 'BAUDUCCO', 400.00, 22, 488.00, NULL, NULL),
	('9612', '2022-09-30', 'BAUDUCCO', 4869.83, 22, 5941.20, NULL, NULL),
	('9613', '2022-09-30', 'BAUDUCCO', 2796.60, 22, 3411.85, NULL, NULL),
	('9651', '2022-09-30', 'BAUDUCCO', 1486.16, 22, 1813.12, NULL, NULL),
	('9660', '2022-09-30', 'BAUDUCCO', 4222.37, 22, 5151.30, NULL, NULL),
	('9602', '2022-09-30', 'BAUDUCCO', 9523.00, 22, 11618.06, NULL, NULL),
	('7709', '2022-07-30', 'BAUDUCCO', 5702.60, 22, 6957.17, NULL, NULL),
	('7708', '2022-07-30', 'BAUDUCCO', 35585.54, 22, 43414.35, NULL, 'STORNATA NOTA DI CREDITO 566: RIMOSSO IMPORTO DA 300.7 DI CHELOTTI'),
	('47', '2022-09-11', 'BMA', 5715.00, 0, 5715.00, NULL, NULL),
	('48', '2022-09-11', 'BMA', 5900.00, 0, 5900.00, NULL, NULL),
	('370154217', '2022-09-19', 'BOSSARDI', 227.10, 22, 277.06, NULL, NULL),
	('6', '2022-09-15', 'BRG EDIL', 2002.00, 0, 2002.00, NULL, NULL),
	('32', '2022-09-30', 'CASA SERVICE', 1280.00, 0, 1280.00, NULL, NULL),
	('34', '2022-09-29', 'CASA SERVICE', 1952.00, 0, 1952.00, NULL, NULL),
	('35', '2022-09-29', 'CASA SERVICE', 350.00, 0, 350.00, NULL, NULL),
	('2249', '2022-09-30', 'CAVE SANGONE', 1826.00, 22, 2227.72, NULL, NULL),
	('2182', '2022-07-30', 'CAVE DRUENTO', 3242.50, 22, 3955.85, NULL, NULL),
	('2541', '2022-08-31', 'CAVE DRUENTO', 346.50, 22, 422.73, NULL, NULL),
	('2879', '2022-09-30', 'CAVE DRUENTO', 1115.00, 22, 1360.30, NULL, NULL),
	('1580', '2022-09-30', 'CHIATELLINO', 2031.00, 22, 2477.82, NULL, NULL),
	('1796', '2022-09-26', 'CHIESA CARBONAFTA', 24200.00, 22, 29524.00, NULL, NULL),
	('948', '2022-09-30', 'CHINO E BATTAGLIO', 336.55, 22, 410.59, NULL, NULL),
	('21', '2022-09-07', 'CM DI MILAZZO NICOLO\'', 5550.00, 22, 6771.00, NULL, NULL),
	('33', '2022-10-04', 'CM DI MILAZZO NICOLO\'', 5210.00, 22, 6356.20, NULL, NULL),
	('152', '2022-09-12', 'COAN', 1537.50, 0, 1537.50, NULL, NULL),
	('157', '2022-09-16', 'COAN', 6170.50, 0, 6170.50, NULL, NULL),
	('161', '2022-09-16', 'COAN', 13443.00, 0, 13443.00, NULL, NULL),
	('20133', '2022-09-30', 'COENERGIA', 53135.20, 10, 58448.72, NULL, NULL),
	('17831', '2022-09-15', 'COENERGIA', 1133.30, 10, 1246.63, NULL, NULL),
	('348', '2022-09-30', 'COSSO', 38.38, 22, 46.82, NULL, NULL),
	('349', '2022-09-30', 'COSSO', 26.00, 22, 31.72, NULL, NULL),
	('350', '2022-09-30', 'COSSO', 184.50, 22, 225.09, NULL, NULL),
	('1701', '2022-09-30', 'CREATIVE PROFILI', 937.05, 22, 1143.20, NULL, NULL),
	('15', '2022-09-15', 'FIORENZA DAVIDE', 182.00, 0, 182.00, NULL, NULL),
	('18', '2022-09-29', 'FIORENZA DAVIDE', 542.00, 0, 542.00, NULL, NULL),
	('37', '2022-09-01', 'DRF DI FROSI DAVIDE', 600.00, 0, 600.00, NULL, NULL),
	('81', '2022-09-02', 'DE LEO ANTONIO', 1860.00, 0, 1860.00, NULL, NULL),
	('82', '2022-09-12', 'DE LEO ANTONIO', 2060.00, 0, 2060.00, NULL, NULL),
	('84', '2022-09-15', 'DE LEO ANTONIO', 1910.00, 0, 1910.00, NULL, NULL),
	('86', '2022-09-17', 'DE LEO ANTONIO', 1860.00, 0, 1860.00, NULL, NULL),
	('87', '2022-09-17', 'DE LEO ANTONIO', 2160.00, 0, 2160.00, NULL, NULL),
	('88', '2022-09-17', 'DE LEO ANTONIO', 1860.00, 0, 1860.00, NULL, NULL),
	('89', '2022-09-23', 'DE LEO ANTONIO', 1860.00, 0, 1860.00, NULL, NULL),
	('230', '2022-09-22', 'DEA AUTOMATION', 1600.00, 22, 1952.00, NULL, NULL),
	('232', '2022-09-22', 'DEA AUTOMATION', 800.00, 22, 976.00, NULL, NULL),
	('233', '2022-09-22', 'DEA AUTOMATION', 800.00, 22, 976.00, NULL, NULL),
	('242', '2022-09-22', 'DEA AUTOMATION', 4750.00, 22, 5795.00, NULL, 'CLIENTE DAGHERO DEBORA, COMUNE DI CANTALUPA'),
	('243', '2022-09-30', 'DEA AUTOMATION', 800.00, 22, 976.00, NULL, NULL),
	('244', '2022-09-30', 'DEA AUTOMATION', 1600.00, 22, 1952.00, NULL, NULL),
	('245', '2022-09-30', 'DEA AUTOMATION', 1600.00, 22, 1952.00, NULL, NULL),
	('42', '2022-09-30', 'DECO\' DI ROMEO GIUSEPPE LEONARDO', 13000.00, 22, 15860.00, NULL, NULL),
	('452', '2022-09-30', 'DIAGRAMMA', 35000.00, 0, 35000.00, NULL, NULL),
	('4431/01', '2022-09-30', 'ECOGREEN', 100.00, 22, 122.00, NULL, NULL),
	('4432/01', '2022-09-30', 'ECOGREEN', 100.00, 22, 122.00, NULL, NULL),
	('4433/01', '2022-09-30', 'ECOGREEN', 1125.00, 22, 1372.50, NULL, NULL),
	('4434/01', '2022-09-30', 'ECOGREEN', 209.00, 22, 254.98, NULL, NULL),
	('4435/01', '2022-09-30', 'ECOGREEN', 260.00, 22, 317.20, NULL, NULL),
	('4436/01', '2022-09-30', 'ECOGREEN', 275.00, 22, 335.50, NULL, NULL),
	('4437/01', '2022-09-30', 'ECOGREEN', 100.00, 22, 122.00, NULL, NULL),
	('4438/01', '2022-09-30', 'ECOGREEN', 200.00, 22, 244.00, NULL, NULL),
	('4439/01', '2022-09-30', 'ECOGREEN', 682.00, 22, 832.04, NULL, NULL),
	('4440/01', '2022-09-30', 'ECOGREEN', 1555.00, 22, 1897.10, NULL, NULL),
	('4441/01', '2022-09-30', 'ECOGREEN', 1879.80, 22, 2293.36, NULL, NULL),
	('4442/01', '2022-09-30', 'ECOGREEN', 822.90, 22, 1003.94, NULL, NULL),
	('4443/01', '2022-09-30', 'ECOGREEN', 716.00, 22, 873.52, NULL, NULL),
	('4444/01', '2022-09-30', 'ECOGREEN', 205.00, 22, 250.10, NULL, NULL),
	('4445/01', '2022-09-30', 'ECOGREEN', 870.00, 22, 1061.40, NULL, NULL),
	('4446/01', '2022-09-30', 'ECOGREEN', 287.00, 22, 350.14, NULL, NULL),
	('4447/01', '2022-09-30', 'ECOGREEN', 66.00, 22, 80.52, NULL, NULL),
	('4448/01', '2022-09-30', 'ECOGREEN', 1197.00, 22, 1460.34, NULL, NULL),
	('4449/01', '2022-09-30', 'ECOGREEN', 740.00, 22, 902.80, NULL, NULL),
	('4450/01', '2022-09-30', 'ECOGREEN', 50.00, 22, 61.00, NULL, NULL),
	('4451/01', '2022-09-30', 'ECOGREEN', 235.00, 22, 286.70, NULL, NULL),
	('4452/01', '2022-09-30', 'ECOGREEN', 100.00, 22, 122.00, NULL, NULL),
	('53', '2022-09-07', 'EDILIZIA GENERALE FORTUNATA', 5712.00, 0, 5712.00, NULL, NULL),
	('64', '2022-09-29', 'EDILIZIA GENERALE FORTUNATA', 15000.00, 0, 15000.00, NULL, NULL),
	('32', '2022-08-31', 'ELCAB SOLUTION', 10000.00, 0, 10000.00, NULL, NULL),
	('2205729', '2022-09-30', 'EMMETI STORE', 2574.91, 22, 3141.39, NULL, NULL),
	('2205757', '2022-09-30', 'EMMETI STORE', 6236.71, 22, 7608.79, NULL, NULL),
	('102', '2022-05-31', 'ESCAVAZIONI COSTUZIONI GENERALI', 4130.00, 22, 5038.60, NULL, NULL),
	('173', '2022-09-30', 'ESCAVAZIONI COSTUZIONI GENERALI', 16000.00, 22, 19520.00, NULL, NULL),
	('420', '2022-09-30', 'EUROPEAN SYSTEM INDUSTRIAL', 708.00, 22, 863.76, NULL, NULL),
	('176', '2022-10-28', 'EVOTECH', 4600.00, 0, 4600.00, NULL, NULL),
	('2899', '2022-09-28', 'F.LLI MAROCCO', 53.51, 22, 65.28, NULL, NULL),
	('3498', '2022-08-26', 'FISSOLOGRU', 3350.00, 22, 4087.00, NULL, NULL),
	('22', '2022-09-14', 'PUGLIESE FRANCESCO', 64615.00, 22, 78830.30, NULL, NULL),
	('1/158', '2022-09-14', 'FRASER', 3000.00, 22, 3660.00, NULL, NULL),
	('1/159', '2022-09-14', 'FRASER', 1000.00, 22, 1220.00, NULL, NULL),
	('1/165', '2022-09-14', 'FRASER', 2200.00, 22, 2684.00, NULL, NULL),
	('24', '2022-08-31', 'FS COSTRUZIONI', 38700.00, 22, 47214.00, NULL, NULL),
	('26', '2022-08-31', 'FS COSTRUZIONI', 7420.00, 22, 9052.40, NULL, NULL),
	('27', '2022-09-30', 'FS COSTRUZIONI', 17990.00, 0, 17990.00, NULL, NULL),
	('28', '2022-09-30', 'FS COSTRUZIONI', 18320.00, 0, 18320.00, NULL, NULL),
	('29', '2022-09-30', 'FS COSTRUZIONI', 30108.00, 0, 30108.00, NULL, NULL),
	('58', '2022-09-12', 'GAAFAR', 15804.00, 0, 15804.00, NULL, NULL),
	('59', '2022-09-12', 'GAAFAR', 3000.00, 0, 3000.00, NULL, NULL),
	('60', '2022-09-12', 'GAAFAR', 7080.00, 0, 7080.00, NULL, NULL),
	('61', '2022-09-14', 'GAAFAR', 8900.00, 0, 8900.00, NULL, NULL),
	('34', '2022-10-04', 'GF IMPIANTI', 600.00, 0, 600.00, NULL, NULL),
	('25', '2022-10-04', 'GF IMPIANTI', 850.00, 0, 850.00, NULL, NULL),
	('26', '2022-10-04', 'GF IMPIANTI', 1500.00, 0, 1500.00, NULL, NULL),
	('29', '2022-09-22', 'GF IMPIANTI', 600.00, 0, 600.00, NULL, NULL),
	('30', '2022-09-22', 'GF IMPIANTI', 500.00, 0, 500.00, NULL, NULL),
	('31', '2022-09-27', 'GF IMPIANTI', 3500.00, 0, 3500.00, NULL, NULL),
	('2342', '2022-09-30', 'GIARDINO COLORI', 278.20, 22, 339.40, NULL, NULL),
	('139', '2022-08-09', 'ART OF STONE - GIOVALE JACOPO', 75.00, 22, 91.50, NULL, NULL),
	('140', '2022-08-09', 'ART OF STONE - GIOVALE JACOPO', 1549.80, 22, 1890.76, NULL, NULL),
	('24', '2022-09-12', 'GM SERVICE', 45.00, 22, 54.90, NULL, NULL),
	('160', '2022-05-31', 'G.O. RAPPRESENTANZE', 939.28, 0, 939.28, NULL, NULL),
	('161', '2022-05-31', 'G.O. RAPPRESENTANZE', 2219.72, 0, 2219.72, NULL, NULL),
	('313', '2022-09-19', 'G.O. RAPPRESENTANZE', 1400.81, 0, 1400.81, NULL, NULL),
	('314', '2022-09-19', 'G.O. RAPPRESENTANZE', 1468.74, 0, 1468.74, NULL, NULL),
	('315', '2022-09-19', 'G.O. RAPPRESENTANZE', 716.68, 0, 716.68, NULL, NULL),
	('316', '2022-09-19', 'G.O. RAPPRESENTANZE', 3190.84, 0, 3190.84, NULL, NULL),
	('317', '2022-09-19', 'G.O. RAPPRESENTANZE', 1578.45, 0, 1578.45, NULL, NULL),
	('318', '2022-09-19', 'G.O. RAPPRESENTANZE', 1094.38, 0, 1094.38, NULL, NULL),
	('321', '2022-09-19', 'G.O. RAPPRESENTANZE', 716.68, 0, 716.68, NULL, NULL),
	('328', '2022-09-21', 'G.O. RAPPRESENTANZE', 2904.31, 0, 2904.31, NULL, NULL),
	('329', '2022-09-21', 'G.O. RAPPRESENTANZE', 2169.80, 0, 2169.80, NULL, NULL),
	('330', '2022-09-22', 'G.O. RAPPRESENTANZE', 1899.73, 0, 1899.73, NULL, NULL),
	('348', '2022-09-30', 'G.O. RAPPRESENTANZE', 1377.78, 0, 1377.78, NULL, NULL),
	('350', '2022-09-30', 'G.O. RAPPRESENTANZE', 1413.63, 0, 1413.63, NULL, NULL),
	('351', '2022-09-30', 'G.O. RAPPRESENTANZE', 1970.81, 0, 1970.81, NULL, NULL),
	('349', '2022-09-30', 'G.O. RAPPRESENTANZE', 1567.66, 0, 1567.66, NULL, NULL),
	('28150', '2022-09-09', 'GRIESSER', 5792.10, 22, 7066.36, NULL, NULL),
	('1064', '2022-06-13', 'GRO LAM - ROMANO GERARDO', 54.41, 22, 66.38, NULL, NULL),
	('1133', '2022-06-13', 'GRO LAM - ROMANO GERARDO', 65.70, 22, 80.15, NULL, NULL),
	('1168', '2022-06-13', 'GRO LAM - ROMANO GERARDO', 28.70, 22, 35.01, NULL, NULL),
	('22', '2022-09-15', 'EL KETTANI HASSAN', 12040.00, 0, 12040.00, NULL, NULL),
	('95921', '2022-09-30', 'IDROCENTRO', 5659.85, 22, 6905.01, NULL, NULL),
	('100/016450', '2022-09-30', 'IDROTERM', 19467.78, 22, 23750.69, NULL, NULL),
	('4593', '2022-09-27', 'IGIENICA', 300.00, 22, 366.00, NULL, NULL),
	('35', '2022-10-04', 'TONDA IGINO', 5000.00, 0, 5000.00, NULL, NULL),
	('11', '2022-09-09', 'INSTALART IMPIANTI', 800.00, 0, 800.00, NULL, NULL),
	('14', '2022-09-09', 'INSTALART IMPIANTI', 800.00, 0, 800.00, NULL, NULL),
	('30', '2022-09-02', 'IRGED', 4925.00, 0, 4925.00, NULL, NULL),
	('31', '2022-09-02', 'IRGED', 6920.00, 0, 6920.00, NULL, NULL),
	('34', '2022-09-22', 'IRGED', 14700.00, 0, 14700.00, NULL, NULL),
	('22', '2022-09-30', 'L.A. LATTONERIA', 28125.00, 0, 28125.00, NULL, NULL),
	('1868', '2022-10-06', 'LEONE', 828.04, 22, 1010.21, NULL, NULL),
	('4172', '2022-09-13', 'LINEA 5', 7912.31, 22, 9653.02, NULL, NULL),
	('4438', '2022-09-30', 'LINEA 5', 787.40, 22, 960.63, NULL, NULL),
	('120', '2022-09-16', 'P.L. IMPIANTI - LOTESTO DOMENICO', 600.00, 22, 732.00, NULL, NULL),
	('49', '2022-09-13', 'LUCENTE ANDREA', 2600.00, 0, 2600.00, NULL, NULL),
	('91', '2022-09-20', 'LUNGULETE IOA PAPIL', 9520.00, 22, 11614.40, NULL, NULL),
	('73', '2022-09-14', 'MANDAGLIO COSTRUZIONI', 8440.00, 0, 8440.00, NULL, NULL),
	('74', '2022-09-14', 'MANDAGLIO COSTRUZIONI', 4210.00, 0, 4210.00, NULL, NULL),
	('82', '2022-09-27', 'MANDAGLIO COSTRUZIONI', 13250.00, 0, 13250.00, NULL, NULL),
	('77', '2022-09-22', 'MANDAGLIO COSTRUZIONI', 14170.00, 0, 14170.00, NULL, NULL),
	('81', '2022-09-27', 'MANDAGLIO COSTRUZIONI', 2860.00, 0, 2860.00, NULL, NULL),
	('20', '2022-09-30', 'MANICCHIA ANDREA', 28267.87, 22, 29102.44, NULL, NULL),
	('286', '2022-08-31', 'MARMI DRUENTO', 283.30, 22, 345.63, NULL, NULL),
	('256', '2022-07-31', 'MARMI DRUENTO', 9708.37, 22, 11844.21, NULL, NULL),
	('303', '2022-09-20', 'MARMI DRUENTO', 1840.00, 22, 2244.80, NULL, NULL),
	('305', '2022-09-20', 'MARMI DRUENTO', 2240.00, 22, 2732.80, NULL, NULL),
	('312', '2022-09-30', 'MARMI DRUENTO', 4852.56, 22, 5920.12, NULL, NULL),
	('35', '2022-08-19', 'MARTY09 DI ROBA CRISTIAN', 3200.00, 0, 3200.00, NULL, NULL),
	('40', '2022-08-19', 'MARTY09 DI ROBA CRISTIAN', 1600.00, 0, 1600.00, NULL, NULL),
	('43', '2022-08-19', 'MARTY09 DI ROBA CRISTIAN', 1600.00, 0, 1600.00, NULL, NULL),
	('44', '2022-08-19', 'MARTY09 DI ROBA CRISTIAN', 1600.00, 0, 1600.00, NULL, NULL),
	('12', '2022-09-30', 'DE MASI MATTIA', 1800.00, 0, 1800.00, NULL, NULL),
	('1572', '2022-09-30', 'MAUTINO ARMANDO', 666.00, 0, 666.00, NULL, NULL),
	('13', '2022-09-30', 'BUFFO MICKAEL', 3152.00, 0, 3152.00, NULL, NULL),
	('KNE22_000501', '2022-09-19', 'MOLLO', 1525.97, 22, 1861.68, NULL, NULL),
	('VNBAE22-14019', '2022-09-19', 'MOLLO', 296.20, 22, 361.36, NULL, NULL),
	('VNE22_43440', '2022-09-30', 'MOLLO', 2161.45, 22, 2636.97, NULL, NULL),
	('80', '2022-09-19', 'NEW LIFT', 159.46, 22, 194.54, NULL, NULL),
	('133', '2022-09-28', 'NIGRO NICOLA MARCELLO', 262.50, 0, 262.50, NULL, NULL),
	('26', '2022-09-08', 'NORD EDIL', 700.00, 22, 854.00, NULL, NULL),
	('27', '2022-09-08', 'NORD EDIL', 2200.00, 22, 2684.00, NULL, NULL),
	('28', '2022-09-08', 'NORD EDIL', 36270.00, 22, 44249.40, NULL, NULL),
	('29', '2022-09-08', 'NORD EDIL', 31254.52, 22, 38130.51, NULL, NULL),
	('30', '2022-09-08', 'NORD EDIL', 30000.00, 22, 36600.00, NULL, NULL),
	('31', '2022-09-08', 'NORD EDIL', 2540.00, 22, 3098.80, NULL, NULL),
	('5/131', '2022-09-22', 'NUOVA EDILMODERNA', 1500.00, 22, 1830.00, NULL, NULL);

-- Dump della struttura di tabella contabilita_cantieri.fornitore
CREATE TABLE IF NOT EXISTS `fornitore` (
  `nome` varchar(50) NOT NULL,
  PRIMARY KEY (`nome`)
) ENGINE=InnoDB DEFAULT CHARSET=latin1 COLLATE=latin1_swedish_ci;

-- Dump dei dati della tabella contabilita_cantieri.fornitore: ~155 rows (circa)
INSERT INTO `fornitore` (`nome`) VALUES
	('ABRAMO'),
	('ACCADUEO'),
	('ADR INSTITUTE'),
	('ADRI DI GHITESCU ADRIAN IOAN'),
	('AIR DI MARCELLIN VALTER'),
	('AL-FA SERVICE'),
	('AMAG'),
	('AMATO ANGELO'),
	('ANDREI ALIN'),
	('ARBO'),
	('ARREDOINFISSI'),
	('ART OF STONE - GIOVALE JACOPO'),
	('ARTE&DESIGN'),
	('AT ELETTROIMPIANTI'),
	('AV - VERGNANO ALESSANDRA'),
	('AVETTA'),
	('BALLIU'),
	('BAUDUCCO'),
	('BMA'),
	('BOSSARDI'),
	('BRG EDIL'),
	('BRUNO PONTEGGI'),
	('BUFFO MICKAEL'),
	('BUSINESS EDILIZIA DI MAIDA ANDREA'),
	('CASA SERVICE'),
	('CASCINO PIER ANTONIO'),
	('CAVE DRUENTO'),
	('CAVE SANGONE'),
	('CENTORAME'),
	('CENTRO EDILE'),
	('CHIATELLINO'),
	('CHIESA CARBONAFTA'),
	('CHINO E BATTAGLIO'),
	('CIRAVEGNA ALESSANDRO'),
	('CM DI MILAZZO NICOLO\''),
	('CNC IMPIANTI'),
	('COAN'),
	('COENERGIA'),
	('COMITE FEDERICO'),
	('CORBISIERO'),
	('COSSO'),
	('COSTA ALESSANDRO'),
	('COVER'),
	('CREATIVE PROFILI'),
	('CS EDIL'),
	('DE LEO ANTONIO'),
	('DE MASI MATTIA'),
	('DEA AUTOMATION'),
	('DECO\' DI ROMEO GIUSEPPE LEONARDO'),
	('DI GIROLAMO GIULIANO'),
	('DIAGRAMMA'),
	('DRF DI FROSI DAVIDE'),
	('ECOGREEN'),
	('EDILIZIA GENERALE FORTUNATA'),
	('EDILMANCUSO'),
	('EDISYS'),
	('EL KETTANI HASSAN'),
	('ELCAB SOLUTION'),
	('ELETTRICA SAMU'),
	('EMMEFFE'),
	('EMMETI STORE'),
	('ENERGY DUEGI'),
	('ESCAVAZIONI COSTUZIONI GENERALI'),
	('EUROPEAN SYSTEM INDUSTRIAL'),
	('EVOTECH'),
	('F.LLI MAROCCO'),
	('FAI'),
	('FELICE FRANCESCO'),
	('FIORENZA DAVIDE'),
	('FISSOLOGRU'),
	('FLORE MARIUS FLORIN'),
	('FOREDILE'),
	('FRASER'),
	('FS COSTRUZIONI'),
	('G.O. RAPPRESENTANZE'),
	('GAAFAR'),
	('GABER - SABRA MAHMOUD RAEIS'),
	('GARNERO'),
	('GEA'),
	('GF IMPIANTI'),
	('GIARDINO COLORI'),
	('GIARRIZZO STEFANO'),
	('GM SERVICE'),
	('GRANGETTO MARICA'),
	('GRIESSER'),
	('GRIFFA FRANCESCO'),
	('GRO LAM - ROMANO GERARDO'),
	('IDROCENTRO'),
	('IDROTERM'),
	('IGIENICA'),
	('ILMA'),
	('IMBESI MARIANO'),
	('INFUSO ANDREA'),
	('INSTALART IMPIANTI'),
	('IRGED'),
	('ISGRO\' SALVATORE'),
	('KEY SOLAR'),
	('L.A. LATTONERIA'),
	('LEONE'),
	('LINEA 5'),
	('LUCENTE ANDREA'),
	('LUNGULETE IOA PAPIL'),
	('MAGIDEX EDIL GARDEN'),
	('MAJA BERNARD'),
	('MANDAGLIO COSTRUZIONI'),
	('MANICCHIA ANDREA'),
	('MARANGI ALFREDO'),
	('MARMI DRUENTO'),
	('MARTY09 DI ROBA CRISTIAN'),
	('MAT'),
	('MAUTINO ARMANDO'),
	('MAX SERVICE'),
	('MEMIC SEAD'),
	('MM LEGNO'),
	('MOLLO'),
	('NEO SAFETY'),
	('NEW HOUSE GROUP'),
	('NEW LIFT'),
	('NIGRO NICOLA MARCELLO'),
	('NORD EDIL'),
	('NUOVA EDILMODERNA'),
	('P.L. IMPIANTI - LOTESTO DOMENICO'),
	('PACCHIARDO MAURO'),
	('PETRARCHIN'),
	('PFA CONSULTING'),
	('PM EUROGRU'),
	('POLLIOTTI PAOLO'),
	('PQRS ENGINEERING'),
	('PUGLIESE FRANCESCO'),
	('RANDOLFI ALDO'),
	('RELOVA'),
	('REPOLE GIUSEPPE'),
	('RUFFO TATYANA'),
	('RZ COSTRUZIONI'),
	('SARACINO LUIGI RAFFAELE'),
	('SC SERRAMENTI - CICCIA SALVATORE'),
	('SEFERAJ ERMIR GIMMY DI SEFERAJ ERMIR'),
	('SIRT'),
	('SITA\' FRANCESCO'),
	('SOFRONI IULIAN DANIEL'),
	('STUDIO LEGALE GIARDINI MAZZA'),
	('STUDIO VOLTA'),
	('TAES GROUP'),
	('TAILORSAN'),
	('TECMAR DI MARCHETTI ANDREA'),
	('TECNITAL'),
	('TEKNOFERR'),
	('TOMASELLO MONICA'),
	('TOMCAR'),
	('TONDA IGINO'),
	('TORINO CHIAVI'),
	('UGROTE'),
	('WUERTH'),
	('XAKA ARIONS'),
	('ZEROUNO');

-- Dump della struttura di tabella contabilita_cantieri.importo_lavorazione
CREATE TABLE IF NOT EXISTS `importo_lavorazione` (
  `numero` int(5) unsigned zerofill NOT NULL,
  `numero_fattura` varchar(50) DEFAULT NULL,
  `data_fattura` date DEFAULT NULL,
  `fornitore` varchar(50) DEFAULT NULL,
  `cantiere` int(5) DEFAULT NULL,
  `descrizione` varchar(100) DEFAULT NULL,
  `importo` double(15,2) DEFAULT NULL,
  `importo_iva` double(15,2) DEFAULT NULL,
  `note` varchar(400) DEFAULT NULL,
  KEY `cantiere_descrizione_numero_fattura_data_fattura_fornitore` (`numero_fattura`,`data_fattura`,`fornitore`,`numero`) USING BTREE
) ENGINE=InnoDB DEFAULT CHARSET=latin1 COLLATE=latin1_swedish_ci;

-- Dump dei dati della tabella contabilita_cantieri.importo_lavorazione: ~733 rows (circa)
INSERT INTO `importo_lavorazione` (`numero`, `numero_fattura`, `data_fattura`, `fornitore`, `cantiere`, `descrizione`, `importo`, `importo_iva`, `note`) VALUES
	(00001, '8', '2022-07-16', 'AMATO ANGELO', NULL, 'CONSULENZA TECNICA', 85413.18, 87934.90, 'DA DIVIDERE SU: 28-13-66-72-35-86-149-69-62-27-3-106-122-133-1-157-10-67'),
	(00001, '23', '2022-05-26', 'GIARRIZZO STEFANO', 48, 'PRESTAZIONE PROFESSIONALE COORDINAMENTO CANTIERE', 1577.00, 1577.00, 'ACCONTO 50%'),
	(00001, '34', '2022-07-31', 'INFUSO ANDREA', 55, 'PRESTAZIONE PROFESSIONALE COORDINAMENTO CANTIERE', 1560.00, 1603.20, NULL),
	(00001, '236', '2022-07-13', 'AVETTA', 69, 'RISTRUTTURAZIONE', 1510.21, 1842.46, 'BAGNO, PAVIMENTI, TERMOARREDO'),
	(00001, '68', '2022-07-12', 'DE LEO ANTONIO', 71, 'TETTO - PROGETTO', 1300.00, 1300.00, NULL),
	(00001, '3928/01', '2022-08-31', 'ECOGREEN', 76, 'SMALTIMENTO MACERIE/RIFIUTI', 396.00, 483.12, NULL),
	(00001, '54590', '2022-08-12', 'TAILORSAN', 76, 'CANTIERE - WC CHIMICO', 117.00, 142.74, NULL),
	(00001, '8082', '2022-08-25', 'BAUDUCCO', 79, 'TETTO - MATERIALE', 10000.00, 12200.00, NULL),
	(00001, '3924/01', '2022-08-31', 'ECOGREEN', 79, 'SMALTIMENTO MACERIE/RIFIUTI', 605.00, 738.10, NULL),
	(00001, '57', '2022-08-01', 'GAAFAR', 79, 'CANTIERE - PONTEGGIO', 11000.00, 11000.00, NULL),
	(00001, '29', '2022-08-25', 'IRGED', 79, 'TETTO - DEMOLIZIONE', 3800.00, 3800.00, NULL),
	(00001, '3921/01', '2022-08-31', 'ECOGREEN', 80, 'SMALTIMENTO MACERIE/RIFIUTI', 182.00, 222.04, NULL),
	(00001, '21', '2022-08-01', 'TAES GROUP', 80, 'TETTO - TERMINALE CANNA FUMARIA', 400.00, 488.00, 'FORNITURA E POSA TERMINALI PER CANNA FUMARIA'),
	(00001, '148', '2022-08-31', 'COAN', 95, 'CANTIERE - PONTEGGIO', 9684.00, 9684.00, NULL),
	(00001, '42', '2022-07-31', 'INFUSO ANDREA', 96, 'PRESTAZIONE PROFESSIONALE COORDINAMENTO CANTIERE', 1560.00, 1603.20, NULL),
	(00001, '3930/01', '2022-08-31', 'ECOGREEN', 103, 'SMALTIMENTO MACERIE/RIFIUTI', 50.00, 61.00, NULL),
	(00001, '3929/01', '2022-08-31', 'ECOGREEN', 107, 'SMALTIMENTO MACERIE/RIFIUTI', 50.00, 61.00, NULL),
	(00001, '59341', '2022-08-30', 'TAILORSAN', 107, 'CANTIERE - WC CHIMICO', 117.00, 142.74, NULL),
	(00001, '1851', '2022-08-09', 'ENERGY DUEGI', 109, 'FOTOVOLTAICO - STRUTTURA SOSTEGNO', 857.40, 943.00, NULL),
	(00001, '21', '2022-05-26', 'GIARRIZZO STEFANO', 125, 'PRESTAZIONE PROFESSIONALE COORDINAMENTO CANTIERE', 1577.00, 1577.00, NULL),
	(00001, '8120', '2022-08-29', 'BAUDUCCO', 130, 'TETTO - MATERIALE', 6000.00, 7320.00, 'FORNITURA COPERTURA IN LEGNO'),
	(00001, '58447', '2022-08-26', 'TAILORSAN', 130, 'CANTIERE - WC CHIMICO', 117.00, 142.74, NULL),
	(00001, '11', '2022-03-31', 'GIARRIZZO STEFANO', 133, 'PRESTAZIONE PROFESSIONALE COORDINAMENTO CANTIERE', 1577.00, 1577.00, NULL),
	(00001, '1073', '2022-08-02', 'NEO SAFETY', 133, 'CANTIERE - PROGETTO PONTEGGIO', 367.50, 448.35, NULL),
	(00001, '25', '2022-05-26', 'GIARRIZZO STEFANO', 134, 'PRESTAZIONE PROFESSIONALE COORDINAMENTO CANTIERE', 1577.00, 1577.00, NULL),
	(00001, '65', '2022-07-11', 'DE LEO ANTONIO', 136, 'TETTO - PROGETTO', 1340.00, 1340.00, NULL),
	(00001, '3925/01', '2022-08-31', 'ECOGREEN', 136, 'SMALTIMENTO MACERIE/RIFIUTI', 150.00, 183.00, NULL),
	(00001, '27', '2022-05-26', 'GIARRIZZO STEFANO', 136, 'PRESTAZIONE PROFESSIONALE COORDINAMENTO CANTIERE', 1577.00, 1577.00, NULL),
	(00001, '1092', '2022-08-11', 'NEO SAFETY', 136, 'CANTIERE - PROGETTO PONTEGGIO', 367.50, 448.35, NULL),
	(00001, '37', '2022-07-27', 'AL-FA SERVICE', 28, 'SERRAMENTI + SCHERMATURE SOLARI', 15552.00, 18973.44, 'DA DIVIDERE SU FORNITURA E POSA SERRAMENTI E SCHERMATURE'),
	(00001, '38', '2022-07-27', 'AL-FA SERVICE', 44, 'SERRAMENTI + SCHERMATURE SOLARI', 15300.00, 18666.00, 'DA DIVIDERE SU FORNITURA E POSA SERRAMENTI E SCHERMATURE SOLARI'),
	(00001, '38', '2022-08-23', 'AL-FA SERVICE', 137, 'SERRAMENTI + SCHERMATURE SOLARI', 8853.80, 10801.64, 'DA DIVIDERE SU FORNITURA E POSA SERRAMENTI E SCHERMATURE SOLARI'),
	(00001, '1801', '2022-08-03', 'ENERGY DUEGI', 137, 'FOTOVOLTAICO - STRUTTURA SOSTEGNO', 813.64, 895.00, NULL),
	(00001, '35', '2022-07-31', 'INFUSO ANDREA', 137, 'PRESTAZIONE PROFESSIONALE COORDINAMENTO CANTIERE', 1560.00, 1603.20, NULL),
	(00001, '3917/01', '2022-08-31', 'ECOGREEN', 141, 'SMALTIMENTO MACERIE/RIFIUTI', 838.00, 1022.36, NULL),
	(00001, '108', '2022-07-21', 'ABRAMO', 67, 'CANTIERE - PONTEGGIO', 2000.00, 2000.00, NULL),
	(00001, '103', '2022-07-14', 'ABRAMO', 125, 'CANTIERE - PONTEGGIO', 9000.00, 10980.00, NULL),
	(00001, '105', '2022-07-21', 'ABRAMO', 154, 'CANTIERE - PONTEGGIO', 500.00, 500.00, NULL),
	(00001, '106', '2022-07-21', 'ABRAMO', 10, 'CANTIERE - PONTEGGIO', 500.00, 500.00, NULL),
	(00001, '107', '2022-07-21', 'ABRAMO', 1, 'CANTIERE - PONTEGGIO', 300.00, 300.00, NULL),
	(00001, '121', '2022-08-29', 'ABRAMO', 76, 'CANTIERE - PONTEGGIO', 6900.00, 8418.00, NULL),
	(00001, '123', '2022-08-29', 'ABRAMO', 193, 'CANTIERE - PONTEGGIO', 2200.00, 2684.00, NULL),
	(00001, '77/A', '2022-07-25', 'BRUNO PONTEGGI', 56, 'CANTIERE - PONTEGGIO', 35500.00, 35500.00, NULL),
	(00001, '143', '2022-08-24', 'COAN', 195, 'CANTIERE - PONTEGGIO', 4571.00, 4571.00, NULL),
	(00001, '144', '2022-08-24', 'COAN', 54, 'CANTIERE - PONTEGGIO', 12834.00, 12834.00, NULL),
	(00001, '147', '2022-08-29', 'COAN', 107, 'CANTIERE - PONTEGGIO', 8692.00, 8692.00, NULL),
	(00001, '1074', '2022-08-02', 'NEO SAFETY', 125, 'CANTIERE - PROGETTO PONTEGGIO', 367.50, 448.35, NULL),
	(00001, '1071', '2022-08-02', 'NEO SAFETY', 2, 'CANTIERE - PROGETTO PONTEGGIO', 367.50, 448.35, NULL),
	(00001, '36', '2022-08-23', 'AL-FA SERVICE', 2, 'SERRAMENTI + SCHERMATURE SOLARI + ALTRO', 9464.00, 11546.08, 'DA DIVIDERE TRA CANTIERI 2 E 3, E SULLE VOCI CAPITOLATO FORNITURA/POSA TELAI/MASCHERINE E SERRAMENTI'),
	(00001, '268', '2022-07-25', 'ARREDOINFISSI', 117, 'SERRAMENTI + SCHERMATURE SOLARI + ALTRO', 22131.15, 27000.00, 'FORNITURA E POSA SERRAMENTI, PERSIANE, ZANZARIERE, GRATE, TENDE DA SOLE, BASCULANTE, PORTE INTERNE'),
	(00001, '20', '2022-07-12', 'ADRI DI GHITESCU ADRIAN IOAN', 71, 'XX - MANODOPERA CANTIERE', 8900.00, 8900.00, NULL),
	(00001, '25', '2022-08-06', 'ADRI DI GHITESCU ADRIAN IOAN', 66, 'XX - MANODOPERA CANTIERE', 2400.00, 2400.00, NULL),
	(00001, '29', '2022-08-27', 'ANDREI ALIN', 117, 'XX - MANODOPERA CANTIERE', 10000.00, 12200.00, NULL),
	(00001, '22169678', '2022-07-31', 'ARBO', 65, 'BUILDING AUTOMATION - MATERIALE DOMOTICA', 1660.58, 2025.91, 'CRONOTERMOSTATO'),
	(00002, '22169678', '2022-07-31', 'ARBO', 65, 'BUILDING AUTOMATION - MATERIALE DOMOTICA', 3808.60, 4646.49, 'ATTUATORE WIRELESS'),
	(00003, '22169678', '2022-07-31', 'ARBO', 65, 'BUILDING AUTOMATION - MATERIALE DOMOTICA', 959.10, 1170.10, 'ATTUATORE RADIO'),
	(00004, '22169678', '2022-07-31', 'ARBO', 65, 'BUILDING AUTOMATION - MATERIALE DOMOTICA', 132.31, 161.42, 'CONFIGURATORE PER SISTEMA'),
	(00005, '22169678', '2022-07-31', 'ARBO', 0, 'BUILDING AUTOMATION - MATERIALE DOMOTICA', 255.74, 312.00, 'NETBOX INTERFACCIA DI COMUNICAZIONE'),
	(00006, '22169678', '2022-07-31', 'ARBO', 0, 'BUILDING AUTOMATION - MATERIALE DOMOTICA', 127.98, 156.14, 'COMANDO A FILO COM TIMER'),
	(00007, '22169678', '2022-07-31', 'ARBO', 69, 'BUILDING AUTOMATION - MATERIALE DOMOTICA', 3197.38, 3900.80, 'UNITA\' MONOBLOCCO THERMA'),
	(00008, '22169678', '2022-07-31', 'ARBO', 69, 'RISTRUTTURAZIONE - ACCESSORI IDRAULICA', 213.77, 260.80, 'VALVOLE 3 VIE PER BOLLITORE'),
	(00001, '8033', '2022-08-22', 'BAUDUCCO', 8, 'TETTO - MATERIALE', 7000.00, 8540.00, NULL),
	(00001, '8452', '2022-08-31', 'BAUDUCCO', 48, 'TETTO - MATERIALE', 912.58, 1113.35, NULL),
	(00001, '39', '2022-07-22', 'BMA', 26, 'XX - MANODOPERA CANTIERE', 1000.00, 1000.00, NULL),
	(00001, '40', '2022-07-26', 'BMA', 27, 'XX - MANODOPERA CANTIERE', 4635.00, 4635.00, NULL),
	(00001, '44', '2022-08-11', 'BMA', 79, 'XX - MANODOPERA CANTIERE', 4610.00, 4610.00, NULL),
	(00001, '45', '2022-08-26', 'BMA', 79, 'XX - MANODOPERA CANTIERE', 8260.00, 8260.00, NULL),
	(00001, '26', '2022-07-31', 'CASA SERVICE', 27, 'CALDAIA/POMPA DI CALORE - MANODOPERA', 410.00, 410.00, 'SPOSTAMENTO MOTOCONDENSANTE CON PROVA DI FUNZIONAMENTO, COLLAUDO E MESSA IN SERVIZIO'),
	(00002, '26', '2022-07-31', 'CASA SERVICE', 66, 'CALDAIA/POMPA DI CALORE - MANODOPERA', 280.00, 280.00, 'RIMONTAGGIO MOTOCONDENSANTE CON PROVA DI FUNZIONAMENTO, COLLAUDO E MESSA IN SERVIZIO'),
	(00003, '26', '2022-07-31', 'CASA SERVICE', 10, 'CALDAIA + RISTRUTTURAZIONE - MANODOPERA + FORNITURA IMPIANTO', 4320.00, 4320.00, 'DA DIVIDERE SU: MANODOPERA SOSTITUZIONE CALDAIA, FORNITURA E MONTAGGIO IMPIANTO IDRAULICO, SMONTAGGIO VECCHIO SISTEMA DI RISCALDAMENTO'),
	(00004, '26', '2022-07-31', 'CASA SERVICE', 149, 'CALDAIA/POMPA DI CALORE - MANODOPERA', 1200.00, 1200.00, 'COLLEGAMENTO CLIMATIZZATORE'),
	(00001, '331/01', '2022-07-29', 'ACCADUEO', 35, 'CALDAIA/POMPA DI CALORE - MANODOPERA', 9600.00, 9600.00, NULL),
	(00001, '22177037', '2022-08-31', 'ARBO', 149, 'BUILDING AUTOMATION - MATERIALE DOMOTICA', 255.74, 312.00, 'NETBOX INTERFACCIA DI COMUNICAZIONE'),
	(00002, '22177037', '2022-08-31', 'ARBO', 65, 'BUILDING AUTOMATION - MATERIALE DOMOTICA', 1107.05, 1350.60, 'CRONOTERMOSTATO SETT. TOUCH WIFI'),
	(00003, '22177037', '2022-08-31', 'ARBO', 0, 'BUILDING AUTOMATION - MATERIALE DOMOTICA', 68.38, 83.42, 'COMANDO A FILO SEMPLIFICATO - RITIRA SIG. LAZZARINI'),
	(00004, '22177037', '2022-08-31', 'ARBO', 71, 'RISTRUTTURAZIONE - MATERIALE IMPIANTO CANALIZZATO', 110.41, 134.70, 'CONNESSIONE CANALIZZAZIONE SINGOLA'),
	(00001, '120', '2022-07-11', 'ART OF STONE - GIOVALE JACOPO', 27, 'RISTRUTTURAZIONE - ZOCCOLATURA H 6OCM', 1646.40, 2008.61, NULL),
	(00002, '120', '2022-07-11', 'ART OF STONE - GIOVALE JACOPO', 27, 'RISTRUTTURAZIONE - ZOCCOLATURA H 12CM', 178.50, 217.77, NULL),
	(00001, '1671', '2022-07-25', 'CHIESA CARBONAFTA', 48, 'CALDAIA/POMPA DI CALORE - FORNITURA + MANODOPERA CALDAIA CENTRALIZZATA', 41620.00, 50776.40, 'INTERVENTO DI RIQUALIFICAZIONE CENTRALE'),
	(00001, '1672', '2022-07-25', 'CHIESA CARBONAFTA', 56, 'CALDAIA/POMPA DI CALORE - FORNITURA + MANODOPERA CALDAIA CENTRALIZZATA', 34790.00, 42443.80, 'INTERVENTO RIQUALIFICAZIONE CENTRALE TERMICA'),
	(00001, '118396', '2022-07-29', 'COENERGIA', 0, 'FOTOVOLTAICO - INVERTER', 31606.02, 34766.62, 'FORNITURA NUM. 20 INVERTER 6 KW'),
	(00002, '118396', '2022-07-29', 'COENERGIA', 0, 'FOTOVOLTAICO - INVERTER', 35147.28, 38662.01, 'FORNITURA NUM. 25 INVERTER 3 KW'),
	(00003, '118396', '2022-07-29', 'COENERGIA', 0, 'FOTOVOLTAICO - BATTERIE', 93830.10, 103213.11, 'FORNITURA NUM. 50 BATTERIE'),
	(00004, '118396', '2022-07-29', 'COENERGIA', 0, 'FOTOVOLTAICO - CAVI', 1911.00, 2102.10, 'FORNITURA NUM. 30 KIT CAVI BATTERIE-INVERTER'),
	(00005, '118396', '2022-07-29', 'COENERGIA', 0, 'FOTOVOLTAICO - CAVI', 2522.52, 2774.77, 'FORNITURA NUM. 30 KIT CAVI BATTERIE'),
	(00006, '118396', '2022-07-29', 'COENERGIA', 0, 'FOTOVOLTAICO - TRASPORTO MATERIALE', 1650.17, 1815.19, NULL),
	(00001, '1', '2022-08-22', 'CORBISIERO', 8, 'XX - MANODOPERA CANTIERE', 15000.00, 15000.00, NULL),
	(00001, '66', '2022-07-11', 'DE LEO ANTONIO', 55, 'TETTO - PROGETTO', 1340.00, 1340.00, NULL),
	(00001, '75', '2022-08-02', 'DE LEO ANTONIO', 48, 'TETTO - PROGETTO', 2560.00, 2560.00, NULL),
	(00001, '3915/01', '2022-08-31', 'ECOGREEN', 2, 'SMALTIMENTO MACERIE/RIFIUTI', 360.00, 439.20, 'DA DIVIDERE SU CANTIERI 2 E 3'),
	(00001, '3916/01', '2022-08-31', 'ECOGREEN', 10, 'SMALTIMENTO MACERIE/RIFIUTI', 100.00, 122.00, NULL),
	(00001, '3918/01', '2022-08-31', 'ECOGREEN', 28, 'SMALTIMENTO MACERIE/RIFIUTI', 232.00, 283.04, NULL),
	(00001, '3919/01', '2022-08-31', 'ECOGREEN', 67, 'SMALTIMENTO MACERIE/RIFIUTI', 295.00, 359.90, NULL),
	(00001, '3920/01', '2022-08-31', 'ECOGREEN', 48, 'SMALTIMENTO MACERIE/RIFIUTI', 320.40, 390.89, NULL),
	(00001, '3922/01', '2022-08-31', 'ECOGREEN', 56, 'SMALTIMENTO MACERIE/RIFIUTI', 275.00, 335.50, NULL),
	(00001, '3923/01', '2022-08-31', 'ECOGREEN', 55, 'SMALTIMENTO MACERIE/RIFIUTI', 640.00, 780.80, NULL),
	(00001, '3926/01', '2022-08-31', 'ECOGREEN', 8, 'SMALTIMENTO MACERIE/RIFIUTI', 619.00, 755.18, NULL),
	(00001, '3931/01', '2022-08-31', 'ECOGREEN', 57, 'SMALTIMENTO MACERIE/RIFIUTI', 275.00, 335.50, NULL),
	(00001, '3932/01', '2022-08-31', 'ECOGREEN', 66, 'SMALTIMENTO MACERIE/RIFIUTI', 275.00, 335.50, NULL),
	(00001, '3933/01', '2022-08-31', 'ECOGREEN', 13, 'SMALTIMENTO MACERIE/RIFIUTI', 100.00, 122.00, NULL),
	(00001, '1852', '2022-08-09', 'ENERGY DUEGI', 55, 'FOTOVOLTAICO - STRUTTURA SOSTEGNO', 857.84, 943.00, 'STRUTTURA DI SOSTEGNO PER 6 PANNELLI FOTOVOLTAICI ORIZZONTALI'),
	(00001, '9', '2022-08-04', 'FIORENZA DAVIDE', 66, 'XX - MANODOPERA CANTIERE', 482.00, 482.00, NULL),
	(00001, '1/146', '2022-08-11', 'FRASER', 9, 'XX - PORTA COMUNE CONDOMINIO', 1000.00, 1220.00, 'PORTA IN FERRO LOCALE BATTERIA'),
	(00001, '269', '2022-08-22', 'G.O. RAPPRESENTANZE', 73, 'FOTOVOLTAICO - LINEA VITA', 828.84, 828.84, NULL),
	(00001, '277', '2022-08-22', 'G.O. RAPPRESENTANZE', 55, 'TETTO - LINEA VITA', 1107.65, 1107.65, NULL),
	(00001, '282', '2022-08-22', 'G.O. RAPPRESENTANZE', 48, 'TETTO - LUCERNARIO', 200.00, 244.00, NULL),
	(00001, '209', '2022-07-29', 'ILMA', 48, 'TETTO - MATERIALE', 50850.00, 62037.00, NULL),
	(00001, '28', '2022-08-09', 'IRGED', 136, 'XX - MANODOPERA CANTIERE', 2000.00, 2000.00, NULL),
	(00001, '71', '2022-08-31', 'MANDAGLIO COSTRUZIONI', 55, 'TETTO - MANODOPERA', 10685.00, 10685.00, 'DEMOLIZIONE, RINFORZO STRUTTURALE E POSA TETTO'),
	(00001, '1/22', '2022-08-31', 'MAT', 65, 'XX - MANODOPERA CANTIERE + MATERIALE EDILE', 24018.00, 24018.00, 'SAL 3'),
	(00001, '76', '2022-08-31', 'MAX SERVICE', 71, 'BUILDING AUTOMATION - MATERIALE DOMOTICA', 2859.00, 3487.98, NULL),
	(00001, '77', '2022-08-31', 'MAX SERVICE', 71, 'RISTRUTTURAZIONE - IMPIANTI SPECIALI', 1835.00, 2238.70, NULL),
	(00001, '78', '2022-08-31', 'MAX SERVICE', 71, 'RISTRUTTURAZIONE - IMPIANTO ELETTRICO', 1660.00, 2025.20, 'NUOVO QUADRO ELETTRICO'),
	(00001, '1076', '2022-08-02', 'NEO SAFETY', 48, 'CANTIERE - PROGETTO PONTEGGIO', 367.50, 448.35, NULL),
	(00001, '39', '2022-08-10', 'NEW HOUSE GROUP', 56, 'BALCONI - MANODOPERA', 3104.00, 3104.00, 'ESECUZIONE DI MASSETTO TRADIZIONALE SABBIA E CEMENTO BALCONI'),
	(00001, '266', '2022-08-04', 'AVETTA', 56, 'BALCONI - MATERIALE', 870.00, 1061.40, 'ACCONTO SU FORNITURA PIASTRELLE'),
	(00001, '237', '2022-07-15', 'AVETTA', 48, 'BALCONI - MATERIALE', 2923.20, 3566.30, 'FATTURA DI ACCONTO SU FORNITURA PIASTRELLE'),
	(00001, '235', '2022-07-13', 'AVETTA', 66, 'BALCONI - MATERIALE', 340.20, 415.04, 'LUSERNA GRIGIA 29.7X59.5'),
	(00001, '234', '2022-07-13', 'AVETTA', 65, 'BALCONI - MATERIALE', 567.00, 691.74, 'LUSERNA GRIGIA 29.7X59.5 NATURALE'),
	(00001, '75', '2022-08-31', 'MAX SERVICE', 71, 'RISTRUTTURAZIONE - IMPIANTO ELETTRICO', 1870.00, 2281.40, NULL),
	(00001, '25', '2022-08-31', 'NORD EDIL', 55, 'CANTIERE - GRU', 700.00, 854.00, NULL),
	(00002, '25', '2022-08-31', 'NORD EDIL', 35, 'XX - MANODOPERA CANTIERE + MATERIALE EDILE', 35085.00, 42803.70, 'SAL VIA MANZONI 26'),
	(00003, '25', '2022-08-31', 'NORD EDIL', 67, 'XX - MANODOPERA CANTIERE + MATERIALE EDILE', 30695.00, 37447.90, 'SAL VIALE PAPA GIOVANNI'),
	(00004, '25', '2022-08-31', 'NORD EDIL', 80, 'CANTIERE - GRU', 1400.00, 1708.00, NULL),
	(00005, '25', '2022-08-31', 'NORD EDIL', 56, 'XX - MANODOPERA CANTIERE', 720.00, 878.40, NULL),
	(00001, '107', '2022-08-29', 'P.L. IMPIANTI - LOTESTO DOMENICO', 54, 'CANTIERE - IMPIANTI ELETTRICI CANTIERE', 700.00, 854.00, 'FORNITURA E POSA DI ANTIFURTO DA PONTEGGIO, QUADRO 220V E MESSA A TERRA PONTEGGIO'),
	(00001, '106', '2022-08-29', 'P.L. IMPIANTI - LOTESTO DOMENICO', 64, 'CANTIERE - IMPIANTI ELETTRICI CANTIERE', 800.00, 976.00, 'FORNITURA E POSA DI ANTIFURTO DA PONTEGGIO E MESSA A TERRA GRU E PONTEGGIO'),
	(00001, '105', '2022-08-29', 'P.L. IMPIANTI - LOTESTO DOMENICO', 136, 'CANTIERE - IMPIANTI ELETTRICI CANTIERE', 350.00, 427.00, 'QUADRO E MESSA A TERRA PONTEGGIO'),
	(00001, '1520/02', '2022-08-04', 'PQRS ENGINEERING', 48, 'TETTO - OPERE IN C.A.', 78.50, 95.77, 'COMPRESSIONE PROVINI CUBICI + STAGIONATURA DI PROVINI'),
	(00001, '1522/02', '2022-08-04', 'PQRS ENGINEERING', 67, 'TETTO - OPERE IN C.A.', 44.50, 54.29, 'COMPRESSIONE PROVINI CUBICI'),
	(00001, '1523/02', '2022-08-04', 'PQRS ENGINEERING', 80, 'TETTO - OPERE IN C.A.', 44.50, 54.29, 'COMPRESSIONE PROVINI CUBICI'),
	(00001, '1525/02', '2022-08-04', 'PQRS ENGINEERING', 55, 'TETTO - OPERE IN C.A.', 48.50, 59.17, 'COMPRESSIONE PROVINI CUBICI + STAGIONATURA PROVINI'),
	(00001, '12', '2022-08-23', 'RELOVA', 27, 'CANTIERE - PONTEGGIO', 600.00, 732.00, NULL),
	(00002, '12', '2022-08-23', 'RELOVA', 27, 'RISTRUTTURAZIONE - SCALA INTERNA', 5000.00, 6100.00, 'SCALA INTERNA ACCONTO'),
	(00003, '12', '2022-08-23', 'RELOVA', 62, 'CANTIERE - PONTEGGIO', 1510.00, 1842.20, NULL),
	(00004, '12', '2022-08-23', 'RELOVA', 80, 'CANTIERE - PONTEGGIO', 600.00, 732.00, NULL),
	(00001, '54023', '2022-08-08', 'TAILORSAN', 8, 'CANTIERE - WC CHIMICO', 117.00, 142.74, NULL),
	(00001, '57205', '2022-08-21', 'TAILORSAN', 27, 'CANTIERE - WC CHIMICO', 40.00, 48.80, NULL),
	(00001, '58449', '2022-08-26', 'TAILORSAN', 13, 'CANTIERE - WC CHIMICO', 80.00, 97.60, NULL),
	(00001, '58461', '2022-08-26', 'TAILORSAN', 10, 'CANTIERE - WC CHIMICO', 115.00, 140.30, NULL),
	(00001, '58476', '2022-08-26', 'TAILORSAN', 48, 'CANTIERE - WC CHIMICO', 125.00, 152.50, NULL),
	(00001, '58477', '2022-08-26', 'TAILORSAN', 65, 'CANTIERE - WC CHIMICO', 130.00, 158.60, NULL),
	(00001, '41', '2022-08-04', 'PACCHIARDO MAURO', 27, 'TETTO - MANODOPERA', 590.00, 590.00, 'REALIZZAZIONE IN OPERA IN BOTTE IN LEGNO LAMELLARE'),
	(00002, '41', '2022-08-04', 'PACCHIARDO MAURO', 27, 'TETTO - MANODOPERA', 810.00, 810.00, 'REALIZZAZIONE IN OPERA IN BOTTE IN LEGNO LAMELLARE'),
	(00003, '41', '2022-08-04', 'PACCHIARDO MAURO', 27, 'TETTO - MANODOPERA', 580.00, 580.00, 'POSA IN OPERA DI VELUX'),
	(00004, '41', '2022-08-04', 'PACCHIARDO MAURO', 27, 'TETTO - MANODOPERA', 660.00, 660.00, 'POSA IN OPERA DI VELUX'),
	(00005, '41', '2022-08-04', 'PACCHIARDO MAURO', 27, 'SCHERMATURE SOLARI - MANODOPERA', 120.00, 120.00, 'POSA IN OPERA DI PERSIANE'),
	(00006, '41', '2022-08-04', 'PACCHIARDO MAURO', 27, 'SCHERMATURE SOLARI - MANODOPERA', 170.00, 170.00, 'POSA IN OPERA DI PERSIANE'),
	(00007, '41', '2022-08-04', 'PACCHIARDO MAURO', 27, 'TETTO - MANODOPERA', 360.00, 360.00, 'MODIFICA ORDITURA E RADICI TETTO COME VISTO CON VS. GEOMETRA'),
	(00008, '41', '2022-08-04', 'PACCHIARDO MAURO', 27, 'TETTO - MANODOPERA', 40.00, 40.00, 'RITIRO VS. MATERIALE PRESSO COVEMA'),
	(00001, '83898', '2022-08-31', 'IDROCENTRO', 165, 'CALDAIA/POMPA DI CALORE - ACCESSORI', 28.41, 34.66, 'CUVA, TUBO, TERMINALE SCARICO'),
	(00002, '83898', '2022-08-31', 'IDROCENTRO', 17, 'XX - ACCESSORI IDRAULICA', 767.66, 936.55, 'TUBI, CURVA, RACCORDI, PROLUNGA OTTONE'),
	(00003, '83898', '2022-08-31', 'IDROCENTRO', 0, 'XX - ACCESSORI IDRAULICA', 454.12, 554.03, 'TUBI RAME E HENCO'),
	(00004, '83898', '2022-08-31', 'IDROCENTRO', 55, 'XX - BOILER + ACCESSORI IDRAULICA', 2914.30, 3555.45, 'DA DIVIDERE SU PIU LAVORAZIONI: BOILER, ACCESSORI, RISCALDAMENTO...'),
	(00001, '124', '2022-08-29', 'ABRAMO', 146, 'CANTIERE - PONTEGGIO', 7900.00, 9638.00, NULL),
	(00001, '8083', '2022-08-25', 'BAUDUCCO', 146, 'TETTO - MATERIALE', 5000.00, 6100.00, 'ANTICIPO FORNITURA PER LEGNAME PREV. 14884 22/08/22'),
	(00001, '3927/01', '2022-08-31', 'ECOGREEN', 146, 'SMALTIMENTO MACERIE/RIFIUTI', 50.00, 61.00, NULL),
	(00001, '121', '2022-07-12', 'ART OF STONE - GIOVALE JACOPO', 148, 'SERRAMENTI - FORNITURA DAVANZALI', 372.52, 454.47, 'FATTURA DI ACCONTO PER LAVORATI IN SERIZZO (SOGLIE E DAVANZALI)'),
	(00001, '129', '2022-07-12', 'ART OF STONE - GIOVALE JACOPO', 148, 'SERRAMENTI - FORNITURA DAVANZALI', 602.48, 735.03, 'LAVORATI IN SERIZZO LUCIDO PER SOGLIE E DAVANZALI'),
	(00002, '129', '2022-07-12', 'ART OF STONE - GIOVALE JACOPO', 148, 'XX - GRADINI IN PIETRA', 264.00, 322.08, 'N.2 GRADINI IN PIETRA'),
	(00001, '121', '2022-08-04', 'AT ELETTROIMPIANTI', 149, 'XX - IMPIANTO ALIMENTAZIONE POMPA DI CALORE', 2000.00, 2000.00, 'REALIZZAZIONE NUOVO QUADRO DI DISTRIBUZIONE E POSA LINEE DI ALIMENTAZIONE MACCHINE INTERNA ED ESTERNA DI CLIMATIZZAZIONE'),
	(00001, '27', '2022-08-04', 'EDILMANCUSO', 149, 'XX - MANODOPERA CANTIERE + MATERIALE EDILE', 5000.00, 5000.00, 'LAVORI EDILI'),
	(00001, '37', '2022-08-23', 'AL-FA SERVICE', 154, 'SERRAMENTI + SCHERMATURE SOLARI + ALTRO', 11639.52, 14200.21, 'ACCONTO SU CONFERMA ORDINE 54 DEL 23/08/22'),
	(00001, '71', '2022-07-23', 'DE LEO ANTONIO', 155, 'TETTO - PROGETTO', 1340.00, 1340.00, NULL),
	(00001, '142', '2022-08-12', 'COAN', 155, 'CANTIERE - PONTEGGIO', 12463.70, 12463.70, NULL),
	(00001, '54056', '2022-08-08', 'TAILORSAN', 155, 'CANTIERE - WC CHIMICO', 117.00, 142.74, NULL),
	(00001, '11', '2022-08-31', 'DE MASI MATTIA', 156, 'TETTO - MANODOPERA', 1800.00, 1800.00, 'INTERVENTO PER RIFACIMENTO TETTO'),
	(00001, '10', '2022-08-31', 'SARACINO LUIGI RAFFAELE', 156, 'TETTO - MANODOPERA', 2500.00, 2500.00, 'SMANTELLAMENTO E RIFACIMENTO TETTO'),
	(00001, '36', '2022-07-31', 'INFUSO ANDREA', 165, 'PRESTAZIONE PROFESSIONALE COORDINAMENTO CANTIERE', 1560.00, 1603.20, NULL),
	(00001, '1524/02', '2022-08-04', 'PQRS ENGINEERING', 168, 'TETTO - OPERE IN C.A.', 44.50, 54.29, 'COMPRESSIONE PROVINI CUBICI'),
	(00001, '20', '2022-08-13', 'RZ COSTRUZIONI', 168, 'XX - MANODOPERA CANTIERE', 2200.00, 2200.00, 'REALIZZAZIONE MURATURE PER TAMPONAMENTI INTERNI ED ESTERNI'),
	(00001, '58475', '2022-08-26', 'TAILORSAN', 168, 'CANTIERE - WC CHIMICO', 250.00, 305.00, NULL),
	(00001, '279', '2022-08-22', 'G.O. RAPPRESENTANZE', 169, 'FOTOVOLTAICO - LINEA VITA', 1408.32, 1408.32, NULL),
	(00001, '37', '2022-07-31', 'INFUSO ANDREA', 169, 'PRESTAZIONE PROFESSIONALE COORDINAMENTO CANTIERE', 1560.00, 1603.20, NULL),
	(00001, '38', '2022-07-31', 'INFUSO ANDREA', 172, 'PRESTAZIONE PROFESSIONALE COORDINAMENTO CANTIERE', 1560.00, 1603.20, NULL),
	(00001, '1802', '2022-08-03', 'ENERGY DUEGI', 173, 'FOTOVOLTAICO - STRUTTURA SOSTEGNO', 621.74, 684.00, NULL),
	(00001, '19', '2022-08-13', 'RZ COSTRUZIONI', 176, 'XX - MANODOPERA CANTIERE', 9500.00, 9500.00, 'POSA TETTO COMPLETO DI GROSSA E PICCOLA ORDITURA, PERLINATO, ISOLANTE E TEGOLE. POSA DI 8 PUTRELLE. POSA PILASTRO PER SOSTEGNO CAPRIATA. REALIZZAZIONE SCAVO CON POSA TUBAZIONE COMPRESO IL CARICO E IL TRASPORTO. GETTO DI PLINTO E RIPRISTINO PAVIMENTAZIONE.'),
	(00001, '59335', '2022-08-30', 'TAILORSAN', 176, 'CANTIERE - WC CHIMICO', 125.00, 152.50, NULL),
	(00001, '278', '2022-08-22', 'G.O. RAPPRESENTANZE', 184, 'FOTOVOLTAICO - LINEA VITA', 1970.85, 1970.85, NULL),
	(00001, '39', '2022-07-31', 'INFUSO ANDREA', 184, 'PRESTAZIONE PROFESSIONALE COORDINAMENTO CANTIERE', 1560.00, 1603.20, NULL),
	(00001, '268', '2022-08-22', 'G.O. RAPPRESENTANZE', 187, 'FOTOVOLTAICO - LINEA VITA', 828.84, 828.84, NULL),
	(00001, '40', '2022-07-31', 'INFUSO ANDREA', 187, 'PRESTAZIONE PROFESSIONALE COORDINAMENTO CANTIERE', 1560.00, 1603.20, NULL),
	(00001, '41', '2022-07-31', 'INFUSO ANDREA', 188, 'PRESTAZIONE PROFESSIONALE COORDINAMENTO CANTIERE', 1560.00, 1603.20, NULL),
	(00001, '66', '2022-07-11', 'BRUNO PONTEGGI', 1013, 'CANTIERE - PONTEGGIO', 32000.00, 39040.00, NULL),
	(00001, '50', '2022-08-12', 'EDILIZIA GENERALE FORTUNATA', 1013, 'FACCIATA + BALCONI', 5000.00, 5500.00, 'ACCONTO SU LAVORI DI RISANAMENTO E TINTEGGIATURA FACCIATE E RINGHIERE'),
	(00001, '58450', '2022-08-26', 'TAILORSAN', 1013, 'CANTIERE - WC CHIMICO', 125.00, 152.50, NULL),
	(00001, '27', '2022-07-04', 'AL-FA SERVICE', NULL, 'SERRAMENTI + SCHERMATURE SOLARI + ALTRO', 2716.00, 3313.52, 'ACCONTO SU CONFERMA ORDINE 49 DEL 04/07/22'),
	(00001, '58471', '2022-08-26', 'TAILORSAN', 1013, 'CANTIERE - WC CHIMICO', 125.00, 152.50, NULL),
	(00001, '30', '2022-07-04', 'AL-FA SERVICE', NULL, 'SERRAMENTI + SCHERMATURE SOLARI + ALTRO', 1880.00, 2293.60, 'ACCONTO SU CONFERMA ORDINE 52 DEL 04/07/22'),
	(00001, '240', '2022-07-15', 'AVETTA', NULL, 'RISTRUTTURAZIONE - BAGNO', 1096.50, 1337.73, 'FATTURA DI ACCONTO SU FORNITURA BAGNI - RIF. ORDINE 189 DEL 15/07/22 - CADEDDU'),
	(00001, '26', '2022-08-08', 'CASCINO PIER ANTONIO', NULL, 'XX - MANODOPERA CANTIERE', 2000.00, 2000.00, NULL),
	(00001, '2/186', '2022-07-26', 'CENTORAME', NULL, 'TETTO - LATTONERIA', 102.40, 124.93, 'VERNICIATURA PROFILI E TAPPI - DDT 1/345 05/07/22, DDT 1/385 25/07/22'),
	(00001, '1352', '2022-08-31', 'EMMEFFE', NULL, 'XX - CLIMATIZZATORE', 336.00, 409.92, 'CLIMATIZZATORE MONOSPLIT SMART INVERTER'),
	(00002, '1352', '2022-08-31', 'EMMEFFE', NULL, 'XX - PIASTRELLE', 920.28, 1122.74, 'ESAG. BOURBON STREET, RIV. 20X20, PROTERMINAL ALL.VERNICIATO, ETERNA BEIGE NATURALE, LAVORAZIONE BATTISCOPA'),
	(00001, '41', '2022-08-11', 'SOFRONI IULIAN DANIEL', 5, 'XX - MANODOPERA CANTIERE', 15000.00, 15000.00, 'ACCONTO PER LAVORO DI RISTRUTTURAZIONE'),
	(00001, '285', '2022-08-31', 'TORINO CHIAVI', 48, 'CANTIERE - GRU', 700.00, 854.00, 'SEGNATO CANTIERE VIA FORVILLA SU FATTURA'),
	(00001, '15', '2022-08-04', 'IMBESI MARIANO', NULL, 'AMMISTRATORE DI CONDOMINIO', 3782.00, 3782.00, NULL),
	(00001, '18', '2022-07-16', 'MANICCHIA ANDREA', NULL, 'CONSULENZA TECNICA', 55517.33, 57156.41, 'DA DIVIDERE SU: 28-13-66-72-35-86-149-69-62-27-3-106-122-133-1-157-10-67'),
	(00001, '18', '2022-09-03', 'PFA CONSULTING', NULL, 'CONSULENZA TECNICA', 28935.52, 35301.33, 'DA DIVIDERE SU: 80-134-148-165-173-135-176-190-03-62'),
	(00001, '9', '2022-08-16', 'FLORE MARIUS FLORIN', NULL, 'XX - MANODOPERA CANTIERE', 4202.00, 4202.00, 'CAPPOTTO A SOFFITTO BERTOTTI - LAVORI MUSSINO'),
	(00001, '21', '2022-08-02', 'EL KETTANI HASSAN', NULL, 'XX - MANODOPERA CANTIERE', 9900.00, 9900.00, 'LAVORI VIALE PAPA GIOVANNI 7-9 E VIA VENARIA 6'),
	(00001, '14', '2022-08-02', 'GRANGETTO MARICA', NULL, 'XX - CONSULENZA ARTISTICA', 37.31, 38.80, 'CONSULENZA ARTISTICA VIA MASSENA'),
	(00002, '14', '2022-08-02', 'GRANGETTO MARICA', NULL, 'XX - CONSULENZA ARTISTICA', 111.60, 116.06, 'CONSULENZA ARTISTICA ESTERNI ALASSIO'),
	(00003, '14', '2022-08-02', 'GRANGETTO MARICA', NULL, 'XX - CONSULENZA ARTISTICA', 292.68, 304.39, 'CONSULENZA ARTISTICA RIVALTA'),
	(00001, '18', '2022-07-14', 'CNC IMPIANTI', NULL, 'ISOLAMENTO - MONTAGGIO VENTOLE', 362.00, 362.00, 'DA DIVIDERE SU: VIA MOSELE 24, 184 E 154'),
	(00001, '15', '2022-08-08', 'RANDOLFI ALDO', NULL, 'GESTIONE CANTIERI', 3677.00, 3677.00, NULL),
	(00001, '1', '2022-08-31', 'CIRAVEGNA ALESSANDRO', NULL, 'GESTIONE CANTIERI', 2700.00, 2702.00, NULL),
	(00001, '12', '2022-08-05', 'BUFFO MICKAEL', NULL, 'GESTIONE CANTIERI', 3150.00, 3152.00, NULL),
	(00001, '66', '2022-08-11', 'TOMASELLO MONICA', NULL, 'XX - PULIZIA', 12500.00, 12502.00, 'DA DIVIDERE SU: 22-72-35-69-55-90-173'),
	(00001, '974', '2022-07-18', 'AMAG', 0, 'XX - MATERIALE EDILE', 6117.00, 7462.74, NULL),
	(00001, '1060', '2022-07-28', 'AMAG', 0, 'XX - MATERIALE EDILE', 458.50, 559.37, NULL),
	(00001, '1096', '2022-08-24', 'AMAG', 0, 'XX - MATERIALE EDILE', 2643.18, 3224.68, NULL),
	(00001, '1114', '2022-08-24', 'AMAG', 0, 'XX - MATERIALE EDILE', 8313.22, 10142.13, NULL),
	(00001, '1136', '2022-08-31', 'AMAG', 0, 'XX - MATERIALE EDILE', 286.31, 349.30, NULL),
	(00001, '21', '2022-08-18', 'BUSINESS EDILIZIA DI MAIDA ANDREA', 0, 'PONTEGGIO - MATERIALE ACCESSORIO', 5680.50, 6930.21, 'TUBO, MORSETTI, SPINOTTI, BASETTE REGOLABILI'),
	(00001, '28027', '2022-07-30', 'CENTRO EDILE', 0, 'ISOLAMENTO - FORNITURA ISOLANTE', 11471.00, 13994.62, 'LASTRE EPS 500X1000X120'),
	(00001, '842/A', '2022-07-04', 'CENTRO EDILE', 0, 'ISOLAMENTO - FORNITURA ISOLANTE', 8196.72, 10000.00, 'LASTRE EPS 500X1000X120'),
	(00001, '838', '2022-08-31', 'CHINO E BATTAGLIO', 0, 'XX - UTENSILERIA', 14.75, 18.00, 'SEGACCIO'),
	(00001, '307', '2022-08-31', 'COSSO', 0, 'XX - MATERIALE EDILE', 10.20, 12.44, 'MALTA GRIGIA'),
	(00002, '307', '2022-08-31', 'COSSO', 0, 'XX - UTENSILERIA', 163.00, 198.86, 'CATENA MOTOSEGA, MAGLIE, PENNELLI, PUNTE, MANDRINO'),
	(00001, '6592', '2022-08-09', 'COVER', 0, 'XX - UTENSILERIA', 1.80, 2.20, 'MANICO PER RULLI'),
	(00002, '6592', '2022-08-09', 'COVER', 0, 'XX - UTENSILERIA', 4.80, 5.86, 'RULLO'),
	(00003, '6592', '2022-08-09', 'COVER', 0, 'XX - MATERIALE EDILE', 42.46, 51.80, 'PRIMER'),
	(00004, '6592', '2022-08-09', 'COVER', 0, 'XX - MATERIALE EDILE', 100.59, 122.72, 'MM BASE'),
	(00001, '6610', '2022-08-09', 'COVER', 0, 'XX - MATERIALE EDILE', 118.48, 144.55, 'VERNICI'),
	(00001, '6634', '2022-08-10', 'COVER', 0, 'XX - MATERIALE EDILE', 8.95, 10.92, 'VERNICE'),
	(00001, '1352', '2022-08-05', 'CREATIVE PROFILI', 0, 'XX - LATTONERIA', 790.64, 964.58, 'DDT 2641 DEL 05/08/22, ODV 354 DEL 03/08/22'),
	(00001, '1494', '2022-08-31', 'CREATIVE PROFILI', 0, 'XX - LATTONERIA', 2723.61, 3322.80, 'DDT 2687 DEL 10/08/22, ODV 356 DEL 05/0/22'),
	(00001, '915', '2022-08-31', 'CS EDIL', 0, 'XX - MATERIALE EDILI + UTENSILERIA', 7697.65, 9391.13, NULL),
	(00001, '2204796', '2022-08-12', 'EMMETI STORE', 0, 'ISOLAMENTO - FORNITURA ISOLANTE', 7980.00, 9735.60, 'CAPPOTTO 120 MM'),
	(00001, '2205023', '2022-08-31', 'EMMETI STORE', 0, 'XX - MATERIALE EDILE', 593.76, 724.39, 'FISSATIVO, SACCHI, INTONACHINO, NASTRO, ANGOLARE PVC'),
	(00001, '2205026', '2022-08-31', 'EMMETI STORE', 0, 'XX - MATERIALE EDILE', 2761.89, 3369.51, 'INTONACHINO, ANGOLARE'),
	(00001, '2205045', '2022-08-31', 'EMMETI STORE', 0, 'XX - MATERIALE EDILI + UTENSILERIA', 1652.36, 2015.88, NULL),
	(00001, '2204967', '2022-08-29', 'EMMETI STORE', 0, 'XX - MATERIALE EDILE', 11519.20, 14053.42, 'DDT 22050025 DEL 04/08/22 - IMPASTA KUBO HT GRIGIO 25KG'),
	(00001, '1832', '2022-08-05', 'ENERGY DUEGI', 0, 'FOTOVOLTAICO - STRUTTURA SOSTEGNO', 68.56, 76.00, NULL),
	(00001, '1/5829', '2022-08-26', 'FOREDILE', 0, 'XX - UTENSILERIA', 128.00, 156.16, 'TASSELLI, SACCHI'),
	(00001, '970', '2022-08-08', 'GRO LAM - ROMANO GERARDO', 0, 'XX - LATTONERIA', 328.04, 400.21, NULL),
	(00001, '77208', '2022-07-30', 'IDROCENTRO', 0, 'CALDAIA/POMPA DI CALORE - ACCESSORI', 156.15, 190.50, 'BOLLA 01/0/24147 DEL 21/07/22 - SENS. TEMP. AMB. E UMIDITA'),
	(00002, '77208', '2022-07-30', 'IDROCENTRO', 0, 'CALDAIA/POMPA DI CALORE - ACCESSORI', 3.12, 3.81, 'BOLLA 01/0/24147 DEL 21/07/22 - TRASPORTO'),
	(00003, '77208', '2022-07-30', 'IDROCENTRO', 0, 'CALDAIA/POMPA DI CALORE - FORNITURA CALDAIA', 32898.74, 40136.46, 'BOLLA 11/0/11383 DEL 19/07/22 - CLAS ONE HYBRID NET (CALDAIE IBRIDE)'),
	(00004, '77208', '2022-07-30', 'IDROCENTRO', 0, 'CALDAIA/POMPA DI CALORE - ACCESSORI', 309.95, 378.14, 'BOLLA 11/0/11383 DEL 19/07/22 - KIT RACCOLTA'),
	(00005, '77208', '2022-07-30', 'IDROCENTRO', 0, 'CALDAIA/POMPA DI CALORE - ACCESSORI', 871.55, 1063.29, 'BOLLA 11/0/11383 DEL 19/07/22 - KIT EXOGEL'),
	(00006, '77208', '2022-07-30', 'IDROCENTRO', 0, 'CALDAIA/POMPA DI CALORE - ACCESSORI', 380.87, 464.66, 'BOLLA 11/0/11383 DEL 19/07/22 - KIT BY-PASS DIFFERENZIALE'),
	(00007, '77208', '2022-07-30', 'IDROCENTRO', 0, 'CALDAIA/POMPA DI CALORE - ACCESSORI', 656.41, 800.82, 'BOLLA 11/0/11383 DEL 19/07/22 - PIEDINI ANTIVIBRANTI'),
	(00008, '77208', '2022-07-30', 'IDROCENTRO', 0, 'CALDAIA/POMPA DI CALORE - ACCESSORI', 1620.61, 1977.14, 'BOLLA 11/0/11383 DEL 19/07/22 - BOL.VB 50 C/4 ATT.'),
	(00001, '3896', '2022-08-30', 'LINEA 5', 0, 'XX - UTENSILERIA', 4263.80, 5201.84, 'DDT 5941 DEL 29/08/22'),
	(00001, '3927', '2022-08-31', 'LINEA 5', 0, 'XX - UTENSILERIA', 1571.95, 1917.78, NULL),
	(00001, '58470', '2022-08-26', 'TAILORSAN', 0, 'CANTIERE - WC CHIMICO', 65.00, 79.30, NULL),
	(00001, '4281111754', '2022-08-31', 'WUERTH', 0, 'FOTOVOLTAICO - STRUTTURA SOSTEGNO', 321.95, 392.78, 'ELEM. GIUNZ.P PROFILATO SOLAR 39X37'),
	(00001, '029985', '2022-08-31', 'ZEROUNO', 0, 'XX - MATERIALE ELETTRICO', 192.35, 234.67, NULL),
	(00001, '030097', '2022-08-31', 'ZEROUNO', 0, 'XX - MATERIALE ELETTRICO', 6207.16, 7572.74, NULL),
	(00001, '125', '2022-07-18', 'COAN', 133, 'CANTIERE - PONTEGGIO', 615.00, 615.00, NULL),
	(00001, '126', '2022-07-18', 'COAN', 2, 'CANTIERE - PONTEGGIO', 5715.00, 5715.00, NULL),
	(00001, '136', '2022-07-31', 'COAN', 48, 'CANTIERE - PONTEGGIO', 252.00, 252.00, NULL),
	(00001, '1', '2022-07-29', 'COMITE FEDERICO', 66, 'XX - MANODOPERA CANTIERE', 15000.00, 15000.00, NULL),
	(00001, '276', '2022-07-30', 'COSSO', 154, 'XX - UTENSILERIA', 58.96, 71.93, 'PENNELLI, NASTRI, SECCHI'),
	(00001, '277', '2022-07-30', 'COSSO', 71, 'XX - MATERIALE EDILI + UTENSILERIA', 167.19, 203.97, 'RETE ELETTR., SMUSSO, ADDITIVO PER MASSETTO, DISCO TAGLIO'),
	(00001, '278', '2022-07-30', 'COSSO', 0, 'XX - MATERIALE EDILI + UTENSILERIA', 58.86, 71.81, 'DILUENTE NITRO, PENNELLO, TEGOLA AEREAZIONE'),
	(00001, '5463', '2022-07-01', 'COVER', 0, 'XX - MATERIALE EDILE', 185.01, 225.71, NULL),
	(00001, '5619', '2022-07-06', 'COVER', 0, 'XX - MATERIALE EDILE', 74.75, 91.20, NULL),
	(00001, '5833', '2022-07-14', 'COVER', 0, 'XX - MATERIALE EDILE', 59.24, 72.27, NULL),
	(00001, '800', '2022-07-30', 'CS EDIL', 0, 'XX - MATERIALE EDILI + UTENSILERIA', 30944.05, 37751.74, NULL),
	(00001, '8', '2022-07-25', 'FIORENZA DAVIDE', 66, 'XX - MANODOPERA CANTIERE', 870.00, 872.00, NULL),
	(00001, '179', '2022-07-30', 'DEA AUTOMATION', 110, 'FOTOVOLTAICO - INSTALLAZIONE', 1000.00, 1220.00, NULL),
	(00001, '180', '2022-07-30', 'DEA AUTOMATION', 1, 'FOTOVOLTAICO - INSTALLAZIONE', 1600.00, 1952.00, NULL),
	(00001, '181', '2022-07-30', 'DEA AUTOMATION', 162, 'FOTOVOLTAICO - INSTALLAZIONE', 1600.00, 1952.00, NULL),
	(00001, '90', '2022-07-26', 'DI GIROLAMO GIULIANO', 151, 'XX - MANODOPERA CANTIERE', 5400.00, 5400.00, NULL),
	(00001, '3527/01', '2022-07-30', 'ECOGREEN', NULL, 'SMALTIMENTO MACERIE/RIFIUTI', 360.00, 439.20, 'CANTIERE VIA UGO FOSCOLO DRUENTO'),
	(00001, '3528/01', '2022-07-30', 'ECOGREEN', 10, 'SMALTIMENTO MACERIE/RIFIUTI', 100.00, 122.00, NULL),
	(00001, '3529/01', '2022-07-30', 'ECOGREEN', 141, 'SMALTIMENTO MACERIE/RIFIUTI', 1534.20, 1871.72, NULL),
	(00001, '3530/01', '2022-07-30', 'ECOGREEN', 28, 'SMALTIMENTO MACERIE/RIFIUTI', 100.00, 122.00, NULL),
	(00001, '3531/01', '2022-07-30', 'ECOGREEN', 1013, 'SMALTIMENTO MACERIE/RIFIUTI', 200.00, 244.00, NULL),
	(00001, '3532/01', '2022-07-30', 'ECOGREEN', 168, 'SMALTIMENTO MACERIE/RIFIUTI', 408.00, 497.76, NULL),
	(00001, '3533/01', '2022-07-30', 'ECOGREEN', 48, 'SMALTIMENTO MACERIE/RIFIUTI', 5411.00, 6601.42, NULL),
	(00001, '3534/01', '2022-07-30', 'ECOGREEN', 80, 'SMALTIMENTO MACERIE/RIFIUTI', 974.00, 1188.28, NULL),
	(00001, '3535/01', '2022-07-30', 'ECOGREEN', 56, 'SMALTIMENTO MACERIE/RIFIUTI', 426.00, 519.72, NULL),
	(00001, '3536/01', '2022-07-30', 'ECOGREEN', 151, 'SMALTIMENTO MACERIE/RIFIUTI', 230.00, 280.60, 'BIG BAG PER LANA DI ROCCIA'),
	(00001, '3537/01', '2022-07-30', 'ECOGREEN', 57, 'SMALTIMENTO MACERIE/RIFIUTI', 100.00, 122.00, NULL),
	(00001, '3538/01', '2022-07-30', 'ECOGREEN', 151, 'SMALTIMENTO MACERIE/RIFIUTI', 130.00, 158.60, NULL),
	(00001, '3539/01', '2022-07-30', 'ECOGREEN', 66, 'SMALTIMENTO MACERIE/RIFIUTI', 1224.00, 1493.28, NULL),
	(00001, '3540/01', '2022-07-30', 'ECOGREEN', 13, 'SMALTIMENTO MACERIE/RIFIUTI', 100.00, 122.00, NULL),
	(00001, '64', '2022-06-30', 'EDISYS', 24, 'FOTOVOLTAICO - INSTALLAZIONE', 1200.00, 1464.00, NULL),
	(00001, '169', '2022-07-05', 'ELETTRICA SAMU', 133, 'XX - MANODOPERA CANTIERE', 2000.00, 2440.00, NULL),
	(00001, '2204377', '2022-07-27', 'EMMETI STORE', 0, 'ISOLAMENTO - FORNITURA ISOLANTE', 7980.00, 9735.60, 'CAPPOTTO 120 MM'),
	(00001, '1250', '2022-07-28', 'EMMEFFE', NULL, 'XX - FORNITURA PIASTRELLE', 6034.17, 7361.69, NULL),
	(00001, '1279', '2022-07-28', 'EMMEFFE', 0, 'CALDAIA/POMPA DI CALORE - FORNITURA CALDAIA', 7200.00, 8784.00, NULL),
	(00001, '2204461', '2022-07-29', 'EMMETI STORE', 0, 'XX - MATERIALE EDILE', 2559.12, 3122.13, NULL),
	(00001, '2204463', '2022-07-29', 'EMMETI STORE', 0, 'XX - MATERIALE EDILE', 827.57, 1009.64, 'INTONACHINO, ANGOLARE'),
	(00001, '2204474', '2022-07-29', 'EMMETI STORE', 0, 'XX - MATERIALE EDILE', 1172.75, 1430.75, 'PRIMER'),
	(00001, '2204216', '2022-07-21', 'EMMETI STORE', 0, 'ISOLAMENTO - FORNITURA ISOLANTE', 7980.00, 9735.60, 'CAPPOTTO 120MM'),
	(00001, '2204425', '2022-07-29', 'EMMETI STORE', 0, 'XX - MATERIALE EDILE', 2973.04, 3627.11, NULL),
	(00001, '2204473', '2022-07-29', 'EMMETI STORE', 0, 'XX - MATERIALE EDILE', 1078.20, 1315.40, 'INTONACHINO, FISSATIVO'),
	(00001, '95', '2022-07-29', 'KEY SOLAR', 0, 'IMPIANTO SOLARE - MATERIALE', 1550.94, 1718.24, NULL),
	(00001, '2937', '2022-07-29', 'FAI', 0, 'XX - MATERIALE ELETTRICO', 221.30, 269.99, 'FARETTO IN GESSO QUADRATO'),
	(00001, '2938', '2022-07-29', 'FAI', 0, 'XX - MATERIALE ELETTRICO', 575.00, 701.50, 'CAVO TONDO, ROSONE, SERRACAVO'),
	(00001, '628', '2022-07-04', 'FELICE FRANCESCO', 1038, 'XX - MANODOPERA CANTIERE', 2200.00, 2200.00, 'ESECUZIONE DI MASSETTO TRADIZIONALE FIBRATO'),
	(00001, '16', '2022-07-12', 'PUGLIESE FRANCESCO', 69, 'XX - MANODOPERA CANTIERE', 30000.00, 36600.00, NULL),
	(00001, 'PARCELLA_30.07.22', '2022-07-30', 'SITA\' FRANCESCO', 173, 'CONSULENZA TECNICA', 4162.00, 4162.00, NULL),
	(00001, '1/142', '2022-07-29', 'FRASER', 176, 'TETTO - MATERIALE', 2000.00, 2440.00, 'FORNITURA PUTRELLE'),
	(00001, '10', '2022-05-31', 'FS COSTRUZIONI', 65, 'TETTO - MANODOPERA', 44000.00, 53680.00, 'CONSOLIDAMENTO STRUTTURALE DELLA SOLETTA, RIMOZIONE E NUOVA COSTRUZIONE DEL TETTO'),
	(00001, '20', '2022-07-31', 'FS COSTRUZIONI', 48, 'TETTO - MANODOPERA', 50000.00, 61000.00, 'RIMOZIONE E NUOVA REALIZZAZIONE DI TETTO'),
	(00001, '21', '2022-07-31', 'FS COSTRUZIONI', 80, 'TETTO - MANODOPERA', 13468.00, 16430.96, 'RIMOZIONE E NUOVA REALIZZAZIONE TETTO'),
	(00001, '43', '2022-07-11', 'GABER - SABRA MAHMOUD RAEIS', 55, 'CANTIERE - PONTEGGIO', 2696.00, 2696.00, NULL),
	(00001, '55', '2022-09-09', 'GABER - SABRA MAHMOUD RAEIS', 130, 'CANTIERE - PONTEGGIO', 3000.00, 3000.00, NULL),
	(00001, '175', '2022-06-30', 'GARNERO', NULL, 'XX - TRASPORTO MERLO', 850.00, 1037.00, 'ORDINE 172 DEL 13/06/22'),
	(00001, '8', '2022-06-30', 'GEA', 28, 'XX - MANODOPERA CANTIERE', 1300.00, 1300.00, 'ASSISTENZA GETTO MASSETTO, ASSISTENZA ARTIGIANI'),
	(00001, '9', '2022-06-30', 'GEA', 2, 'XX - MANODOPERA CANTIERE', 5911.00, 5911.00, NULL),
	(00001, '21', '2022-07-08', 'GF IMPIANTI', NULL, 'CANTIERE + FOTOVOLTAICO - IMPIANTI ELETTRICI', 2150.00, 2623.00, 'IMPIANTI ELETTRICI, FOTOVOLTAICI, QUADRI DI CANTIERE, MESSA A TERRA PONTEGGI SU: 48-66-67-ALASSIO-80-27(IMPIANTO TV)'),
	(00001, '24', '2022-07-08', 'GF IMPIANTI', NULL, 'CANTIERE + ALTRO - IMPIANTI ELETTRICI + ALTRO', 4150.00, 4150.00, 'COLLEGAMENTO N.2 QUADRI DI CANTIERE E MESSA A TERRA PONTEGGIO CON FORNITURA CAVO TRIFASE (CANT. 56-105-57), MONTAGGIO NUOVO CONDIZIONATORE A PARETE (VIA TOSCANINI), IMPIANTO FOTOVOLTAICO (VIA SAORGIO TORINO, BRIZIO), IMPIANTO TV (MUSSINO)'),
	(00001, '533', '2022-07-07', 'GIARDINO COLORI', 158, 'XX - MATERIALE EDILE', 1953.00, 2382.66, 'ACCONTO SU FORNITURA MATERIALE'),
	(00001, '559', '2022-07-19', 'GIARDINO COLORI', NULL, 'XX - MATERIALE EDILE', 1008.00, 1229.76, 'VERNICI'),
	(00001, '1827', '2022-07-31', 'GIARDINO COLORI', 158, 'XX - MATERIALE EDILE', 2093.08, 2553.56, NULL),
	(00001, '30', '2022-07-19', 'GIARRIZZO STEFANO', 133, 'PRESTAZIONE PROFESSIONALE COORDINAMENTO CANTIERE', 1575.00, 1577.00, NULL),
	(00001, '33', '2022-07-19', 'GIARRIZZO STEFANO', 136, 'PRESTAZIONE PROFESSIONALE COORDINAMENTO CANTIERE', 1575.00, 1577.00, NULL),
	(00001, '149', '2022-07-19', 'REPOLE GIUSEPPE', NULL, 'XX - ZOCCOLINO', 448.00, 546.56, 'TAGLIO ZOCCOLINO, MEZZO TORO'),
	(00001, '205', '2022-07-20', 'G.O. RAPPRESENTANZE', 106, 'FOTOVOLTAICO - LINEA VITA', 1141.86, 1141.86, NULL),
	(00001, '215', '2022-07-29', 'G.O. RAPPRESENTANZE', 27, 'TETTO - LINEA VITA', 2485.35, 2485.35, NULL),
	(00001, '249', '2022-07-29', 'G.O. RAPPRESENTANZE', 80, 'TETTO - LUCERNARIO', 415.00, 506.30, NULL),
	(00001, '250', '2022-07-29', 'G.O. RAPPRESENTANZE', 96, 'FOTOVOLTAICO - LINEA VITA', 1701.21, 1701.21, NULL),
	(00001, '251', '2022-07-29', 'G.O. RAPPRESENTANZE', 168, 'TETTO - LINEA VITA', 1512.27, 1512.27, NULL),
	(00001, '252', '2022-07-29', 'G.O. RAPPRESENTANZE', 10, 'FOTOVOLTAICO - LINEA VITA', 2426.41, 2426.41, NULL),
	(00001, '253', '2022-07-29', 'G.O. RAPPRESENTANZE', 162, 'FOTOVOLTAICO - LINEA VITA', 1178.83, 1178.83, NULL),
	(00001, '254', '2022-07-29', 'G.O. RAPPRESENTANZE', NULL, 'FOTOVOLTAICO - LINEA VITA', 1149.55, 1149.55, 'TORINO (TO) -VIA SAORGIO, 90 - BRIZIO - NO 110, SOLO FOTOVOLTAICO'),
	(00001, '255', '2022-07-29', 'G.O. RAPPRESENTANZE', 137, 'FOTOVOLTAICO - LINEA VITA', 200.00, 200.00, NULL),
	(00001, '256', '2022-07-29', 'G.O. RAPPRESENTANZE', 137, 'FOTOVOLTAICO - LINEA VITA', 1697.55, 1697.55, NULL),
	(00001, '257', '2022-07-29', 'G.O. RAPPRESENTANZE', 67, 'TETTO - LINEA VITA', 1287.14, 1287.14, NULL),
	(00001, '258', '2022-07-29', 'G.O. RAPPRESENTANZE', 158, 'FOTOVOLTAICO - LINEA VITA', 2118.87, 2118.87, NULL),
	(00001, '40', '2022-07-07', 'GRIFFA FRANCESCO', NULL, 'CANTIERE - GRU', 350.00, 427.00, 'SMONTAGGIO GRU CATTANEO CANTIERE DRUENTO'),
	(00002, '40', '2022-07-07', 'GRIFFA FRANCESCO', NULL, 'CANTIERE - GRU', 350.00, 427.00, 'MONTAGGIO GRU CATTANEO CANTIERE VENARIA'),
	(00003, '40', '2022-07-07', 'GRIFFA FRANCESCO', NULL, 'CANTIERE - GRU', 350.00, 427.00, 'MONTAGGIO GRU VICARIO CANTIERE DRUENTO'),
	(00004, '40', '2022-07-07', 'GRIFFA FRANCESCO', NULL, 'CANTIERE - GRU', 450.00, 549.00, 'MONTAGGIO GRU SAN MARCO CANTIERE DRUENTO'),
	(00001, '805', '2022-07-11', 'GRO LAM - ROMANO GERARDO', 0, 'XX - LATTONERIA', 49.16, 59.98, 'TUBO TESTA DI MORO, BICCHIERE ELETTROSALDATO, SILICONE TESTA DI MORO'),
	(00001, '781', '2022-07-30', 'CHINO E BATTAGLIO', 0, 'XX - UTENSILERIA', 18.85, 23.00, 'TASSELLO TUBO'),
	(00001, '71334', '2022-07-15', 'IDROCENTRO', 151, 'XX - ACCESSORI IDRAULICA', 57.21, 69.80, 'VALVOLA A SFERA'),
	(00002, '71334', '2022-07-15', 'IDROCENTRO', 151, 'XX - ACCESSORI IDRAULICA', 19.34, 23.59, 'MANICOTTO ZINCATO'),
	(00003, '71334', '2022-07-15', 'IDROCENTRO', 151, 'XX - ACCESSORI IDRAULICA', 49.16, 59.98, 'ARMAFLEX TUBO'),
	(00004, '71334', '2022-07-15', 'IDROCENTRO', 157, 'XX - BOILER + ACCESSORI IDRAULICA', 2078.31, 2535.54, 'BOILER'),
	(00001, '87', '2022-07-25', 'ILMA', 80, 'TETTO - MATERIALE', 7675.00, 9363.50, NULL),
	(00001, '8', '2022-07-01', 'INSTALART IMPIANTI', 28, 'RISTRUTTURAZIONE - MANODOPERA RISCALDAMENTO PAVIMENTO', 2640.00, 2640.00, 'PER LAVORI DI POSA IMPIANTORISCALDAMENTO A PAVIMENTO DI 88MQ, PRESSO IL VOSTRO CANTIERE SITOIN VIA DEI GLICINI N. 12 - 10090 BRUINO(TO) CON FORNITURA DI SOLAMANODOPERA'),
	(00001, '47', '2022-07-22', 'ISGRO\' SALVATORE', 71, 'XX - COLLAUDO STATICO OPERE STRUTTURALI', 416.00, 427.52, 'COLLAUDO STATICO E RELATIVA ASSEVERAZIONEDI LEGGE PER REALIZZAZIONE DI OPERESTRUTTURALI'),
	(00001, '17', '2022-07-31', 'L.A. LATTONERIA', 56, 'XX - FACCIATA VENTILATA', 28125.00, 28125.00, '2 FATTURA DI ACCONTO A CONTRATTOPER FORNITURA DI FACCIATA VENTILATAREALIZZATA CON PANNELLI TRESPA'),
	(00001, '3559', '2022-07-27', 'LINEA 5', NULL, 'XX - ACCESSORI IDRAULICA + UTENSILERIA', 3212.78, 3919.59, NULL),
	(00001, '80', '0222-07-13', 'LUNGULETE IOA PAPIL', 96, 'SERRAMENTI + SCHERMATURE SOLARI', 5145.00, 6276.90, NULL),
	(00001, '21', '2022-07-20', 'MAGIDEX EDIL GARDEN', NULL, 'XX - MANODOPERA CANTIERE + MATERIALE EDILE', 8575.00, 10461.50, 'RIQUALIFICAZIONE ENERGETICA TORINO E PROVINCIA'),
	(00001, '24', '2022-07-22', 'MAGIDEX EDIL GARDEN', NULL, 'XX - MANODOPERA CANTIERE + MATERIALE EDILE', 10000.00, 12200.00, 'ACCONTO LUGLIO RIQUALIFICAZIONE ENERGETICA TORINO E PROVINCIA'),
	(00001, '1', '2022-07-21', 'MAJA BERNARD', NULL, 'XX - MANODOPERA CANTIERE', 8000.00, 8002.00, 'LAVORI EDILI SVOLTI PRESSO IL VOSTRO CANTIERE IN VIA ROSSINI 23 TORINO'),
	(00001, '824', '2022-07-07', 'MARANGI ALFREDO', 65, 'CALDAIA/POMPA DI CALORE - ACCESSORI', 440.00, 536.80, 'N.4 CASSONI CALDAIA ZINC/COIB'),
	(00002, '824', '2022-07-07', 'MARANGI ALFREDO', 67, 'CALDAIA/POMPA DI CALORE - ACCESSORI', 390.00, 475.80, 'N.3 CASSONI CALDAIA ZINC/COIB'),
	(00001, '1/13', '2022-07-15', 'MAT', 65, 'XX - MANODOPERA CANTIERE + MATERIALE EDILE', 40021.00, 40021.00, NULL),
	(00001, '9', '2022-07-14', 'DE MASI MATTIA', 1, 'TETTO - MANODOPERA', 3275.00, 3275.00, 'SMONTAGGIO E RIFACIMENTO TETTO'),
	(00001, '1315', '2022-07-25', 'MAUTINO ARMANDO', NULL, 'TETTO - MATERIALE', 16839.34, 20544.80, NULL),
	(00001, '23', '2022-07-13', 'MEMIC SEAD', 158, 'ISOLAMENTO - MANODOPERA CAPPOTTO', 3000.00, 3000.00, 'LAVORI CAPPOTTO'),
	(00001, '13', '2022-07-13', 'MM LEGNO', 71, 'RISTRUTTURAZIONE - ANTIFURTO', 350.00, 427.00, 'POSA IN OPERA E FORNITURA DISENSORI ALLARMI'),
	(00001, '828', '2022-07-08', 'NEO SAFETY', 10, 'CANTIERE - PROGETTO PONTEGGIO', 367.50, 448.35, NULL),
	(00001, '36', '2022-07-31', 'NEW HOUSE GROUP', 48, 'BALCONI - MATERIALE', 8640.00, 8640.00, 'ESECUZIONE MASSETTO TRADIZIONALE'),
	(00001, '24', '2022-07-13', 'NORD EDIL', 66, 'CANTIERE - GRU', 700.00, 854.00, 'NOLEGGIO GRU MESE DI GIUGNO'),
	(00002, '24', '2022-07-13', 'NORD EDIL', 35, 'XX - MANODOPERA CANTIERE + MATERIALE EDILE', 36421.80, 44434.60, 'SAL 6'),
	(00003, '24', '2022-07-13', 'NORD EDIL', 67, 'XX - MANODOPERA CANTIERE', 34320.00, 41870.40, 'SAL 3'),
	(00004, '24', '2022-07-13', 'NORD EDIL', 80, 'CANTIERE - GRU', 800.00, 976.00, 'TRASPORTO + MONTAGGIO GRU'),
	(00005, '24', '2022-07-13', 'NORD EDIL', 80, 'CANTIERE - GRU', 700.00, 854.00, 'NOLEGGIO GRU'),
	(00001, '33', '2022-07-12', 'POLLIOTTI PAOLO', 102, 'XX - MANODOPERA CANTIERE', 2450.00, 2450.00, 'LAVORI ESEGUITI'),
	(00001, '53', '2022-07-28', 'PETRARCHIN', 35, 'CALDAIA/POMPA DI CALORE - MANODOPERA', 1500.00, 1830.00, 'LAVORI IDRAULICI PER PREDISPOSIZIONE NUOVE CALDAIE'),
	(00002, '53', '2022-07-28', 'PETRARCHIN', NULL, 'XX - ACCESSORI IDRAULICA', 144.00, 175.68, 'FORNITURA E POSA DI 3 COPPIE DI STAFFEMAGGIORATE PER CONDIZIONATORI'),
	(00001, '14', '2022-07-16', 'PFA CONSULTING', NULL, 'CONSULENZA TECNICA', 69650.32, 84973.39, 'CONSULENZE TECNICHE E PRATICHESUPERBONUS1,00 66.333,64 PEZZI 22,00 66.333,64PER VOSTRI CANTIERI. PRATICHE N.28-13-66-72-35-86-149-69-62-27-3-106-122-133-1-157-10-67'),
	(00001, '88', '2022-07-04', 'P.L. IMPIANTI - LOTESTO DOMENICO', 1013, 'CANTIERE - IMPIANTI ELETTRICI CANTIERE', 550.00, 671.00, 'FORNITURA E POSA , A NOLEGGIO PER PRIMO PIANO PONTEGGIO, DI ANTIFURTO DA PONTEGGIO CORREDATO DA SIRENA, SENSORI,BARRIERE, DUE TELECOMANDI E QUADRO 220V CON PRESA PROTETTA'),
	(00001, '91', '2022-07-31', 'PM EUROGRU', 8, 'CANTIERE - GRU', 2000.00, 2440.00, 'TRASPORTO E MONTAGGIO GRU'),
	(00001, '9', '2022-07-18', 'RELOVA', 27, 'CANTIERE - PONTEGGIO', 600.00, 732.00, NULL),
	(00002, '9', '2022-07-18', 'RELOVA', 62, 'CANTIERE - PONTEGGIO', 1150.00, 1403.00, NULL),
	(00003, '9', '2022-07-18', 'RELOVA', 62, 'CANTIERE - PONTEGGIO', 600.00, 732.00, 'MODIFICA'),
	(00004, '9', '2022-07-18', 'RELOVA', 80, 'CANTIERE - PONTEGGIO', 600.00, 732.00, NULL),
	(00005, '9', '2022-07-18', 'RELOVA', 80, 'CANTIERE - IMPIANTI ELETTRICI CANTIERE', 600.00, 732.00, 'Q.E. + MESSA A TERRA'),
	(00001, '33', '2022-07-25', 'RUFFO TATYANA', 67, 'TETTO - LATTONERIA', 6024.00, 7349.28, 'FORNITURA E POSA LAMIERA PREVERNICIATA'),
	(00001, '15', '2022-07-10', 'RZ COSTRUZIONI', NULL, 'XX - MANODOPERA CANTIERE', 7800.00, 7800.00, 'POLIZZI :ESECUZIONE FORI PERWMC ,DEMOLIZIONE SCALA ,DEMOLIZIONESOLETTA ESTERNA TOT 4100 I.E. ICABONI:DEMOLIZIONE TETTO TOT 2700 I.E.CANTONI :POSA DI LUCERNAI TOT 1000 I.E.'),
	(00001, '16', '2022-07-10', 'RZ COSTRUZIONI', NULL, 'XX - MANODOPERA CANTIERE', 13500.00, 13500.00, 'DEMOLIZIONE CORDOLO, SOLETTE E PARETI INMATTONI, ARMATURA CORDOLO PI CASSERO;REALIZZAZIONE SOLETTA IN CLS PREVIA POSALAMIERA GRECATA; REALIZZAZIONE NUOVACOPERTURA.'),
	(00001, '17', '2022-07-10', 'RZ COSTRUZIONI', NULL, 'XX - MANODOPERA CANTIERE', 1150.00, 1150.00, 'REALIZZAZIONE TETTUCCIO DI COPERTURA PASSOPEDONALE, COMPRESA DI FALDALI.'),
	(00001, '58', '2022-07-16', 'GABER - SABRA MAHMOUD RAEIS', 136, 'CANTIERE - PONTEGGIO', 2100.00, 2100.00, 'STORNATAT DI 400 EURO DA NOTA DI CREDITO 59 DEL 16/07/22'),
	(00001, '7', '2022-07-13', 'SARACINO LUIGI RAFFAELE', 1, 'TETTO - MANODOPERA', 3377.00, 3377.00, 'SMANTELLAMENTO E RIFACIMENTO TETTO'),
	(00001, '9', '2022-07-29', 'SARACINO LUIGI RAFFAELE', 80, 'XX - MANODOPERA CANTIERE', 1002.00, 1002.00, 'OPERE MURARIE IN ECONOMIA'),
	(00001, '107', '2022-07-05', 'SC SERRAMENTI - CICCIA SALVATORE', 48, 'XX - SMONTAGGIO OGGETTI IN FACCIATA', 550.00, 550.00, 'SMONTAGGIO N.3 VERANDE'),
	(00001, '26', '2022-07-11', 'SEFERAJ ERMIR GIMMY DI SEFERAJ ERMIR', 96, 'TETTO - MANODOPERA', 10500.00, 12810.00, 'MONTAGGIO COPERTURA'),
	(00001, '27', '2022-07-11', 'SEFERAJ ERMIR GIMMY DI SEFERAJ ERMIR', 96, 'TETTO - MANODOPERA', 10500.00, 10500.00, 'MONTAGGIO COPERTURA'),
	(00001, '2062', '2022-07-05', 'SIRT', NULL, 'XX - PIASTRELLE', 195.05, 237.96, 'ABK SENSI UP STAT.VERSILIA SOFT 120X278 LASTRA - ABK CASSA LASTRA GRANDE FORMATO'),
	(00001, 'PROPOSTA_22_30/06/22', '2022-06-30', 'SITA\' FRANCESCO', 173, 'CONSULENZA TECNICA', 4202.00, 4202.00, NULL),
	(00001, '35', '2022-07-16', 'STUDIO VOLTA', NULL, 'CONSULENZA TECNICA', 116431.82, 142046.82, 'PRATICHE28-13-66-72-35-86-149-69-62-27-3-106-122-133-1-157-10-67'),
	(00001, '46360', '2022-07-11', 'TAILORSAN', 125, 'CANTIERE - WC CHIMICO', 130.00, 158.60, NULL),
	(00001, '46291', '2022-07-11', 'TAILORSAN', 48, 'CANTIERE - WC CHIMICO', 125.00, 152.50, NULL),
	(00001, '46313', '2022-07-11', 'TAILORSAN', 136, 'CANTIERE - WC CHIMICO', 120.00, 146.40, NULL),
	(00001, '46334', '2022-07-11', 'TAILORSAN', 55, 'CANTIERE - WC CHIMICO', 117.00, 142.74, NULL),
	(00001, '46413', '2022-07-11', 'TAILORSAN', 80, 'CANTIERE - WC CHIMICO', 125.00, 152.50, NULL),
	(00001, '46414', '2022-07-11', 'TAILORSAN', 66, 'CANTIERE - WC CHIMICO', 130.00, 158.60, NULL),
	(00001, '46415', '2022-07-11', 'TAILORSAN', 65, 'CANTIERE - WC CHIMICO', 130.00, 158.60, NULL),
	(00001, '46416', '2022-07-11', 'TAILORSAN', 125, 'CANTIERE - WC CHIMICO', 130.00, 158.60, NULL),
	(00001, '46417', '2022-07-11', 'TAILORSAN', 62, 'CANTIERE - WC CHIMICO', 130.00, 158.60, NULL),
	(00001, '48547', '2022-07-11', 'TAILORSAN', NULL, 'CANTIERE - WC CHIMICO', 130.00, 158.60, 'VIA UGO FOSCOLO DRUENTO'),
	(00001, '48548', '2022-07-11', 'TAILORSAN', 106, 'CANTIERE - WC CHIMICO', 130.00, 158.60, NULL),
	(00001, '48549', '2022-07-11', 'TAILORSAN', 154, 'CANTIERE - WC CHIMICO', 130.00, 158.60, NULL),
	(00001, '49214', '2022-07-11', 'TAILORSAN', 56, 'CANTIERE - WC CHIMICO', 117.00, 142.74, NULL),
	(00001, '49217', '2022-07-11', 'TAILORSAN', 79, 'CANTIERE - WC CHIMICO', 117.00, 142.74, NULL),
	(00001, '53266', '2022-07-11', 'TAILORSAN', 1, 'CANTIERE - WC CHIMICO', 65.00, 79.30, NULL),
	(00001, '25', '2022-07-04', 'RUFFO TATYANA', 133, 'TETTO - LATTONERIA', 2660.00, 3245.20, 'FORNITURA E POSA LAMIERA PREVERNICIATA'),
	(00001, '34', '2022-07-27', 'RUFFO TATYANA', 27, 'TETTO - LATTONERIA', 2360.00, 2879.20, 'FORNITURA E POSA LAMIERA LAVORATA'),
	(00001, '50', '2022-07-29', 'TECMAR DI MARCHETTI ANDREA', NULL, 'XX - UTENSILERIA', 137.00, 137.00, 'FINECORSA PER TRONCATRICE MECAL'),
	(00002, '50', '2022-07-29', 'TECMAR DI MARCHETTI ANDREA', NULL, 'XX - MANODOPERA CANTIERE', 81.00, 81.00, 'MANODOPERA PER IL MONTAGGIO'),
	(00001, '249', '2022-07-29', 'TECNITAL', NULL, 'ISOLAMENTO - INSUFFLAGGIO', 3744.00, 3744.00, 'DA DIVIDERE SU 165 E 182'),
	(00001, '250', '2022-07-29', 'TECNITAL', 169, 'ISOLAMENTO - INSUFFLAGGIO', 1495.00, 1495.00, NULL),
	(00001, '251', '2022-07-29', 'TECNITAL', 184, 'ISOLAMENTO - INSUFFLAGGIO', 2145.00, 2145.00, NULL),
	(00001, '252', '2022-07-29', 'TECNITAL', 157, 'ISOLAMENTO - INSUFFLAGGIO', 1950.00, 1950.00, NULL),
	(00001, '253', '2022-07-29', 'TECNITAL', 117, 'ISOLAMENTO - INSUFFLAGGIO', 2300.00, 2300.00, NULL),
	(00001, '264', '2022-07-30', 'TECNITAL', 172, 'ISOLAMENTO - INSUFFLAGGIO', 1225.00, 1225.00, NULL),
	(00001, '265', '2022-07-30', 'TECNITAL', NULL, 'ISOLAMENTO - INSUFFLAGGIO', 6500.00, 6500.00, 'MONTI/ROLLE'),
	(00001, '7074', '2022-06-30', 'TOMCAR', 0, 'XX - UTENSILERIA', 34.20, 41.72, 'PUNTA SDS 20 MM'),
	(00001, '249', '2022-07-13', 'TORINO CHIAVI', 18, 'CANTIERE - GRU', 350.00, 427.00, 'SMONTAGGIO GRU'),
	(00002, '249', '2022-07-13', 'TORINO CHIAVI', 64, 'CANTIERE - GRU', 350.00, 427.00, 'MONTAGGIO GRU'),
	(00001, '257', '2022-07-25', 'TORINO CHIAVI', 48, 'CANTIERE - GRU', 700.00, 854.00, 'SEGNATO CANTIERE VIA FORVILLA SU FATTURA'),
	(00001, '1/339', '2022-07-14', 'UGROTE', NULL, 'CALDAIA/POMPA DI CALORE - MANODOPERA', 580.00, 707.60, 'AVVIAMENTO IMPIANTI'),
	(00001, '4280998084', '2022-07-14', 'WUERTH', 0, 'FOTOVOLTAICO - STRUTTURA SOSTEGNO', 2051.45, 2502.77, 'PROFILATI, GANCI'),
	(00001, '4280998085', '2022-07-14', 'WUERTH', 0, 'FOTOVOLTAICO - STRUTTURA SOSTEGNO', 9428.00, 11502.16, 'PROFILATI, GANCI'),
	(00001, '15', '2022-07-20', 'XAKA ARIONS', NULL, 'XX - MANODOPERA CANTIERE', 15000.00, 15000.00, NULL),
	(00001, '26845', '2022-07-31', 'ZEROUNO', 0, 'FOTOVOLTAICO - INVERTER', 17954.39, 21904.36, '10 INVERTER'),
	(00001, '20', '2022-07-22', 'BUSINESS EDILIZIA DI MAIDA ANDREA', 0, 'PONTEGGIO - MATERIALE ACCESSORIO', 5680.50, 6930.21, 'TUBO, MORSETTI, SPINOTTI, BASETTE REGOLABILI'),
	(00001, 'VNBAE22-11759', '2022-07-29', 'MOLLO', NULL, 'XX - NOLEGGIO AUTOCARRO', 159.46, 194.54, 'CONTRATTO NR. CTR22-641578'),
	(00001, '560', '2022-07-31', 'TEKNOFERR', 0, 'XX - MATERIALE EDILI + UTENSILERIA', 531.25, 648.12, 'TONDO LAVORATO'),
	(00001, '604', '2022-07-31', 'TEKNOFERR', 0, 'XX - MATERIALE EDILE', 1237.60, 1509.87, 'RETE ELETTROSALDATA'),
	(00001, '615', '2022-07-31', 'TEKNOFERR', 0, 'XX - UTENSILERIA', 642.50, 783.85, 'TONDO LAVORATO, TONDO LAVORATO A STAFFE, TRASPORTO'),
	(00001, '26715', '2022-07-31', 'ZEROUNO', 0, 'XX - MATERIALE ELETTRICO', 589.82, 719.58, NULL),
	(00001, '7', '2022-08-09', 'FLORE MARIUS FLORIN', NULL, 'ISOLAMENTO - CAPPOTTO A SOFFITTO', 4200.00, 4200.00, 'MUSSINO O BERTOTTI?'),
	(00001, '43', '2022-08-31', 'INFUSO ANDREA', 8, 'PRESTAZIONE PROFESSIONALE COORDINAMENTO CANTIERE', 1560.00, 1603.20, NULL),
	(00001, '44', '2022-08-31', 'INFUSO ANDREA', 54, 'PRESTAZIONE PROFESSIONALE COORDINAMENTO CANTIERE', 1560.00, 1603.20, NULL),
	(00001, '45', '2022-08-31', 'INFUSO ANDREA', 64, 'PRESTAZIONE PROFESSIONALE COORDINAMENTO CANTIERE', 1560.00, 1603.20, NULL),
	(00001, '46', '2022-08-31', 'INFUSO ANDREA', 76, 'PRESTAZIONE PROFESSIONALE COORDINAMENTO CANTIERE', 1560.00, 1603.20, NULL),
	(00001, '47', '2022-08-31', 'INFUSO ANDREA', 79, 'PRESTAZIONE PROFESSIONALE COORDINAMENTO CANTIERE', 1560.00, 1603.20, NULL),
	(00001, '48', '2022-08-31', 'INFUSO ANDREA', 106, 'PRESTAZIONE PROFESSIONALE COORDINAMENTO CANTIERE', 1560.00, 1603.20, NULL),
	(00001, '49', '2022-08-31', 'INFUSO ANDREA', 107, 'PRESTAZIONE PROFESSIONALE COORDINAMENTO CANTIERE', 1560.00, 1603.20, NULL),
	(00001, '51', '2022-08-31', 'INFUSO ANDREA', 154, 'PRESTAZIONE PROFESSIONALE COORDINAMENTO CANTIERE', 1560.00, 1603.20, NULL),
	(00001, '50', '2022-08-31', 'INFUSO ANDREA', 137, 'PRESTAZIONE PROFESSIONALE COORDINAMENTO CANTIERE', 1560.00, 1603.20, NULL),
	(00001, '52', '2022-08-31', 'INFUSO ANDREA', 155, 'PRESTAZIONE PROFESSIONALE COORDINAMENTO CANTIERE', 1560.00, 1603.20, NULL),
	(00001, '53', '2022-08-31', 'INFUSO ANDREA', 135, 'PRESTAZIONE PROFESSIONALE COORDINAMENTO CANTIERE', 1560.00, 1603.20, NULL),
	(00001, '54', '2022-08-31', 'INFUSO ANDREA', 194, 'PRESTAZIONE PROFESSIONALE COORDINAMENTO CANTIERE', 1560.00, 1603.20, NULL),
	(00001, '55', '2022-08-31', 'INFUSO ANDREA', 195, 'PRESTAZIONE PROFESSIONALE COORDINAMENTO CANTIERE', 1560.00, 1603.20, NULL),
	(00001, 'AVVISO_DI_PAGAMENTO_09.09.2022', '2022-09-09', 'ADR INSTITUTE', 13, 'SPESE LEGALI', 160.00, 195.20, NULL),
	(00001, '128', '2022-09-15', 'ABRAMO', 67, 'CANTIERE - PONTEGGIO', 2000.00, 2000.00, NULL),
	(00001, '129', '2022-09-15', 'ABRAMO', 1, 'CANTIERE - PONTEGGIO', 300.00, 300.00, NULL),
	(00001, '133', '2022-09-21', 'ABRAMO', 67, 'CANTIERE - PONTEGGIO', 600.00, 600.00, NULL),
	(00001, '139', '2022-09-27', 'ABRAMO', 67, 'CANTIERE - PONTEGGIO', 1000.00, 1000.00, NULL),
	(00001, '145', '2022-09-27', 'ABRAMO', 145, 'CANTIERE - PONTEGGIO', 4200.00, 5124.00, NULL),
	(00001, '10', '2022-06-03', 'AIR DI MARCELLIN VALTER', 0, 'XX - ACCESSORI IDRAULICA', 662.99, 808.85, NULL),
	(00001, '6', '2022-09-14', 'AV - VERGNANO ALESSANDRA', NULL, 'AMMISTRATORE DI CONDOMINIO', 3954.00, 3954.00, NULL),
	(00001, '2', '2022-10-01', 'AV - VERGNANO ALESSANDRA', NULL, 'AMMISTRATORE DI CONDOMINIO', 2702.00, 2702.00, NULL),
	(00001, '24', '2022-09-12', 'COSTA ALESSANDRO', 80, 'RISTRUTTURAZIONE - IMPIANTI SPECIALI', 45.00, 54.90, 'ASSISTENZA TECNICA IMPIANTO ANTENNA'),
	(00001, '43', '2022-09-26', 'AL-FA SERVICE', NULL, 'SERRAMENTI + SCHERMATURE SOLARI + ALTRO', 4990.80, 6088.78, 'ACCONTO SU CONFERMA ORDINE 62 DEL 26/09/22'),
	(00001, '1199', '2022-09-27', 'AMAG', 0, 'XX - MATERIALE EDILE', 4079.87, 4977.44, NULL),
	(00001, '9', '2022-09-03', 'AMATO ANGELO', NULL, 'CONSULENZA TECNICA', 30948.19, 37756.79, 'CONSULENZE TECNICHE E PRATICHESUPERBONUS PER VOSTRO CANTIERI PRATICHE80-134-148-165-173-135-176-190-03-62'),
	(00001, '80', '2022-09-02', 'DE LEO ANTONIO', 76, 'TETTO - PROGETTO', 1340.00, 1340.00, NULL),
	(00001, '22186746', '2022-09-30', 'ARBO', 69, 'IMPIANTO SOLARE - MATERIALE', 478.35, 583.59, 'COLLETTORE SOLARE 2,5 MQ SKY25'),
	(00002, '22186746', '2022-09-30', 'ARBO', 69, 'IMPIANTO SOLARE - MATERIALE', 140.00, 170.80, 'TELAIO UNIVERSALE PER 1 COLLETTORE SKY'),
	(00003, '22186746', '2022-09-30', 'ARBO', 69, 'IMPIANTO SOLARE - MATERIALE', 69.78, 85.13, 'KIT RACCORDI PER OGNI BATTERIA DI COLLETTORI'),
	(00004, '22186746', '2022-09-30', 'ARBO', 71, 'SCALDA ACQUA - FORNITURA MATERIALE', 2503.27, 3053.99, 'UNITA` IDRONICA ESTIA HWSP805XWHM3-E'),
	(00005, '22186746', '2022-09-30', 'ARBO', 71, 'SCALDA ACQUA - FORNITURA MATERIALE', 1967.06, 2399.81, 'UNITA` ESTERNA ESTIA 5 ALTA HWSP805HR-E'),
	(00006, '22186746', '2022-09-30', 'ARBO', 69, 'SCALDA ACQUA - FORNITURA MATERIALE', 451.29, 550.57, 'VALVOLA 3 VIE PER BOLLITORE THERMA'),
	(00007, '22186746', '2022-09-30', 'ARBO', NULL, 'XX - ACCESSORI IDRAULICA', 170.48, 207.99, 'LK 551 MISCEL.TERMOST. 35-65GRG1`-3/4 3RACC+2VALV - 2,3 O 107?'),
	(00008, '22186746', '2022-09-30', 'ARBO', 56, 'ISOLAMENTO - FORNITURA VENTOLE', 644.40, 786.17, 'ECOCOMFORT 100 RF'),
	(00009, '22186746', '2022-09-30', 'ARBO', 132, 'SCALDA ACQUA - FORNITURA MATERIALE', 4358.41, 5317.26, 'MODULO IDRAULICO THERMA V'),
	(00010, '22186746', '2022-09-30', 'ARBO', 132, 'SCALDA ACQUA - FORNITURA MATERIALE', 3016.73, 3680.41, 'UNITA`ESTERNA THERMA V HU071MRR32 MON.'),
	(00011, '22186746', '2022-09-30', 'ARBO', 132, 'SCALDA ACQUA - AVVIAMENTO', 160.00, 195.20, 'AVVIAMENTO THERMA-V'),
	(00012, '22186746', '2022-09-30', 'ARBO', 132, 'SCALDA ACQUA - AVVIAMENTO', 160.00, 195.20, 'AVVIAMENTO THERMA-V'),
	(00001, '144', '2022-09-22', 'ART OF STONE - GIOVALE JACOPO', 136, 'SERRAMENTI - FORNITURA DAVANZALI', 772.35, 942.27, 'LAVORATI IN SERIZZO LUCIDO SPESSORE3 CM PER SOGLIE E DAVANZALI CONCOSTE A VISTA LUCIDE E GOCCIOLATOIOSU DAVANZALI'),
	(00001, '57', '2022-09-13', 'ARTE&DESIGN', 173, 'TETTO - MANODOPERA', 18680.00, 18680.00, 'SALDO RIMOZIONE E RIFACIMENTO TETTO'),
	(00001, '322', '2022-09-30', 'AVETTA', 56, 'BALCONI - MATERIALE', 870.00, 1061.40, NULL),
	(00001, '324', '2022-09-30', 'AVETTA', 69, 'RISTRUTTURAZIONE', 2064.18, 2518.30, 'RIVESTIMENTO DOCCIA - PAVIMENTO BALCONE'),
	(00001, 'AVVISO_DI_PARCELLA_205_08.09.22', '2022-09-08', 'STUDIO LEGALE GIARDINI MAZZA', 13, 'SPESE LEGALI', 837.20, 860.38, NULL),
	(00001, 'AVVISO_DI_PARCELLA_210_20.09.22', '2022-09-20', 'STUDIO LEGALE GIARDINI MAZZA', 13, 'SPESE LEGALI', 1794.00, 1843.68, NULL),
	(00001, '150', '2022-09-27', 'BALLIU', NULL, 'XX - LATTONERIA', 3088.00, 3088.00, 'FORNITURA E POSA LATTONERIA VIA GOZZANO DRUENTO'),
	(00001, '155', '2022-09-27', 'BALLIU', 154, 'TETTO - LATTONERIA', 1512.00, 1512.00, 'FORNITURA E POSA LATTONERIA'),
	(00001, '152', '2022-09-27', 'BALLIU', 2, 'TETTO - LATTONERIA', 5291.00, 5291.00, 'FORNITURA E POSA LATTONERIA'),
	(00001, '8537', '2022-09-05', 'BAUDUCCO', 189, 'TETTO - MATERIALE', 5000.00, 6100.00, 'ANTICIPO FORNITURA PREVENTIVO 14962 DEL 02/09/22'),
	(00001, '8567', '2022-09-06', 'BAUDUCCO', 76, 'TETTO - MATERIALE', 7000.00, 8540.00, 'ANTICIPO FORNITURA PREVENTIVO 14883 DEL 22/08/22'),
	(00001, '9011', '2022-09-23', 'BAUDUCCO', NULL, 'TETTO - MATERIALE', 3700.00, 4514.00, 'ANTICIPO FORNITURA PREV 14889 DEL 23/08/22'),
	(00001, '9603', '2022-09-23', 'BAUDUCCO', 125, 'TETTO - MATERIALE', 1737.00, 2119.14, 'LISTELLI 6X8, TAVOLE 12.5 SP 3, VITI PER LEGNO 6X240'),
	(00001, '9605', '2022-09-30', 'BAUDUCCO', 130, 'TETTO - PERLINE', 1546.80, 1887.10, 'PERLINE SP 2 MT 4'),
	(00002, '9605', '2022-09-30', 'BAUDUCCO', 130, 'TETTO - PERLINE', 209.25, 255.28, 'IMPREGNATURA PERLINE'),
	(00003, '9605', '2022-09-30', 'BAUDUCCO', 130, 'TETTO - LUCERNARIO', 446.00, 544.12, 'VELUX'),
	(00004, '9605', '2022-09-30', 'BAUDUCCO', 130, 'TETTO - PERLINE', 1147.00, 1399.34, 'PERLINE SP 2 MT 4'),
	(00005, '9605', '2022-09-30', 'BAUDUCCO', 130, 'TETTO - MATERIALE', 5074.19, 6190.51, 'TRAVE, SAGOME, FRENO VAPORE, BARRE, DADI, RONDELLE, VITI, CHIODI, LISTELLI, TAVOLE'),
	(00001, '9609', '2022-09-30', 'BAUDUCCO', 146, 'TETTO - PERLINE', 710.40, 866.69, 'PERLINE SP 2 MT 4'),
	(00002, '9609', '2022-09-30', 'BAUDUCCO', 146, 'TETTO - PERLINE', 129.60, 158.11, 'IMPREGNATURA PERLINE'),
	(00003, '9609', '2022-09-30', 'BAUDUCCO', 146, 'TETTO - MATERIALE', 4195.92, 5119.02, 'TRAVE, TAVOLE, CAPRIATA, SAGOME, LISTELLI, FERRAMENTA'),
	(00001, '8761', '2022-09-06', 'BAUDUCCO', 107, 'TETTO - MATERIALE', 5000.00, 6100.00, 'ANTICIPO FORNITURA PREVENTIVO 15096 DEL 13/09/22'),
	(00001, '9610', '2022-09-30', 'BAUDUCCO', 107, 'TETTO - PERLINE', 2131.20, 2600.06, 'PERLINE SP 2 MT 4'),
	(00002, '9610', '2022-09-30', 'BAUDUCCO', 107, 'TETTO - PERLINE', 576.00, 702.72, 'IMPREGANTURA PERLINE'),
	(00003, '9610', '2022-09-30', 'BAUDUCCO', 107, 'TETTO - MANODOPERA', 4246.52, 5180.75, 'TRAVE, FRENO VAPORE, LISTELLI, TAVOLE, FERRAMENTA'),
	(00001, '9611', '2022-09-30', 'BAUDUCCO', 130, 'TETTO - MATERIALE', 400.00, 488.00, 'ORE PER SCARICO TETTO'),
	(00001, '9612', '2022-09-30', 'BAUDUCCO', 136, 'TETTO - PERLINE', 2544.48, 3104.27, 'PERLINE SP 2 MT 4'),
	(00002, '9612', '2022-09-30', 'BAUDUCCO', 136, 'TETTO - PERLINE', 401.76, 490.15, 'IMPREGNATURA PERLINE'),
	(00003, '9612', '2022-09-30', 'BAUDUCCO', 136, 'TETTO - MATERIALE', 1923.59, 2346.78, 'FRENO VAPORE, TAVOLE, LISTELLI'),
	(00001, '9613', '2022-09-30', 'BAUDUCCO', 8, 'TETTO - MATERIALE', 1859.00, 2267.98, 'LISTELLO 7X5'),
	(00002, '9613', '2022-09-30', 'BAUDUCCO', 8, 'TETTO - PERLINE', 546.00, 666.12, 'PERLINE SP 2 MT 4'),
	(00003, '9613', '2022-09-30', 'BAUDUCCO', 8, 'TETTO - LUCERNARIO', 266.00, 324.52, 'LUCERNARIO KFP 50X60'),
	(00004, '9613', '2022-09-30', 'BAUDUCCO', 8, 'TETTO - MATERIALE', 68.00, 82.96, 'VITI'),
	(00005, '9613', '2022-09-30', 'BAUDUCCO', 8, 'TETTO - MATERIALE', 57.60, 70.27, 'CHIODI'),
	(00001, '9651', '2022-09-30', 'BAUDUCCO', 136, 'TETTO - MATERIALE', 1486.16, 1813.12, 'TRAVE, FERRAMENTA'),
	(00001, '9660', '2022-09-30', 'BAUDUCCO', 103, 'TETTO - PERLINE', 1512.00, 1844.64, 'PERLINE'),
	(00002, '9660', '2022-09-30', 'BAUDUCCO', 103, 'TETTO - PERLINE', 145.80, 177.88, 'IMPREGNATURA PERLINE'),
	(00003, '9660', '2022-09-30', 'BAUDUCCO', 103, 'TETTO - LUCERNARIO', 266.00, 324.52, 'LUCERNARIO KFP 50X60'),
	(00004, '9660', '2022-09-30', 'BAUDUCCO', 103, 'TETTO - MATERIALE', 2298.57, 2804.26, 'TRAVE, FRENO VAPORE, FERRAMENTA, LISTELLI'),
	(00001, '9602', '2022-09-30', 'BAUDUCCO', 8, 'TETTO - PERLINE', 1920.00, 2342.40, 'PERLINE NORMALI'),
	(00002, '9602', '2022-09-30', 'BAUDUCCO', 8, 'TETTO - PERLINE', 1872.00, 2283.84, 'PERLINE II SCELTA'),
	(00003, '9602', '2022-09-30', 'BAUDUCCO', 8, 'TETTO - MATERIALE', 5731.00, 6991.82, 'TRAVE, FRENO VAPORE, FERRAMENTA'),
	(00001, '7709', '2022-07-30', 'BAUDUCCO', 176, 'TETTO - MATERIALE', 4120.04, 5026.45, 'STORNATA NOTA DI CREDITO 565: 8725.2 - 1768.02'),
	(00002, '7709', '2022-07-30', 'BAUDUCCO', 176, 'TETTO - PERLINE', 1582.56, 1930.72, NULL),
	(00001, '7708', '2022-07-30', 'BAUDUCCO', NULL, 'TETTO - MATERIALE', 10.20, 12.44, 'VITI - DDT 17781 DEL 04/07/22'),
	(00002, '7708', '2022-07-30', 'BAUDUCCO', NULL, 'TETTO - MATERIALE', 71.00, 86.62, 'VITI - DDT 17781 DEL 04/07/22'),
	(00003, '7708', '2022-07-30', 'BAUDUCCO', NULL, 'TETTO - MATERIALE', 94.00, 114.68, 'VITI - DDT 17781 DEL 04/07/22'),
	(00004, '7708', '2022-07-30', 'BAUDUCCO', NULL, 'TETTO - PERLINE', 513.00, 625.86, 'PERLINE - DDT 17781 DEL 04/07/22'),
	(00005, '7708', '2022-07-30', 'BAUDUCCO', NULL, 'TETTO - MATERIALE', 760.00, 927.20, 'TAVOLE - DDT 17781 DEL 04/07/22'),
	(00006, '7708', '2022-07-30', 'BAUDUCCO', NULL, 'TETTO - MATERIALE', 526.40, 642.21, 'REMMA - DDT 17781 DEL 04/07/22'),
	(00007, '7708', '2022-07-30', 'BAUDUCCO', NULL, 'TETTO - MATERIALE', 50.00, 61.00, 'LAVORAZIONE - DDT 17781 DEL 04/07/22'),
	(00008, '7708', '2022-07-30', 'BAUDUCCO', NULL, 'TETTO - MATERIALE', 182.36, 222.48, 'TRAVE - DDT 17780 DEL 05/07/22'),
	(00009, '7708', '2022-07-30', 'BAUDUCCO', NULL, 'TETTO - MATERIALE', 94.00, 114.68, 'VITI - DDT 17780 DEL 05/07/22'),
	(00010, '7708', '2022-07-30', 'BAUDUCCO', NULL, 'TETTO - MATERIALE', 149.00, 181.78, 'VITI - DDT 17780 DEL 05/07/22'),
	(00011, '7708', '2022-07-30', 'BAUDUCCO', NULL, 'TETTO - MATERIALE', 24057.00, 29349.54, 'TAVOLE DA PONTE - DDT 18061 DEL 06/07/22'),
	(00012, '7708', '2022-07-30', 'BAUDUCCO', 55, 'TETTO - MATERIALE', 638.40, 778.85, 'TAVOLE - DDT 18411 DEL 11/07/22'),
	(00013, '7708', '2022-07-30', 'BAUDUCCO', 55, 'TETTO - MATERIALE', 3680.10, 4489.72, 'TRAVE - DDT 19327 DEL 19/07/22'),
	(00014, '7708', '2022-07-30', 'BAUDUCCO', 55, 'TETTO - MATERIALE', 400.00, 488.00, 'RILIEVI E DISEGNI - DDT 19327 DEL 19/07/22'),
	(00015, '7708', '2022-07-30', 'BAUDUCCO', 55, 'TETTO - MATERIALE', 64.53, 78.73, 'IMPREGNATURA - DDT 19327 DEL 19/07/22'),
	(00016, '7708', '2022-07-30', 'BAUDUCCO', 55, 'TETTO - MATERIALE', 105.75, 129.01, 'TAGLI - DDT 19327 DEL 19/07/22'),
	(00017, '7708', '2022-07-30', 'BAUDUCCO', 55, 'TETTO - PERLINE', 768.00, 936.96, 'PERLINE - DDT 19327 DEL 19/07/22'),
	(00018, '7708', '2022-07-30', 'BAUDUCCO', 55, 'TETTO - PERLINE', 129.60, 158.11, 'IMPREGNATURA PERLINE - DDT 19327 DEL 19/07/22'),
	(00019, '7708', '2022-07-30', 'BAUDUCCO', 55, 'TETTO - MATERIALE', 1596.00, 1947.12, 'TAVOLE - DDT 19327 DEL 19/07/22'),
	(00020, '7708', '2022-07-30', 'BAUDUCCO', 55, 'TETTO - MATERIALE', 285.00, 347.70, 'FRENO VAPORE - DDT 19327 DEL 19/07/22'),
	(00021, '7708', '2022-07-30', 'BAUDUCCO', 55, 'TETTO - MATERIALE', 858.00, 1046.76, 'LISTELLI - DDT 19327 DEL 19/07/22'),
	(00022, '7708', '2022-07-30', 'BAUDUCCO', 55, 'TETTO - MATERIALE', 22.50, 27.45, 'BARRE - DDT 19327 DEL 19/07/22'),
	(00023, '7708', '2022-07-30', 'BAUDUCCO', 55, 'TETTO - MATERIALE', 5.50, 6.71, 'DADI E RONDELLE - DDT 19327 DEL 19/07/22'),
	(00024, '7708', '2022-07-30', 'BAUDUCCO', 55, 'TETTO - MATERIALE', 19.20, 23.42, 'TASSELLI - DDT 19327 DEL 19/07/22'),
	(00025, '7708', '2022-07-30', 'BAUDUCCO', 55, 'TETTO - MATERIALE', 102.80, 125.42, 'VITI - DDT 19327 DEL 19/07/22'),
	(00026, '7708', '2022-07-30', 'BAUDUCCO', 55, 'TETTO - MATERIALE', 67.20, 81.98, 'VITI - DDT 19327 DEL 19/07/22'),
	(00027, '7708', '2022-07-30', 'BAUDUCCO', 55, 'TETTO - MATERIALE', 70.00, 85.40, 'VITI - DDT 19327 DEL 19/07/22'),
	(00028, '7708', '2022-07-30', 'BAUDUCCO', NULL, 'TETTO - MATERIALE', 163.20, 199.10, 'TRAVE - DDT 19743 DEL 23/07/22'),
	(00029, '7708', '2022-07-30', 'BAUDUCCO', NULL, 'TETTO - MATERIALE', 102.80, 125.42, 'VITI - DDT 19743 DEL 23/07/22'),
	(00001, '47', '2022-09-11', 'BMA', NULL, 'XX - MANODOPERA CANTIERE', 5715.00, 5715.00, 'DA DIVIDERE SU 193 E 194'),
	(00001, '48', '2022-09-11', 'BMA', 180, 'XX - MANODOPERA CANTIERE', 5900.00, 5900.00, NULL),
	(00001, '370154217', '2022-09-19', 'BOSSARDI', 0, 'XX - FERRAMENTA', 227.10, 277.06, NULL),
	(00001, '6', '2022-09-15', 'BRG EDIL', 69, 'XX - MANODOPERA CANTIERE', 2002.00, 2002.00, 'ACCONO PER OPERE DI INTONACATURA E RASATURA'),
	(00001, '32', '2022-09-30', 'CASA SERVICE', 58, 'CALDAIA + RISTRUTTURAZIONE - MANODOPERA + FORNITURA IMPIANTO', 1280.00, 1280.00, 'LAVORI ESEGUITI PER VS/ORDINE E CONTOPRESSO IL VS/CANTIERE DI DRUENTORIFERIMENTO GHIAZZA PER SOSTITUZIONECALDAIA CON POMPA DI CALORE DIVS/FORNITURA. FORNITURA E MONTAGGIOIMPIANTO IDRAULICO. SMONTAGGIO ESMALTIMENTO DI SISTEMA DI RISCALDAMENTOPRECEDENTE.'),
	(00001, '34', '2022-09-29', 'CASA SERVICE', 44, 'CALDAIA + RISTRUTTURAZIONE - MANODOPERA + FORNITURA IMPIANTO', 1952.00, 1952.00, 'LAVORI ESEGUITI PER VS/ORDINE E CONTOPRESSO VS/CANTIERE DI SANGANO RIFERIMENTOMAGNANO PER COMPLETAMENTO IMPIANTOIDRAULICO PER INSTALLAZIONE POMPA DICALORE'),
	(00001, '35', '2022-09-29', 'CASA SERVICE', 102, 'CALDAIA/POMPA DI CALORE - IMPIANTO ELETTRICO', 350.00, 350.00, 'LAVORI ESEGUITI PER VS/ORDINE E CONTOPRESSO VS/CANTIERE DI DRUENTO RIFERIMENTOLIBERGOLIZIA PER ESECUZIONE IMPIANTOELETTRICO PER ALIMENTAZIONE E CONTROLLO DIPOMPA DI CALORE TOSHIBA DI VS/FORNITURA.'),
	(00001, '2249', '2022-09-30', 'CAVE SANGONE', 78, 'XX - MATERIALE EDILE', 1826.00, 2227.72, 'CLS'),
	(00001, '2182', '2022-07-30', 'CAVE DRUENTO', NULL, 'XX - MATERIALE EDILE', 3242.50, 3955.85, 'CLS, SABBIA'),
	(00001, '2541', '2022-08-31', 'CAVE DRUENTO', NULL, 'XX - MATERIALE EDILE', 346.50, 422.73, 'CLS'),
	(00001, '2879', '2022-09-30', 'CAVE DRUENTO', NULL, 'XX - MATERIALE EDILE', 1115.00, 1360.30, 'CLS'),
	(00001, '1580', '2022-09-30', 'CHIATELLINO', NULL, 'XX - MATERIALE EDILE', 2031.00, 2477.82, 'CLS'),
	(00001, '1796', '2022-09-26', 'CHIESA CARBONAFTA', 64, 'CALDAIA/POMPA DI CALORE - FORNITURA + MANODOPERA CALDAIA CENTRALIZZATA', 24200.00, 29524.00, 'RIQULIFICAZIONE CENTRALE TERMICA'),
	(00001, '948', '2022-09-30', 'CHINO E BATTAGLIO', 0, 'XX - UTENSILERIA', 336.55, 410.59, NULL),
	(00001, '21', '2022-09-07', 'CM DI MILAZZO NICOLO\'', 133, 'XX - MANODOPERA CANTIERE', 5550.00, 6771.00, NULL),
	(00001, '33', '2022-10-04', 'CM DI MILAZZO NICOLO\'', 103, 'XX - MANODOPERA CANTIERE', 5210.00, 6356.20, '1 SAL SETTEMBRE'),
	(00001, '152', '2022-09-12', 'COAN', NULL, 'CANTIERE - PONTEGGIO', 1537.50, 1537.50, 'VIA ANGIOLIERI DRUENTO'),
	(00001, '157', '2022-09-16', 'COAN', 189, 'CANTIERE - PONTEGGIO', 6170.50, 6170.50, NULL),
	(00001, '161', '2022-09-16', 'COAN', 78, 'CANTIERE - PONTEGGIO', 13443.00, 13443.00, NULL),
	(00001, '20133', '2022-09-30', 'COENERGIA', 0, 'FOTOVOLTAICO - INVERTER', 31606.02, 34766.62, '20 INVERTER 6KW'),
	(00002, '20133', '2022-09-30', 'COENERGIA', 0, 'FOTOVOLTAICO - INVERTER', 18480.57, 20328.63, '25 INVERTER 3KW - DETRATTA PARTE DI FT. ACC. 17466 DEL 31/08/22'),
	(00003, '20133', '2022-09-30', 'COENERGIA', 0, 'FOTOVOLTAICO - CAVI', 2522.52, 2774.77, '30 KIT CAVI CONNESSIONE TRA 2 BOX BATTLE'),
	(00004, '20133', '2022-09-30', 'COENERGIA', 0, 'FOTOVOLTAICO - TRASPORTO MATERIALE', 526.09, 578.70, 'SPESE DI TRASPORTO'),
	(00001, '17831', '2022-09-15', 'COENERGIA', 0, 'FOTOVOLTAICO - STRUTTURA SOSTEGNO', 1133.30, 1246.63, 'MORSETTI'),
	(00001, '348', '2022-09-30', 'COSSO', NULL, 'XX - PIASTRELLE', 38.38, 46.82, 'BATTISCOPA - DDT 1906 DEL 22/09/2022'),
	(00001, '349', '2022-09-30', 'COSSO', 0, 'XX - MATERIALE EDILE', 26.00, 31.72, 'SACCO RASO LISCIO'),
	(00001, '350', '2022-09-30', 'COSSO', 0, 'XX - MATERIALE EDILE', 184.50, 225.09, 'SACCO CLS'),
	(00001, '1701', '2022-09-30', 'CREATIVE PROFILI', 0, 'XX - LATTONERIA', 937.05, 1143.20, 'DDT 2864 DEL 08/09/22'),
	(00001, '15', '2022-09-15', 'FIORENZA DAVIDE', 66, 'XX - MANODOPERA CANTIERE', 182.00, 182.00, NULL),
	(00001, '18', '2022-09-29', 'FIORENZA DAVIDE', NULL, 'XX - MANODOPERA CANTIERE', 542.00, 542.00, 'DA DIVIDERE SU 65 E 66'),
	(00001, '37', '2022-09-01', 'DRF DI FROSI DAVIDE', 32, 'RISTRUTTURAZIONE - MANODOPERA', 600.00, 600.00, 'COLLEGAMENTO NUOVA SONDA TEMPERATURA 1P E NUOVO FANCOIL MANSARDA'),
	(00001, '81', '2022-09-02', 'DE LEO ANTONIO', 146, 'TETTO - PROGETTO', 1860.00, 1860.00, NULL),
	(00001, '82', '2022-09-12', 'DE LEO ANTONIO', 8, 'TETTO - PROGETTO', 2060.00, 2060.00, NULL),
	(00001, '84', '2022-09-15', 'DE LEO ANTONIO', 107, 'TETTO - PROGETTO', 1910.00, 1910.00, NULL),
	(00001, '86', '2022-09-17', 'DE LEO ANTONIO', 186, 'TETTO - PROGETTO', 1860.00, 1860.00, NULL),
	(00001, '87', '2022-09-17', 'DE LEO ANTONIO', 89, 'TETTO - PROGETTO', 2160.00, 2160.00, NULL),
	(00001, '88', '2022-09-17', 'DE LEO ANTONIO', 103, 'TETTO - PROGETTO', 1860.00, 1860.00, NULL),
	(00001, '89', '2022-09-23', 'DE LEO ANTONIO', 165, 'TETTO - PROGETTO', 1860.00, 1860.00, NULL),
	(00001, '230', '2022-09-22', 'DEA AUTOMATION', 137, 'FOTOVOLTAICO - INSTALLAZIONE', 1600.00, 1952.00, NULL),
	(00001, '232', '2022-09-22', 'DEA AUTOMATION', 39, 'FOTOVOLTAICO - INSTALLAZIONE', 800.00, 976.00, NULL),
	(00001, '233', '2022-09-22', 'DEA AUTOMATION', 173, 'FOTOVOLTAICO - INSTALLAZIONE', 800.00, 976.00, NULL),
	(00001, '242', '2022-09-22', 'DEA AUTOMATION', NULL, 'FOTOVOLTAICO - INSTALLAZIONE', 2900.00, 3538.00, 'INSTALLAZIONE IMPIANTO FOTOVOLTAICO'),
	(00002, '242', '2022-09-22', 'DEA AUTOMATION', NULL, 'FOTOVOLTAICO - BATTERIE', 500.00, 610.00, 'SISTEMA DI ACCUMULO SOPRA I 10 KW'),
	(00003, '242', '2022-09-22', 'DEA AUTOMATION', NULL, 'RICARICA AUTO ELETTRICA', 350.00, 427.00, 'WALLBOX'),
	(00004, '242', '2022-09-22', 'DEA AUTOMATION', NULL, 'XX - ALTRO IMPIANTI ELETTRICI', 1000.00, 1220.00, 'EXTRA 110'),
	(00001, '243', '2022-09-30', 'DEA AUTOMATION', 95, 'FOTOVOLTAICO - INSTALLAZIONE', 800.00, 976.00, 'MONTAGGIO MODULI PER IMPIANTO FOTOVOLTAICO'),
	(00001, '244', '2022-09-30', 'DEA AUTOMATION', 153, 'FOTOVOLTAICO - INSTALLAZIONE', 1600.00, 1952.00, NULL),
	(00001, '245', '2022-09-30', 'DEA AUTOMATION', 80, 'FOTOVOLTAICO - INSTALLAZIONE', 1600.00, 1952.00, NULL),
	(00001, '42', '2022-09-30', 'DECO\' DI ROMEO GIUSEPPE LEONARDO', 148, 'XX - MANODOPERA CANTIERE + MATERIALE EDILE', 13000.00, 15860.00, 'CONSULENZE TECNICHE E FORNITURE MATERIALE PRESSO VS CANTIERE'),
	(00001, '452', '2022-09-30', 'DIAGRAMMA', NULL, 'XX - MANODOPERA CANTIERE + MATERIALE EDILE', 35000.00, 35000.00, 'DA DIVIDERE SU: 35 - 48 - 65 - 43'),
	(00001, '4431/01', '2022-09-30', 'ECOGREEN', NULL, 'SMALTIMENTO MACERIE/RIFIUTI', 100.00, 122.00, 'CANTIERE VIA UGO FOSCOLO DRUENTO'),
	(00001, '4432/01', '2022-09-30', 'ECOGREEN', 10, 'SMALTIMENTO MACERIE/RIFIUTI', 100.00, 122.00, NULL),
	(00001, '4433/01', '2022-09-30', 'ECOGREEN', 141, 'SMALTIMENTO MACERIE/RIFIUTI', 1125.00, 1372.50, NULL),
	(00001, '4434/01', '2022-09-30', 'ECOGREEN', 153, 'SMALTIMENTO MACERIE/RIFIUTI', 209.00, 254.98, NULL),
	(00001, '4435/01', '2022-09-30', 'ECOGREEN', 0, 'XX - UTENSILERIA', 260.00, 317.20, 'BIG BAG PER LANA DI ROCCIA'),
	(00001, '4436/01', '2022-09-30', 'ECOGREEN', 48, 'SMALTIMENTO MACERIE/RIFIUTI', 275.00, 335.50, NULL),
	(00001, '4437/01', '2022-09-30', 'ECOGREEN', 56, 'SMALTIMENTO MACERIE/RIFIUTI', 100.00, 122.00, NULL),
	(00001, '4438/01', '2022-09-30', 'ECOGREEN', 79, 'SMALTIMENTO MACERIE/RIFIUTI', 200.00, 244.00, NULL),
	(00001, '4439/01', '2022-09-30', 'ECOGREEN', 136, 'SMALTIMENTO MACERIE/RIFIUTI', 682.00, 832.04, NULL),
	(00001, '4440/01', '2022-09-30', 'ECOGREEN', 8, 'SMALTIMENTO MACERIE/RIFIUTI', 1555.00, 1897.10, NULL),
	(00001, '4441/01', '2022-09-30', 'ECOGREEN', 107, 'SMALTIMENTO MACERIE/RIFIUTI', 1879.80, 2293.36, NULL),
	(00001, '4442/01', '2022-09-30', 'ECOGREEN', 76, 'SMALTIMENTO MACERIE/RIFIUTI', 822.90, 1003.94, NULL),
	(00001, '4443/01', '2022-09-30', 'ECOGREEN', NULL, 'SMALTIMENTO MACERIE/RIFIUTI', 716.00, 873.52, 'VICOLO SAN LORENZO 2, DRUENTO'),
	(00001, '4444/01', '2022-09-30', 'ECOGREEN', 86, 'SMALTIMENTO MACERIE/RIFIUTI', 205.00, 250.10, NULL),
	(00001, '4445/01', '2022-09-30', 'ECOGREEN', 155, 'SMALTIMENTO MACERIE/RIFIUTI', 870.00, 1061.40, NULL),
	(00001, '4446/01', '2022-09-30', 'ECOGREEN', 180, 'SMALTIMENTO MACERIE/RIFIUTI', 287.00, 350.14, NULL),
	(00001, '4447/01', '2022-09-30', 'ECOGREEN', 125, 'SMALTIMENTO MACERIE/RIFIUTI', 66.00, 80.52, NULL),
	(00001, '4448/01', '2022-09-30', 'ECOGREEN', 78, 'SMALTIMENTO MACERIE/RIFIUTI', 1197.00, 1460.34, NULL),
	(00001, '4449/01', '2022-09-30', 'ECOGREEN', 177, 'SMALTIMENTO MACERIE/RIFIUTI', 740.00, 902.80, NULL),
	(00001, '4450/01', '2022-09-30', 'ECOGREEN', 76, 'SMALTIMENTO MACERIE/RIFIUTI', 50.00, 61.00, NULL),
	(00001, '4451/01', '2022-09-30', 'ECOGREEN', 66, 'SMALTIMENTO MACERIE/RIFIUTI', 235.00, 286.70, NULL),
	(00001, '4452/01', '2022-09-30', 'ECOGREEN', 13, 'SMALTIMENTO MACERIE/RIFIUTI', 100.00, 122.00, NULL),
	(00001, '53', '2022-09-07', 'EDILIZIA GENERALE FORTUNATA', NULL, 'XX - MANODOPERA CANTIERE', 5712.00, 5712.00, NULL),
	(00001, '64', '2022-09-29', 'EDILIZIA GENERALE FORTUNATA', 1013, 'FACCIATA + BALCONI', 15000.00, 15000.00, NULL),
	(00001, '32', '2022-08-31', 'ELCAB SOLUTION', 27, 'FOTOVOLTAICO - FORNITURA IMPIANTO', 5000.00, 5000.00, 'ACCONTO IMPIANTO FOTOVOLTAICO 6 KW'),
	(00002, '32', '2022-08-31', 'ELCAB SOLUTION', NULL, 'SERRAMENTI + SCHERMATURE SOLARI', 5000.00, 5000.00, 'ACCONTO FORNITURA E POSA INFISSI E TAPPARELLE IN ALLUMINIO COIBENTATO'),
	(00001, '2205729', '2022-09-30', 'EMMETI STORE', 0, 'XX - MATERIALE EDILI + UTENSILERIA', 2574.91, 3141.39, NULL),
	(00001, '2205757', '2022-09-30', 'EMMETI STORE', 0, 'XX - MATERIALE EDILI + UTENSILERIA', 6236.71, 7608.79, NULL),
	(00001, '102', '2022-05-31', 'ESCAVAZIONI COSTUZIONI GENERALI', NULL, 'XX - MANODOPERA CANTIERE + MATERIALE EDILE', 4130.00, 5038.60, 'DARE PER PRESTAZIONI ESEGUITE PRESSO VS CANTIERI FINO ALMESE DI APRILE 2022'),
	(00001, '173', '2022-09-30', 'ESCAVAZIONI COSTUZIONI GENERALI', 71, 'XX - MANODOPERA CANTIERE + MATERIALE EDILE', 16000.00, 19520.00, 'DARE PER LAVORI SVOLTI PER VS CONTO IN CANTIERE VIA AMATI 125'),
	(00001, '420', '2022-09-30', 'EUROPEAN SYSTEM INDUSTRIAL', 69, 'SERRAMENTI - PORTA BLINDATA', 708.00, 863.76, NULL),
	(00001, '176', '2022-10-28', 'EVOTECH', 69, 'XX - IMPIANTI VARI', 4600.00, 4600.00, 'INSTALLAZIONE IMPIANTO'),
	(00001, '2899', '2022-09-28', 'F.LLI MAROCCO', 0, 'XX - MATERIALE EDILE', 53.51, 65.28, 'SABBIA FINE, CEMENTO'),
	(00001, '3498', '2022-08-26', 'FISSOLOGRU', 79, 'CANTIERE - GRU', 3350.00, 4087.00, NULL),
	(00001, '22', '2022-09-14', 'PUGLIESE FRANCESCO', 54, 'XX - MANODOPERA CANTIERE', 64615.00, 78830.30, NULL),
	(00001, '1/158', '2022-09-14', 'FRASER', 79, 'XX - PUTRELLE', 3000.00, 3660.00, 'FORNITURA PUTRELLE COME DA PROGETTO'),
	(00001, '1/159', '2022-09-14', 'FRASER', 130, 'XX - PUTRELLE', 1000.00, 1220.00, 'FORNITURA PUTRELLE COME DA PROGETTO'),
	(00001, '1/165', '2022-09-14', 'FRASER', 10, 'ISOLAMENTO - SMOTAGGIO E RIMONTAGGIO OGGETTI IN FACCIATA', 2200.00, 2684.00, NULL),
	(00001, '24', '2022-08-31', 'FS COSTRUZIONI', 48, 'TETTO - MANODOPERA', 38700.00, 47214.00, 'FATTURA A SALDO PER LA RIMOZIONE ENUOVA REALIZZAZIONE DI TETTO IN LEGNO'),
	(00001, '26', '2022-08-31', 'FS COSTRUZIONI', 8, 'TETTO - MANODOPERA', 7420.00, 9052.40, '1  SAL PER PER LA RIMOZIONE E NUOVAREALIZZAZIONE DI TETTO IN LEGNO'),
	(00001, '27', '2022-09-30', 'FS COSTRUZIONI', 8, 'TETTO - MANODOPERA', 17990.00, 17990.00, '2  SAL PER PER LA RIMOZIONE E NUOVAREALIZZAZIONE DI TETTO IN LEGNO'),
	(00001, '28', '2022-09-30', 'FS COSTRUZIONI', 130, 'TETTO - MANODOPERA', 18320.00, 18320.00, 'FATTURA A SALDO PER PER LARIMOZIONE E NUOVA REALIZZAZIONE DI TETTO'),
	(00001, '29', '2022-09-30', 'FS COSTRUZIONI', 125, 'XX - OPERE IN C.A.', 30108.00, 30108.00, '4  ACCONTO PER LA REALIZZAZIONE DISTRUTTURA IN C.A.'),
	(00001, '58', '2022-09-12', 'GAAFAR', 8, 'CANTIERE - PONTEGGIO', 15804.00, 15804.00, NULL),
	(00001, '59', '2022-09-12', 'GAAFAR', 103, 'CANTIERE - PONTEGGIO', 3000.00, 3000.00, NULL),
	(00001, '60', '2022-09-12', 'GAAFAR', 177, 'CANTIERE - PONTEGGIO', 7080.00, 7080.00, NULL),
	(00001, '61', '2022-09-14', 'GAAFAR', 180, 'CANTIERE - PONTEGGIO', 8900.00, 8900.00, NULL),
	(00001, '34', '2022-10-04', 'GF IMPIANTI', 39, 'XX - ALTRO IMPIANTI ELETTRICI', 600.00, 600.00, 'REALIZZAZIONE NUOVO IMPIANTO TV'),
	(00001, '25', '2022-10-04', 'GF IMPIANTI', 66, 'XX - ALTRO IMPIANTI ELETTRICI', 850.00, 850.00, 'MONTAGGIO, MESSA IN OPERA, COLLAUDO NUOVO IMPIANTO TV'),
	(00001, '26', '2022-10-04', 'GF IMPIANTI', NULL, 'ISOLAMENTO + CANTIERE + ALTRO - ALIMENTAZIONE VENTOLE + QUADRO + ALTROCANTIERE', 1500.00, 1500.00, '107 GRIGIANTE: PREDISPOSIZIONE TUBAZIONE PER ALIMENTAZIONE VENTOLE IN SCATOLE DI DERIVAZIONE - 114 EPIFANI: MONTAGGIO QUADRO DACANTIERE E MESSA A TERRA - 35 VIA MANZONI:ASSISTENZA PER NUOVO IMPIANTO ELETTRICO E POSA TUBI, 8 FONTANA: SPOSTAMENTO QUADRO DA CANTIEREIN NUOVO CONTATORE DA 6 KW E MESSA A TERRA'),
	(00001, '29', '2022-09-22', 'GF IMPIANTI', 39, 'XX - ALTRO IMPIANTI ELETTRICI', 600.00, 600.00, 'REALIZZAZIONE NUOVO IMPIANTO TV CONFORNITURA MATERIALE'),
	(00001, '30', '2022-09-22', 'GF IMPIANTI', 114, 'XX - ALTRO IMPIANTI ELETTRICI', 250.00, 250.00, 'STESURA NUOVA TUBAZIONE PER IMPIANTOELETTRICO PIU\' OPERE MURARIE'),
	(00002, '30', '2022-09-22', 'GF IMPIANTI', 22, 'XX - ALTRO IMPIANTI ELETTRICI', 250.00, 250.00, 'MONTAGGIO NUOVE LAMPADE PER ESTERNO,PIU\' MONTAGGIO PRESE ESTERNE'),
	(00001, '31', '2022-09-27', 'GF IMPIANTI', 128, 'XX - ALTRO IMPIANTI ELETTRICI', 3500.00, 3500.00, 'ACCONTO PER INIZIO LAVORI PER NUOVOIMPIANTO CITOFONICO'),
	(00001, '2342', '2022-09-30', 'GIARDINO COLORI', 0, 'XX - MATERIALE EDILE', 278.20, 339.40, 'SILOXCAP 1000/1200/1500 BIANCO - 415481 CAPATECT KLEBEARMIERUNGSMASSE'),
	(00001, '139', '2022-08-09', 'ART OF STONE - GIOVALE JACOPO', 148, 'SERRAMENTI - FORNITURA DAVANZALI', 75.00, 91.50, 'LAVORATI IN SERIZZO LUCIDO SPESSORE3 CM PER SOGLIE E DAVANZALI CONCOSTE A VISTA LUCIDE E GOCCIOLATOIOSU DAVANZALI'),
	(00001, '140', '2022-08-09', 'ART OF STONE - GIOVALE JACOPO', 56, 'SERRAMENTI - FORNITURA DAVANZALI', 1549.80, 1890.76, 'LAVORATI IN SERIZZO LUCIDO SPESSORE3 CM PER SOGLIE'),
	(00001, '24', '2022-09-12', 'GM SERVICE', 80, 'XX - ALTRO IMPIANTI ELETTRICI', 45.00, 54.90, 'IMPIANTIO ANTENNA TV'),
	(00001, '160', '2022-05-31', 'G.O. RAPPRESENTANZE', 133, 'TETTO - LINEA VITA', 939.28, 939.28, NULL),
	(00001, '161', '2022-05-31', 'G.O. RAPPRESENTANZE', 154, 'TETTO - LINEA VITA', 2219.72, 2219.72, NULL),
	(00001, '313', '2022-09-19', 'G.O. RAPPRESENTANZE', 173, 'TETTO - LINEA VITA', 1400.81, 1400.81, NULL),
	(00001, '314', '2022-09-19', 'G.O. RAPPRESENTANZE', 134, 'FOTOVOLTAICO - LINEA VITA', 1468.74, 1468.74, NULL),
	(00001, '315', '2022-09-19', 'G.O. RAPPRESENTANZE', 190, 'TETTO - LINEA VITA', 716.68, 716.68, NULL),
	(00001, '316', '2022-09-19', 'G.O. RAPPRESENTANZE', 48, 'TETTO - LINEA VITA', 3190.84, 3190.84, NULL),
	(00001, '317', '2022-09-19', 'G.O. RAPPRESENTANZE', 157, 'FOTOVOLTAICO - LINEA VITA', 1578.45, 1578.45, NULL),
	(00001, '318', '2022-09-19', 'G.O. RAPPRESENTANZE', 80, 'TETTO - LINEA VITA', 1094.38, 1094.38, NULL),
	(00001, '321', '2022-09-19', 'G.O. RAPPRESENTANZE', 176, 'TETTO - LINEA VITA', 716.68, 716.68, NULL),
	(00001, '328', '2022-09-21', 'G.O. RAPPRESENTANZE', 23, 'FOTOVOLTAICO - LINEA VITA', 2904.31, 2904.31, NULL),
	(00001, '329', '2022-09-21', 'G.O. RAPPRESENTANZE', 125, 'TETTO - LINEA VITA', 2169.80, 2169.80, NULL),
	(00001, '330', '2022-09-22', 'G.O. RAPPRESENTANZE', 146, 'TETTO - LINEA VITA', 1899.73, 1899.73, NULL),
	(00001, '348', '2022-09-30', 'G.O. RAPPRESENTANZE', 199, 'FOTOVOLTAICO - LINEA VITA', 1377.78, 1377.78, NULL),
	(00001, '350', '2022-09-30', 'G.O. RAPPRESENTANZE', 8, 'TETTO - LINEA VITA', 1413.63, 1413.63, NULL),
	(00001, '351', '2022-09-30', 'G.O. RAPPRESENTANZE', 58, 'FOTOVOLTAICO - LINEA VITA', 1970.81, 1970.81, NULL),
	(00001, '349', '2022-09-30', 'G.O. RAPPRESENTANZE', 107, 'TETTO - LINEA VITA', 1567.66, 1567.66, NULL),
	(00001, '28150', '2022-09-09', 'GRIESSER', NULL, 'SCHERMATURE SOLARI - FORNITURA E POSA', 5792.10, 7066.36, NULL),
	(00001, '1064', '2022-06-13', 'GRO LAM - ROMANO GERARDO', 0, 'XX - LATTONERIA', 54.41, 66.38, NULL),
	(00001, '1133', '2022-06-13', 'GRO LAM - ROMANO GERARDO', 0, 'XX - LATTONERIA', 65.70, 80.15, NULL),
	(00001, '1168', '2022-06-13', 'GRO LAM - ROMANO GERARDO', 0, 'XX - LATTONERIA', 28.70, 35.01, NULL),
	(00001, '22', '2022-09-15', 'EL KETTANI HASSAN', 67, 'XX - MANODOPERA CANTIERE', 12040.00, 12040.00, NULL),
	(00001, '95921', '2022-09-30', 'IDROCENTRO', 192, 'XX - ACCESSORI IDRAULICA', 528.74, 645.06, 'DDT 01/0/30262 DEL 26-09-2022'),
	(00002, '95921', '2022-09-30', 'IDROCENTRO', 28, 'XX - ACCESSORI IDRAULICA', 1970.32, 2403.79, 'DDT 02/0/8177 DEL 28-09-2022'),
	(00003, '95921', '2022-09-30', 'IDROCENTRO', NULL, 'XX - ACCESSORI IDRAULICA', 45.42, 55.41, 'VIA PASTURANTI (17 O 148) - DDT 05/0/4453 DEL 19-09-2022'),
	(00004, '95921', '2022-09-30', 'IDROCENTRO', 137, 'XX - ACCESSORI IDRAULICA', 239.77, 292.52, 'DDT 05/0/4588 DEL 27-09-2022'),
	(00005, '95921', '2022-09-30', 'IDROCENTRO', 59, 'XX - ACCESSORI IDRAULICA', 268.99, 328.17, 'DDT 05/0/4593 DEL 27-09-2022'),
	(00006, '95921', '2022-09-30', 'IDROCENTRO', 2, 'XX - ACCESSORI IDRAULICA', 288.02, 351.38, '2 E 3 - DDT 05/0/4595 DEL 27-09-2022'),
	(00007, '95921', '2022-09-30', 'IDROCENTRO', 0, 'XX - BOILER + ACCESSORI IDRAULICA', 1872.65, 2284.63, 'DDT 11/0/15158 DEL 26-09-2022 - DDT 11/0/15382 DEL 28-09-2022'),
	(00008, '95921', '2022-09-30', 'IDROCENTRO', 137, 'XX - BOILER + ACCESSORI IDRAULICA', 445.94, 544.05, 'DDT 11/0/15399 DEL 28-09-2022 - DDT 50/0/10258 DEL 24-09-2022'),
	(00001, '100/016450', '2022-09-30', 'IDROTERM', 0, 'CALDAIA - CALDAIE + ACCESSORI', 19467.78, 23750.69, NULL),
	(00001, '4593', '2022-09-27', 'IGIENICA', 56, 'XX - DISOTTURAZIONE TUBAZIONI', 300.00, 366.00, NULL),
	(00001, '35', '2022-10-04', 'TONDA IGINO', 162, 'CALDAIA/POMPA DI CALORE - MANODOPERA', 5000.00, 5000.00, 'FATTURA IN ACCONTO PER LAVORI DISMONTAGGIO IMPIANTO ESISTENTE EMONTAGGIO NUOVA CALDAIA IBRIDA CONRELATIVO IMPIANTO DI RISCALDAMENTO PER VSCONTO'),
	(00001, '11', '2022-09-09', 'INSTALART IMPIANTI', 165, 'CALDAIA/POMPA DI CALORE - MANODOPERA', 800.00, 800.00, NULL),
	(00001, '14', '2022-09-09', 'INSTALART IMPIANTI', 181, 'CALDAIA/POMPA DI CALORE - MANODOPERA', 800.00, 800.00, NULL),
	(00001, '30', '2022-09-02', 'IRGED', 107, 'XX - MANODOPERA CANTIERE', 4925.00, 4925.00, NULL),
	(00001, '31', '2022-09-02', 'IRGED', 76, 'XX - MANODOPERA CANTIERE', 6920.00, 6920.00, NULL),
	(00001, '34', '2022-09-22', 'IRGED', 8, 'XX - MANODOPERA CANTIERE', 14700.00, 14700.00, NULL),
	(00001, '22', '2022-09-30', 'L.A. LATTONERIA', 56, 'XX - FORNITURA FACCIATA VENTILATA', 28125.00, 28125.00, '3 FATTURA DI ACCONTO A CONTRATTOPER FORNITURA DI FACCIATA VENTILATAREALIZZATA CON PANNELLI TRESPA'),
	(00001, '1868', '2022-10-06', 'LEONE', 154, 'XX - LAMIERA', 828.04, 1010.21, 'PREV.T.M. 6/10 6.0 MT GRECATE'),
	(00001, '4172', '2022-09-13', 'LINEA 5', 0, 'XX - UTENSILERIA', 7912.31, 9653.02, 'DDT 6068/22 DEL 05-09-2022 - DDT 6207/22 DEL 09-09-2022 - DDT 6237/22 DEL 09-09-2022 - DDT 6255/22 DEL 12-09-2022 - DDT 6295/22 DEL 13-09-2022'),
	(00001, '4438', '2022-09-30', 'LINEA 5', 0, 'XX - UTENSILERIA', 787.40, 960.63, 'DDT 6327/22 DEL 14-09-2022 - DDT 6397/22 DEL 16-09-2022 - DDT 6684/22 DEL 27-09-2022'),
	(00001, '120', '2022-09-16', 'P.L. IMPIANTI - LOTESTO DOMENICO', 177, 'CANTIERE - ANTIFURTO', 600.00, 732.00, 'ANTIFURTO A NOLEGGIO'),
	(00001, '49', '2022-09-13', 'LUCENTE ANDREA', NULL, 'CALDAIA/POMPA DI CALORE - MANODOPERA', 2600.00, 2600.00, NULL),
	(00001, '91', '2022-09-20', 'LUNGULETE IOA PAPIL', 157, 'SERRAMENTI + SCHERMATURE SOLARI', 9520.00, 11614.40, 'FATTURA DI SECONDO ACCONTO PER FORNITURA E POSA IN OPERA N.20PZ SERRAMENTI IN PVC,MARCHIO REHAU,CLASSE A+A,PROFILO SYNEGO80MM,DOPPIO VETRO DI SICUREZZA,N.20 PZ TAPPARELLE INALLUMINIO,N.20 PZ CASSONETTI IN PVC,N.1 PZ PORTONCINO BLINDATOCLASSE3-FUORI MISURA'),
	(00001, '73', '2022-09-14', 'MANDAGLIO COSTRUZIONI', 107, 'TETTO - DEMOLIZIONE', 8440.00, 8440.00, NULL),
	(00001, '74', '2022-09-14', 'MANDAGLIO COSTRUZIONI', 146, 'TETTO - DEMOLIZIONE', 4210.00, 4210.00, NULL),
	(00001, '82', '2022-09-27', 'MANDAGLIO COSTRUZIONI', 107, 'TETTO - MANODOPERA', 13250.00, 13250.00, NULL),
	(00001, '77', '2022-09-22', 'MANDAGLIO COSTRUZIONI', 146, 'TETTO - MANODOPERA', 14170.00, 14170.00, 'REALIZZAZIONE DI CORDOLI E POSATETTO IN LEGNO LAMELLARE'),
	(00001, '81', '2022-09-27', 'MANDAGLIO COSTRUZIONI', 146, 'TETTO - MANODOPERA', 2860.00, 2860.00, NULL),
	(00001, '20', '2022-09-30', 'MANICCHIA ANDREA', NULL, 'CONSULENZA TECNICA', 28267.87, 29102.44, 'PRATICHE 80-134-148-165-173-135-176-190-03-62'),
	(00001, '286', '2022-08-31', 'MARMI DRUENTO', NULL, 'SERRAMENTI - FORNITURA DAVANZALI', 283.30, 345.63, 'VIALE PAPA GIOVANNI'),
	(00001, '256', '2022-07-31', 'MARMI DRUENTO', NULL, 'XX - FORNITURA MARMI', 9708.37, 11844.21, 'LAVORAZIONI MARMI'),
	(00001, '303', '2022-09-20', 'MARMI DRUENTO', NULL, 'XX - FORNITURA MARMI', 1840.00, 2244.80, 'LAVORAZIONE MARMI - RIF. FATTURA 256 DEL 31/07/2022SERIZZO LUCIDO COMMERCIALE SPESS.CM 2 PREZZO ERRATO'),
	(00001, '305', '2022-09-20', 'MARMI DRUENTO', NULL, 'XX - FORNITURA MARMI', 2240.00, 2732.80, 'SERIZZO LUCIDO COMMERCIALE CM 2 40,00 56,00 M2 22,00 2.240,00RIF. DDT 351/FE DEL 26/07/2022'),
	(00001, '312', '2022-09-30', 'MARMI DRUENTO', 17, 'SERRAMENTI - FORNITURA DAVANZALI', 110.75, 135.12, 'SERIZZO LUCIDO + LAV'),
	(00002, '312', '2022-09-30', 'MARMI DRUENTO', NULL, 'XX - BATTISCOPA', 260.00, 317.20, 'VAL DELLA TORRE - BATTISCOPA SERIZZO LUCIDO CM 2 H10 CON COSTA LUCIDA'),
	(00003, '312', '2022-09-30', 'MARMI DRUENTO', 65, 'SERRAMENTI - FORNITURA DAVANZALI', 389.25, 474.88, 'SERIZZO LUCIDO + LAV'),
	(00004, '312', '2022-09-30', 'MARMI DRUENTO', 79, 'SERRAMENTI - FORNITURA DAVANZALI', 852.00, 1039.44, 'SERIZZO LUCIDO + LAV'),
	(00005, '312', '2022-09-30', 'MARMI DRUENTO', 95, 'SERRAMENTI - FORNITURA DAVANZALI', 392.13, 478.40, 'SERIZZO LUCIDO + LAV'),
	(00006, '312', '2022-09-30', 'MARMI DRUENTO', 62, 'SERRAMENTI - FORNITURA DAVANZALI', 197.85, 241.38, 'SERIZZO LUCIDO + LAV'),
	(00007, '312', '2022-09-30', 'MARMI DRUENTO', NULL, 'SERRAMENTI - FORNITURA DAVANZALI', 40.75, 49.71, 'VIALE PAPA GIOVANNI - SERIZZO LUCIDO + LAV'),
	(00008, '312', '2022-09-30', 'MARMI DRUENTO', 57, 'SERRAMENTI - FORNITURA DAVANZALI', 88.80, 108.34, 'BERTINETTI - SERIZZO LUCIDO + LAV'),
	(00009, '312', '2022-09-30', 'MARMI DRUENTO', 168, 'XX - FORNITURA PIETRA LUSERNA', 900.90, 1099.10, 'PIETRA LUSERNA'),
	(00010, '312', '2022-09-30', 'MARMI DRUENTO', 56, 'SERRAMENTI - FORNITURA DAVANZALI', 427.50, 521.55, 'SERIZZO LUCIDO + LAV'),
	(00011, '312', '2022-09-30', 'MARMI DRUENTO', 107, 'SERRAMENTI - FORNITURA DAVANZALI', 738.00, 900.36, 'SERIZZO LUCIDO + LAV'),
	(00012, '312', '2022-09-30', 'MARMI DRUENTO', NULL, 'SERRAMENTI - FORNITURA DAVANZALI', 93.50, 114.07, 'VIA VENARIA - SERIZZO LUCIDO + LAV'),
	(00013, '312', '2022-09-30', 'MARMI DRUENTO', NULL, 'SERRAMENTI - FORNITURA DAVANZALI', 56.70, 69.17, 'VIA TORINO - SERIZZO LUCIDO + LAV'),
	(00014, '312', '2022-09-30', 'MARMI DRUENTO', NULL, 'SERRAMENTI - FORNITURA DAVANZALI', 304.43, 371.40, 'SERIZZO LUCIDO + LAV'),
	(00001, '35', '2022-08-19', 'MARTY09 DI ROBA CRISTIAN', 10, 'FOTOVOLTAICO - INSTALLAZIONE', 3200.00, 3200.00, NULL),
	(00001, '40', '2022-08-19', 'MARTY09 DI ROBA CRISTIAN', 195, 'FOTOVOLTAICO - INSTALLAZIONE', 1600.00, 1600.00, NULL),
	(00001, '43', '2022-08-19', 'MARTY09 DI ROBA CRISTIAN', 2, 'FOTOVOLTAICO - INSTALLAZIONE', 1600.00, 1600.00, NULL),
	(00001, '44', '2022-08-19', 'MARTY09 DI ROBA CRISTIAN', 3, 'FOTOVOLTAICO - INSTALLAZIONE', 1600.00, 1600.00, NULL),
	(00001, '12', '2022-09-30', 'DE MASI MATTIA', 156, 'TETTO - MANODOPERA', 1800.00, 1800.00, NULL),
	(00001, '1572', '2022-09-30', 'MAUTINO ARMANDO', NULL, 'TETTO - PERLINE', 666.00, 666.00, 'DDT 2703 DEL 15-09-2022'),
	(00001, '13', '2022-09-30', 'BUFFO MICKAEL', NULL, 'GESTIONE CANTIERI', 3152.00, 3152.00, 'DDT 2703 DEL 15-09-2022'),
	(00001, 'KNE22_000501', '2022-09-19', 'MOLLO', NULL, 'XX - NOLEGGIO AUTOCARRO', 1525.97, 1861.68, 'CONTRATTO NR. CTR22-650153'),
	(00001, 'VNBAE22-14019', '2022-09-19', 'MOLLO', NULL, 'XX - NOLEGGIO AUTOCARRO', 296.20, 361.36, 'CONTRATTO NR. CTR22-649948'),
	(00001, 'VNE22_43440', '2022-09-30', 'MOLLO', NULL, 'XX - NOLEGGIO AUTOCARRO', 2161.45, 2636.97, 'CONTRATTO NR. CTR22-650153'),
	(00001, '80', '2022-09-19', 'NEW LIFT', 200, 'TETTO - MANODOPERA', 159.46, 194.54, 'ACCONTO PER OPERE INERENTI GLI INTERVENTIDI RIDUZIONE DEL RISCHIO SISMICO(SISMABONUS)'),
	(00001, '133', '2022-09-28', 'NIGRO NICOLA MARCELLO', 48, 'CANTIERE - ALTRE OPERE ACCESSORIE', 262.50, 262.50, 'SPOSTAMENTO PROVVISORIO SU PONTEGGIO ANTENNA E RIPARAZIONE'),
	(00001, '26', '2022-09-08', 'NORD EDIL', 55, 'CANTIERE - GRU', 700.00, 854.00, NULL),
	(00001, '27', '2022-09-08', 'NORD EDIL', 79, 'CANTIERE - GRU', 2200.00, 2684.00, 'TRASPORTO, MONTAGGIO, NOLEGGIO GRU'),
	(00001, '28', '2022-09-08', 'NORD EDIL', 35, 'XX - MANODOPERA CANTIERE + MATERIALE EDILE', 36270.00, 44249.40, 'SAL 8'),
	(00001, '29', '2022-09-08', 'NORD EDIL', 67, 'XX - MANODOPERA CANTIERE + MATERIALE EDILE', 31254.52, 38130.51, 'SAL 5'),
	(00001, '30', '2022-09-08', 'NORD EDIL', 138, 'XX - MANODOPERA CANTIERE + MATERIALE EDILE', 30000.00, 36600.00, 'SAL 1'),
	(00001, '31', '2022-09-08', 'NORD EDIL', 27, 'TETTO - LATTONERIA', 2540.00, 3098.80, 'POSA FALDALERIA'),
	(00001, '5/131', '2022-09-22', 'NUOVA EDILMODERNA', 186, 'TETTO - MATERIALE', 1500.00, 1830.00, 'ACCONTO RIF.NS OC 6876 FORNITURA TEGOLE');

-- Dump della struttura di tabella contabilita_cantieri.lavorazione
CREATE TABLE IF NOT EXISTS `lavorazione` (
  `descrizione` varchar(100) DEFAULT NULL,
  `voce_capitolato` varchar(400) DEFAULT NULL,
  `cantiere` int(5) DEFAULT NULL,
  `importo` double(15,2) DEFAULT NULL,
  KEY `cantiere_descrizione` (`cantiere`,`descrizione`)
) ENGINE=InnoDB DEFAULT CHARSET=latin1 COLLATE=latin1_swedish_ci;

-- Dump dei dati della tabella contabilita_cantieri.lavorazione: ~456 rows (circa)
INSERT INTO `lavorazione` (`descrizione`, `voce_capitolato`, `cantiere`, `importo`) VALUES
	('CONSULENZA TECNICA', NULL, NULL, 415164.23),
	('PRESTAZIONE PROFESSIONALE COORDINAMENTO CANTIERE', NULL, 48, 1577.00),
	('PRESTAZIONE PROFESSIONALE COORDINAMENTO CANTIERE', NULL, 55, 1560.00),
	('RISTRUTTURAZIONE', NULL, 69, 3574.39),
	('TETTO - PROGETTO', NULL, 71, 1300.00),
	('SMALTIMENTO MACERIE/RIFIUTI', 'SMALTIMENTO MACERIE E ISOLANTE', 76, 1268.90),
	('CANTIERE - WC CHIMICO', 'APPRONTAMENTO CANTIERE CON WC CHIMICO, EVENTUALE BARACCA E QUADRO DI CANTIERE', 76, 117.00),
	('TETTO - MATERIALE', 'FORNITURA MATERIALI PER LA MESSA IN OPERA DEL TETTO (GRANDE E PICCOLA ORDITURA, FRENO VAPORE,)', 79, 10000.00),
	('SMALTIMENTO MACERIE/RIFIUTI', 'SMALTIMENTO MACERIE E ISOLANTE', 79, 805.00),
	('CANTIERE - PONTEGGIO', 'NOLEGGIO, MONTAGGIO E SMONTAGGIO DI PONTEGGI COME DA CAPITOLATO PER LA DURATA DI 3 MESI (EVENTUALE SUPERAMENTO DEI 3 MESI 1,7/MQ)', 79, 11000.00),
	('TETTO - DEMOLIZIONE', 'DEMOLIZIONE E SMALTIMENTO TETTO IN LEGNO ESISTENTE', 79, 3800.00),
	('SMALTIMENTO MACERIE/RIFIUTI', 'SMALTIMENTO MACERIE E ISOLANTE', 80, 1156.00),
	('TETTO - TERMINALE CANNA FUMARIA', 'FORNITURA E POSA FALDALERIA GENERALE TIPO PLUVIALI, GRONDE, CONVERSE (COMPRESI DI ACCESSORI TIPO CICOGNE, COLLARI, TERMINALI,) IN LAMIERA PREVERNICIATA TESTA DI MORO NECESSARIA ALLO SCARICO DELLE ACQUE PIOVANE PER LA BUONA RIUSCITA DELL\'OPERA', 80, 400.00),
	('CANTIERE - PONTEGGIO', 'NOLEGGIO, MONTAGGIO E SMONTAGGIO DI PONTEGGI COME DA CAPITOLATO PER LA DURATA DI 3 MESI (EVENTUALE SUPERAMENTO DEI 3 MESI 1,7/MQ)', 95, 9684.00),
	('PRESTAZIONE PROFESSIONALE COORDINAMENTO CANTIERE', NULL, 96, 1560.00),
	('SMALTIMENTO MACERIE/RIFIUTI', 'SMALTIMENTO MACERIE E ISOLANTE', 103, 50.00),
	('SMALTIMENTO MACERIE/RIFIUTI', 'SMALTIMENTO MACERIE E ISOLANTE', 107, 1929.80),
	('CANTIERE - WC CHIMICO', 'APPRONTAMENTO CANTIERE CON WC CHIMICO, EVENTUALE BARACCA E QUADRO DI CANTIERE', 107, 117.00),
	('FOTOVOLTAICO - STRUTTURA SOSTEGNO', 'FORNITURA IMPIANTO FOTOVOLTAICO 6kW + ACCUMULO 10kW ', 109, 857.40),
	('PRESTAZIONE PROFESSIONALE COORDINAMENTO CANTIERE', NULL, 125, 1577.00),
	('TETTO - MATERIALE', 'FORNITURA MATERIALI PER LA MESSA IN OPERA DEL TETTO (GRANDE E PICCOLA ORDITURA, FRENO VAPORE,)', 130, 11474.19),
	('CANTIERE - WC CHIMICO', 'APPRONTAMENTO CANTIERE CON WC CHIMICO, EVENTUALE BARACCA E QUADRO DI CANTIERE', 130, 117.00),
	('PRESTAZIONE PROFESSIONALE COORDINAMENTO CANTIERE', NULL, 133, 3152.00),
	('CANTIERE - PROGETTO PONTEGGIO', 'NOLEGGIO, MONTAGGIO E SMONTAGGIO DI PONTEGGI COME DA CAPITOLATO PER LA DURATA DI 3 MESI (EVENTUALE SUPERAMENTO DEI 3 MESI 1,7/MQ)', 133, 367.50),
	('PRESTAZIONE PROFESSIONALE COORDINAMENTO CANTIERE', NULL, 134, 1577.00),
	('TETTO - PROGETTO', NULL, 136, 1340.00),
	('SMALTIMENTO MACERIE/RIFIUTI', 'SMALTIMENTO MACERIE E ISOLANTE', 136, 832.00),
	('PRESTAZIONE PROFESSIONALE COORDINAMENTO CANTIERE', NULL, 136, 3152.00),
	('CANTIERE - PROGETTO PONTEGGIO', 'NOLEGGIO, MONTAGGIO E SMONTAGGIO DI PONTEGGI COME DA CAPITOLATO PER LA DURATA DI 3 MESI (EVENTUALE SUPERAMENTO DEI 3 MESI 1,7/MQ)', 136, 367.50),
	('SERRAMENTI + SCHERMATURE SOLARI', NULL, 28, 15552.00),
	('SERRAMENTI + SCHERMATURE SOLARI', NULL, 44, 15300.00),
	('SERRAMENTI + SCHERMATURE SOLARI', NULL, 137, 8853.80),
	('FOTOVOLTAICO - STRUTTURA SOSTEGNO', 'FORNITURA IMPIANTO FOTOVOLTAICO 4,4kW + ACCUMULO 5kW ', 137, 813.64),
	('SMALTIMENTO MACERIE/RIFIUTI', 'SMALTIMENTO MACERIE E ISOLANTE', 141, 3497.20),
	('CANTIERE - PONTEGGIO', 'NOLEGGIO, MONTAGGIO E SMONTAGGIO DI PONTEGGI COME DA CAPITOLATO PER LA DURATA DI 3 MESI (EVENTUALE SUPERAMENTO DEI 3 MESI 1,7/MQ)', 67, 5600.00),
	('CANTIERE - PONTEGGIO', 'MONTAGGIO E SMONTAGGIO DI PONTEGGI COME DA CAPITOLATO FORNITO DAL GENERAL CONTRACT', 125, 9000.00),
	('CANTIERE - PONTEGGIO', 'NOLEGGIO, MONTAGGIO E SMONTAGGIO DI PONTEGGI COME DA CAPITOLATO PER LA DURATA DI 3 MESI (EVENTUALE SUPERAMENTO DEI 3 MESI 1,7/MQ)', 154, 500.00),
	('CANTIERE - PONTEGGIO', 'NOLEGGIO, MONTAGGIO E SMONTAGGIO DI PONTEGGI COME DA CAPITOLATO PER LA DURATA DI 3 MESI (EVENTUALE SUPERAMENTO DEI 3 MESI 1,7/MQ)', 10, 500.00),
	('CANTIERE - PONTEGGIO', 'NOLEGGIO, MONTAGGIO E SMONTAGGIO DI PONTEGGI COME DA CAPITOLATO PER LA DURATA DI 3 MESI (EVENTUALE SUPERAMENTO DEI 3 MESI 1,7/MQ)', 1, 600.00),
	('CANTIERE - PONTEGGIO', 'NOLEGGIO, MONTAGGIO E SMONTAGGIO DI PONTEGGI COME DA CAPITOLATO PER LA DURATA DI 3 MESI (EVENTUALE SUPERAMENTO DEI 3 MESI 1,7/MQ)', 76, 6900.00),
	('CANTIERE - PONTEGGIO', 'NOLEGGIO, MONTAGGIO E SMONTAGGIO DI PONTEGGI COME DA CAPITOLATO PER LA DURATA DI 3 MESI (EVENTUALE SUPERAMENTO DEI 3 MESI 1,7/MQ)', 193, 2200.00),
	('CANTIERE - PONTEGGIO', 'MONTAGGIO E SMONTAGGIO DI PONTEGGI COME DA CAPITOLATO FORNITO DAL GENERAL CONTRACT', 56, 35500.00),
	('CANTIERE - PONTEGGIO', 'NOLEGGIO, MONTAGGIO E SMONTAGGIO DI PONTEGGI COME DA CAPITOLATO PER LA DURATA DI 3 MESI (EVENTUALE SUPERAMENTO DEI 3 MESI 1,7/MQ)', 195, 4571.00),
	('CANTIERE - PONTEGGIO', 'NOLEGGIO, MONTAGGIO E SMONTAGGIO DI PONTEGGI COME DA CAPITOLATO PER LA DURATA DI 3 MESI (EVENTUALE SUPERAMENTO DEI 3 MESI 1,7/MQ)', 54, 12834.00),
	('CANTIERE - PONTEGGIO', 'NOLEGGIO, MONTAGGIO E SMONTAGGIO DI PONTEGGI COME DA CAPITOLATO PER LA DURATA DI 3 MESI (EVENTUALE SUPERAMENTO DEI 3 MESI 1,7/MQ)', 107, 8692.00),
	('CANTIERE - PROGETTO PONTEGGIO', 'MONTAGGIO E SMONTAGGIO DI PONTEGGI COME DA CAPITOLATO FORNITO DAL GENERAL CONTRACT', 125, 367.50),
	('CANTIERE - PROGETTO PONTEGGIO', 'NOLEGGIO, MONTAGGIO E SMONTAGGIO DI PONTEGGI COME DA CAPITOLATO PER LA DURATA DI 3 MESI (EVENTUALE SUPERAMENTO DEI 3 MESI 1,7/MQ)', 2, 367.50),
	('SERRAMENTI + SCHERMATURE SOLARI + ALTRO', NULL, 2, 9464.00),
	('SERRAMENTI + SCHERMATURE SOLARI + ALTRO', NULL, 117, 22131.15),
	('XX - MANODOPERA CANTIERE', NULL, 71, 8900.00),
	('XX - MANODOPERA CANTIERE', NULL, 117, 10000.00),
	('BUILDING AUTOMATION - MATERIALE DOMOTICA', NULL, 69, 3197.38),
	('RISTRUTTURAZIONE - ACCESSORI IDRAULICA', NULL, 69, 213.77),
	('TETTO - MATERIALE', 'FORNITURA MATERIALI PER LA MESSA IN OPERA DEL TETTO (GRANDE E PICCOLA ORDITURA, FRENO VAPORE,)', 8, 14715.60),
	('XX - MANODOPERA CANTIERE', NULL, 26, 1000.00),
	('XX - MANODOPERA CANTIERE', NULL, 27, 4635.00),
	('XX - MANODOPERA CANTIERE', NULL, 79, 12870.00),
	('CALDAIA/POMPA DI CALORE - MANODOPERA', 'INSTALLAZIONE CALDAIA IBRIDA FORNITA DAL GENERAL CONTRACT COMPRENSIVA DELLA FORNITURA DI TUTTI GLI ACCESSORI (DEFANGATORE, SCARICO CONDENSE, RACCORDI, VALVOLE,)', 27, 410.00),
	('CALDAIA/POMPA DI CALORE - MANODOPERA', 'INSTALLAZIONE CALDAIA IBRIDA FORNITA DAL GENERAL CONTRACT COMPRENSIVA DELLA FORNITURA DI TUTTI GLI ACCESSORI (DEFANGATORE, SCARICO CONDENSE, RACCORDI, VALVOLE,)', 66, 280.00),
	('CALDAIA + RISTRUTTURAZIONE - MANODOPERA + FORNITURA IMPIANTO', NULL, 10, 4320.00),
	('CALDAIA/POMPA DI CALORE - MANODOPERA', 'INSTALLAZIONE POMPA DI CALORE FORNITA DAL GENERAL CONTRACT COMPRENSIVA DELLA FORNITURA DI TUTTI GLI ACCESSORI (SCARICO CONDENSE, RACCORDI, VALVOLE,)', 149, 1200.00),
	('CALDAIA/POMPA DI CALORE - MANODOPERA', 'INSTALLAZIONE CALDAIA A CONDENSAZIONE FORNITA DAL GENERAL CONTRACT COMPRENSIVA DELLA FORNITURA DI TUTTI GLI ACCESSORI (DEFANGATORE, SCARICO CONDENSE, RACCORDI, VALVOLE,)', 35, 11100.00),
	('BUILDING AUTOMATION - MATERIALE DOMOTICA', NULL, 65, 7667.64),
	('BUILDING AUTOMATION - MATERIALE DOMOTICA', NULL, 0, 452.10),
	('BUILDING AUTOMATION - MATERIALE DOMOTICA', NULL, 149, 255.74),
	('RISTRUTTURAZIONE - MATERIALE IMPIANTO CANALIZZATO', 'FORNITURA MATERIALE PER LA REALIZZAZIONE IMPIANTO CANALIZZATO PER RICIRCOLO ARIA ', 71, 110.41),
	('RISTRUTTURAZIONE - ZOCCOLATURA H 6OCM', 'FORNITURA ZOCCOLATURA IN PIETRA O SIMIL MATERIALE PER ALTEZZA DI 50cm/60cm SULL\'INTERO PERIMETRO DEL FABBRICATO', 27, 1646.40),
	('RISTRUTTURAZIONE - ZOCCOLATURA H 12CM', 'FORNITURA ZOCCOLINO O RIVESTIMENTO', 27, 178.50),
	('CALDAIA/POMPA DI CALORE - FORNITURA + MANODOPERA CALDAIA CENTRALIZZATA', NULL, 48, 41620.00),
	('CALDAIA/POMPA DI CALORE - FORNITURA + MANODOPERA CALDAIA CENTRALIZZATA', NULL, 56, 34790.00),
	('FOTOVOLTAICO - INVERTER', NULL, 0, 134794.28),
	('FOTOVOLTAICO - BATTERIE', NULL, 0, 93830.10),
	('FOTOVOLTAICO - CAVI', NULL, 0, 6956.04),
	('FOTOVOLTAICO - TRASPORTO MATERIALE', NULL, 0, 2176.26),
	('XX - MANODOPERA CANTIERE', NULL, 8, 29700.00),
	('TETTO - PROGETTO', NULL, 55, 1340.00),
	('TETTO - PROGETTO', NULL, 48, 2560.00),
	('SMALTIMENTO MACERIE/RIFIUTI', 'SMALTIMENTO MACERIE E ISOLANTE', 2, 360.00),
	('SMALTIMENTO MACERIE/RIFIUTI', 'SMALTIMENTO MACERIE E ISOLANTE', 10, 300.00),
	('SMALTIMENTO MACERIE/RIFIUTI', 'SMALTIMENTO MACERIE E ISOLANTE', 28, 332.00),
	('SMALTIMENTO MACERIE/RIFIUTI', 'SMALTIMENTO MACERIE E ISOLANTE', 67, 295.00),
	('SMALTIMENTO MACERIE/RIFIUTI', 'SMALTIMENTO MACERIE E ISOLANTE', 48, 6006.40),
	('SMALTIMENTO MACERIE/RIFIUTI', 'SMALTIMENTO MACERIE E ISOLANTE', 56, 801.00),
	('SMALTIMENTO MACERIE/RIFIUTI', 'SMALTIMENTO MACERIE E ISOLANTE', 55, 640.00),
	('SMALTIMENTO MACERIE/RIFIUTI', 'SMALTIMENTO MACERIE E ISOLANTE', 8, 2174.00),
	('SMALTIMENTO MACERIE/RIFIUTI', 'SMALTIMENTO MACERIE E ISOLANTE', 57, 375.00),
	('SMALTIMENTO MACERIE/RIFIUTI', 'SMALTIMENTO MACERIE E ISOLANTE', 66, 1734.00),
	('SMALTIMENTO MACERIE/RIFIUTI', 'SMALTIMENTO MACERIE E ISOLANTE', 13, 300.00),
	('FOTOVOLTAICO - STRUTTURA SOSTEGNO', 'FORNITURA IMPIANTO FOTOVOLTAICO 6kW + ACCUMULO 10kW ', 55, 857.84),
	('XX - MANODOPERA CANTIERE', NULL, 66, 18934.00),
	('XX - PORTA COMUNE CONDOMINIO', NULL, 9, 1000.00),
	('FOTOVOLTAICO - LINEA VITA', 'FORNITURA E POSA LINEA VITA TETTO COMPRENSIVA DI PROGETTO', 73, 828.84),
	('TETTO - LINEA VITA', 'FORNITURA E POSA LINEA VITA TETTO COMPRENSIVA DI PROGETTO', 55, 1107.65),
	('TETTO - LUCERNARIO', NULL, 48, 200.00),
	('TETTO - MATERIALE', 'FORNITURA MATERIALI PER LA MESSA IN OPERA DEL TETTO (GRANDE E PICCOLA ORDITURA, FRENO VAPORE,)', 48, 51762.58),
	('XX - MANODOPERA CANTIERE', NULL, 136, 2000.00),
	('TETTO - MANODOPERA', NULL, 55, 10685.00),
	('XX - MANODOPERA CANTIERE + MATERIALE EDILE', NULL, 65, 64039.00),
	('BUILDING AUTOMATION - MATERIALE DOMOTICA', NULL, 71, 2859.00),
	('RISTRUTTURAZIONE - IMPIANTI SPECIALI', NULL, 71, 1835.00),
	('CANTIERE - PROGETTO PONTEGGIO', 'MONTAGGIO E SMONTAGGIO DI PONTEGGI COME DA CAPITOLATO FORNITO DAL GENERAL CONTRACT', 48, 367.50),
	('BALCONI - MANODOPERA', 'REALIZZAZIONE MASSETTO DI SOTTOFONDO PER POSA PIASTRELLE COMPRENSIVO DEL MATERIALE', 56, 3104.00),
	('BALCONI - MATERIALE', 'FORNITURA PAVIMENTO ', 56, 1740.00),
	('BALCONI - MATERIALE', 'FORNITURA PAVIMENTO ', 48, 11563.20),
	('BALCONI - MATERIALE', 'FORNITURA PAVIMENTO ', 66, 340.20),
	('BALCONI - MATERIALE', 'FORNITURA PAVIMENTO ', 65, 567.00),
	('RISTRUTTURAZIONE - IMPIANTO ELETTRICO', NULL, 71, 3530.00),
	('CANTIERE - GRU', 'AFFITTO GRU PER I PRIMI DUE MESI COMPRENSIVO DEL MONTAGGIO E SMONTAGGIO', 55, 1400.00),
	('XX - MANODOPERA CANTIERE + MATERIALE EDILE', NULL, 35, 107776.80),
	('XX - MANODOPERA CANTIERE + MATERIALE EDILE', NULL, 67, 61949.52),
	('CANTIERE - GRU', 'AFFITTO GRU PER I PRIMI DUE MESI COMPRENSIVO DEL MONTAGGIO E SMONTAGGIO', 80, 2900.00),
	('XX - MANODOPERA CANTIERE', NULL, 56, 720.00),
	('CANTIERE - IMPIANTI ELETTRICI CANTIERE', 'APPRONTAMENTO CANTIERE CON WC CHIMICO, EVENTUALE BARACCA E QUADRO DI CANTIERE', 54, 700.00),
	('CANTIERE - IMPIANTI ELETTRICI CANTIERE', 'APPRONTAMENTO CANTIERE CON WC CHIMICO, EVENTUALE BARACCA E QUADRO DI CANTIERE', 64, 800.00),
	('CANTIERE - IMPIANTI ELETTRICI CANTIERE', 'APPRONTAMENTO CANTIERE CON WC CHIMICO, EVENTUALE BARACCA E QUADRO DI CANTIERE', 136, 350.00),
	('TETTO - OPERE IN C.A.', 'REALIZZAZIONE CORDOLATURE IN C.A. COMPRESIVO DEL MATERIALE PER LA MESSA IN OPERA', 48, 78.50),
	('TETTO - OPERE IN C.A.', 'REALIZZAZIONE CORDOLATURE IN C.A. COMPRESIVO DEL MATERIALE PER LA MESSA IN OPERA', 67, 44.50),
	('TETTO - OPERE IN C.A.', 'REALIZZAZIONE CORDOLATURE IN C.A. COMPRESIVO DEL MATERIALE PER LA MESSA IN OPERA', 80, 44.50),
	('TETTO - OPERE IN C.A.', 'REALIZZAZIONE CORDOLATURE IN C.A. COMPRESIVO DEL MATERIALE PER LA MESSA IN OPERA', 55, 48.50),
	('CANTIERE - PONTEGGIO', 'NOLEGGIO, MONTAGGIO E SMONTAGGIO DI PONTEGGI COME DA CAPITOLATO PER LA DURATA DI 3 MESI (EVENTUALE SUPERAMENTO DEI 3 MESI 1,7/MQ)', 27, 1200.00),
	('RISTRUTTURAZIONE - SCALA INTERNA', NULL, 27, 5000.00),
	('CANTIERE - PONTEGGIO', 'NOLEGGIO, MONTAGGIO E SMONTAGGIO DI PONTEGGI COME DA CAPITOLATO PER LA DURATA DI 3 MESI (EVENTUALE SUPERAMENTO DEI 3 MESI 1,7/MQ)', 62, 3260.00),
	('CANTIERE - PONTEGGIO', 'NOLEGGIO, MONTAGGIO E SMONTAGGIO DI PONTEGGI COME DA CAPITOLATO PER LA DURATA DI 3 MESI (EVENTUALE SUPERAMENTO DEI 3 MESI 1,7/MQ)', 80, 1200.00),
	('CANTIERE - WC CHIMICO', 'APPRONTAMENTO CANTIERE CON WC CHIMICO, EVENTUALE BARACCA E QUADRO DI CANTIERE', 8, 117.00),
	('CANTIERE - WC CHIMICO', 'APPRONTAMENTO CANTIERE CON WC CHIMICO, EVENTUALE BARACCA E QUADRO DI CANTIERE', 27, 40.00),
	('CANTIERE - WC CHIMICO', 'APPRONTAMENTO CANTIERE CON WC CHIMICO, EVENTUALE BARACCA E QUADRO DI CANTIERE', 13, 80.00),
	('CANTIERE - WC CHIMICO', 'APPRONTAMENTO CANTIERE CON WC CHIMICO, EVENTUALE BARACCA E QUADRO DI CANTIERE', 10, 115.00),
	('CANTIERE - WC CHIMICO', 'APPRONTAMENTO CANTIERE CON WC CHIMICO, EVENTUALE BARACCA E QUADRO DI CANTIERE', 48, 250.00),
	('CANTIERE - WC CHIMICO', 'APPRONTAMENTO CANTIERE CON WC CHIMICO, EVENTUALE BARACCA E QUADRO DI CANTIERE', 65, 260.00),
	('TETTO - MANODOPERA', 'POSA TETTO IN LEGNO CON GRANDE, PICCOLA ORDINTURA E TEGOLE IL TUTTO FORNITO DAL GENERAL CONTRACT COMPRENSIVO DELLE OPERE MURARIE ACCESSORIE ', 27, 3040.00),
	('SCHERMATURE SOLARI - MANODOPERA', NULL, 27, 290.00),
	('CALDAIA/POMPA DI CALORE - ACCESSORI', 'INSTALLAZIONE CALDAIA A CONDENSAZIONE FORNITA DAL GENERAL CONTRACT COMPRENSIVA DELLA FORNITURA DI TUTTI GLI ACCESSORI (DEFANGATORE, SCARICO CONDENSE, RACCORDI, VALVOLE,)', 165, 28.41),
	('XX - ACCESSORI IDRAULICA', NULL, 17, 767.66),
	('XX - ACCESSORI IDRAULICA', NULL, 0, 1117.11),
	('XX - BOILER + ACCESSORI IDRAULICA', NULL, 55, 2914.30),
	('CANTIERE - PONTEGGIO', 'NOLEGGIO, MONTAGGIO E SMONTAGGIO DI PONTEGGI COME DA CAPITOLATO PER LA DURATA DI 3 MESI (EVENTUALE SUPERAMENTO DEI 3 MESI 1,7/MQ)', 146, 7900.00),
	('TETTO - MATERIALE', 'FORNITURA MATERIALI PER LA MESSA IN OPERA DEL TETTO (GRANDE E PICCOLA ORDITURA, FRENO VAPORE,)', 146, 9195.92),
	('SMALTIMENTO MACERIE/RIFIUTI', 'SMALTIMENTO MACERIE E ISOLANTE', 146, 50.00),
	('SERRAMENTI - FORNITURA DAVANZALI', 'FORNITURA DAVANZALI ESTERNI TIPO SERIZZO SPAZZOLATO PER FINESTRA O PORTA-FINESTRA', 148, 1050.00),
	('XX - GRADINI IN PIETRA', NULL, 148, 264.00),
	('XX - IMPIANTO ALIMENTAZIONE POMPA DI CALORE', NULL, 149, 2000.00),
	('XX - MANODOPERA CANTIERE + MATERIALE EDILE', NULL, 149, 5000.00),
	('SERRAMENTI + SCHERMATURE SOLARI + ALTRO', NULL, 154, 11639.52),
	('TETTO - PROGETTO', NULL, 155, 1340.00),
	('CANTIERE - PONTEGGIO', 'NOLEGGIO, MONTAGGIO E SMONTAGGIO DI PONTEGGI COME DA CAPITOLATO PER LA DURATA DI 3 MESI (EVENTUALE SUPERAMENTO DEI 3 MESI 1,7/MQ)', 155, 12463.70),
	('CANTIERE - WC CHIMICO', 'APPRONTAMENTO CANTIERE CON WC CHIMICO, EVENTUALE BARACCA E QUADRO DI CANTIERE', 155, 117.00),
	('TETTO - MANODOPERA', NULL, 156, 6100.00),
	('PRESTAZIONE PROFESSIONALE COORDINAMENTO CANTIERE', NULL, 165, 1560.00),
	('TETTO - OPERE IN C.A.', 'REALIZZAZIONE CORDOLATURE IN C.A. COMPRESIVO DEL MATERIALE PER LA MESSA IN OPERA', 168, 44.50),
	('XX - MANODOPERA CANTIERE', NULL, 168, 2200.00),
	('CANTIERE - WC CHIMICO', 'APPRONTAMENTO CANTIERE CON WC CHIMICO, EVENTUALE BARACCA E QUADRO DI CANTIERE', 168, 250.00),
	('FOTOVOLTAICO - LINEA VITA', 'FORNITURA E POSA LINEA VITA TETTO COMPRENSIVA DI PROGETTO', 169, 1408.32),
	('PRESTAZIONE PROFESSIONALE COORDINAMENTO CANTIERE', NULL, 169, 1560.00),
	('PRESTAZIONE PROFESSIONALE COORDINAMENTO CANTIERE', NULL, 172, 1560.00),
	('FOTOVOLTAICO - STRUTTURA SOSTEGNO', 'FORNITURA IMPIANTO FOTOVOLTAICO 6kW + ACCUMULO 10kW ', 173, 621.74),
	('XX - MANODOPERA CANTIERE', NULL, 176, 9500.00),
	('CANTIERE - WC CHIMICO', 'APPRONTAMENTO CANTIERE CON WC CHIMICO, EVENTUALE BARACCA E QUADRO DI CANTIERE', 176, 125.00),
	('FOTOVOLTAICO - LINEA VITA', 'FORNITURA E POSA LINEA VITA TETTO COMPRENSIVA DI PROGETTO', 184, 1970.85),
	('PRESTAZIONE PROFESSIONALE COORDINAMENTO CANTIERE', NULL, 184, 1560.00),
	('FOTOVOLTAICO - LINEA VITA', 'FORNITURA E POSA LINEA VITA TETTO COMPRENSIVA DI PROGETTO', 187, 828.84),
	('PRESTAZIONE PROFESSIONALE COORDINAMENTO CANTIERE', NULL, 187, 1560.00),
	('PRESTAZIONE PROFESSIONALE COORDINAMENTO CANTIERE', NULL, 188, 1560.00),
	('CANTIERE - PONTEGGIO', 'NOLEGGIO, MONTAGGIO E SMONTAGGIO DI PONTEGGI COME DA CAPITOLATO PER LA DURATA DI 3 MESI (EVENTUALE SUPERAMENTO DEI 3 MESI 1,7/MQ)', 1013, 32000.00),
	('FACCIATA + BALCONI', NULL, 1013, 20000.00),
	('CANTIERE - WC CHIMICO', 'APPRONTAMENTO CANTIERE CON WC CHIMICO, EVENTUALE BARACCA E QUADRO DI CANTIERE', 1013, 250.00),
	('SERRAMENTI + SCHERMATURE SOLARI + ALTRO', NULL, NULL, 9586.80),
	('RISTRUTTURAZIONE - BAGNO', NULL, NULL, 1096.50),
	('TETTO - LATTONERIA', NULL, NULL, 102.40),
	('XX - CLIMATIZZATORE', NULL, NULL, 336.00),
	('XX - PIASTRELLE', NULL, NULL, 1153.71),
	('XX - MANODOPERA CANTIERE', NULL, 5, 15000.00),
	('CANTIERE - GRU', 'AFFITTO GRU PER I PRIMI DUE MESI COMPRENSIVO DEL MONTAGGIO E SMONTAGGIO', 48, 1400.00),
	('AMMISTRATORE DI CONDOMINIO', NULL, NULL, 10438.00),
	('XX - CONSULENZA ARTISTICA', NULL, NULL, 441.59),
	('ISOLAMENTO - MONTAGGIO VENTOLE', NULL, NULL, 362.00),
	('GESTIONE CANTIERI', NULL, NULL, 12679.00),
	('XX - PULIZIA', NULL, NULL, 12500.00),
	('ISOLAMENTO - FORNITURA ISOLANTE', NULL, 0, 43607.72),
	('XX - LATTONERIA', NULL, 0, 4977.31),
	('FOTOVOLTAICO - STRUTTURA SOSTEGNO', NULL, 0, 13003.26),
	('CALDAIA/POMPA DI CALORE - ACCESSORI', NULL, 0, 3998.66),
	('CALDAIA/POMPA DI CALORE - FORNITURA CALDAIA', NULL, 0, 40098.74),
	('CANTIERE - WC CHIMICO', NULL, 0, 65.00),
	('CANTIERE - PONTEGGIO', 'NOLEGGIO, MONTAGGIO E SMONTAGGIO DI PONTEGGI COME DA CAPITOLATO PER LA DURATA DI 3 MESI (EVENTUALE SUPERAMENTO DEI 3 MESI 1,7/MQ)', 133, 615.00),
	('CANTIERE - PONTEGGIO', 'NOLEGGIO, MONTAGGIO E SMONTAGGIO DI PONTEGGI COME DA CAPITOLATO PER LA DURATA DI 3 MESI (EVENTUALE SUPERAMENTO DEI 3 MESI 1,7/MQ)', 2, 5715.00),
	('CANTIERE - PONTEGGIO', 'MONTAGGIO E SMONTAGGIO DI PONTEGGI COME DA CAPITOLATO FORNITO DAL GENERAL CONTRACT', 48, 252.00),
	('XX - UTENSILERIA', NULL, 154, 58.96),
	('XX - MATERIALE EDILI + UTENSILERIA', NULL, 71, 167.19),
	('FOTOVOLTAICO - INSTALLAZIONE', 'POSA IMPIANTO FOTOVOLTAICO 6kW + ACCUMULO 9,9kW + COLONNINA ELETTRICA COMPRENSIVO DI FORNITURA ACCESSORISTICA (CAVI, PASSAGGIO CORRUGATI,...) CON MATERIALI PRINCIPALI FORNITI DALLA HELITEC ', 110, 1000.00),
	('FOTOVOLTAICO - INSTALLAZIONE', 'POSA IMPIANTO FOTOVOLTAICO 6kW + ACCUMULO 9,9kW + COLONNINA ELETTRICA COMPRENSIVO DI FORNITURA ACCESSORISTICA (CAVI, PASSAGGIO CORRUGATI,...) CON MATERIALI PRINCIPALI FORNITI DALLA HELITEC ', 1, 1600.00),
	('FOTOVOLTAICO - INSTALLAZIONE', 'POSA IMPIANTO FOTOVOLTAICO 6kW + ACCUMULO 9,9kW + COLONNINA ELETTRICA COMPRENSIVO DI FORNITURA ACCESSORISTICA (CAVI, PASSAGGIO CORRUGATI,...) CON MATERIALI PRINCIPALI FORNITI DALLA HELITEC ', 162, 1600.00),
	('XX - MANODOPERA CANTIERE', NULL, 151, 5400.00),
	('SMALTIMENTO MACERIE/RIFIUTI', NULL, NULL, 1176.00),
	('SMALTIMENTO MACERIE/RIFIUTI', 'SMALTIMENTO MACERIE E ISOLANTE', 1013, 200.00),
	('SMALTIMENTO MACERIE/RIFIUTI', 'SMALTIMENTO MACERIE E ISOLANTE', 168, 408.00),
	('SMALTIMENTO MACERIE/RIFIUTI', 'SMALTIMENTO MACERIE E ISOLANTE', 151, 360.00),
	('FOTOVOLTAICO - INSTALLAZIONE', 'POSA IMPIANTO FOTOVOLTAICO 6kW + ACCUMULO 9,9kW + COLONNINA ELETTRICA COMPRENSIVO DI FORNITURA ACCESSORISTICA (CAVI, PASSAGGIO CORRUGATI,...) CON MATERIALI PRINCIPALI FORNITI DALLA HELITEC ', 24, 1200.00),
	('XX - MANODOPERA CANTIERE', NULL, 133, 7550.00),
	('XX - FORNITURA PIASTRELLE', NULL, NULL, 6034.17),
	('IMPIANTO SOLARE - MATERIALE', NULL, 0, 1550.94),
	('XX - MANODOPERA CANTIERE', NULL, 1038, 2200.00),
	('XX - MANODOPERA CANTIERE', NULL, 69, 32002.00),
	('CONSULENZA TECNICA', NULL, 173, 8364.00),
	('TETTO - MANODOPERA', NULL, 65, 44000.00),
	('TETTO - MANODOPERA', NULL, 48, 88700.00),
	('TETTO - MANODOPERA', NULL, 80, 13468.00),
	('CANTIERE - PONTEGGIO', 'NOLEGGIO, MONTAGGIO E SMONTAGGIO DI PONTEGGI COME DA CAPITOLATO PER LA DURATA DI 3 MESI (EVENTUALE SUPERAMENTO DEI 3 MESI 1,7/MQ)', 55, 2696.00),
	('CANTIERE - PONTEGGIO', 'NOLEGGIO, MONTAGGIO E SMONTAGGIO DI PONTEGGI COME DA CAPITOLATO PER LA DURATA DI 3 MESI (EVENTUALE SUPERAMENTO DEI 3 MESI 1,7/MQ)', 130, 3000.00),
	('XX - TRASPORTO MERLO', NULL, NULL, 850.00),
	('XX - MANODOPERA CANTIERE', NULL, 28, 1300.00),
	('XX - MANODOPERA CANTIERE', NULL, 2, 5911.00),
	('CANTIERE + FOTOVOLTAICO - IMPIANTI ELETTRICI', NULL, NULL, 2150.00),
	('CANTIERE + ALTRO - IMPIANTI ELETTRICI + ALTRO', NULL, NULL, 4150.00),
	('XX - MATERIALE EDILE', NULL, 158, 4046.08),
	('XX - ZOCCOLINO', NULL, NULL, 448.00),
	('FOTOVOLTAICO - LINEA VITA', 'FORNITURA E POSA LINEA VITA TETTO COMPRENSIVA DI PROGETTO', 106, 1141.86),
	('TETTO - LINEA VITA', 'FORNITURA E POSA LINEA VITA TETTO COMPRENSIVA DI PROGETTO', 27, 2485.35),
	('TETTO - LUCERNARIO', NULL, 80, 415.00),
	('FOTOVOLTAICO - LINEA VITA', 'FORNITURA E POSA LINEA VITA TETTO COMPRENSIVA DI PROGETTO', 96, 1701.21),
	('TETTO - LINEA VITA', 'FORNITURA E POSA LINEA VITA TETTO COMPRENSIVA DI PROGETTO', 168, 1512.27),
	('FOTOVOLTAICO - LINEA VITA', 'FORNITURA E POSA LINEA VITA TETTO COMPRENSIVA DI PROGETTO', 10, 2426.41),
	('FOTOVOLTAICO - LINEA VITA', 'FORNITURA E POSA LINEA VITA TETTO COMPRENSIVA DI PROGETTO', 162, 1178.83),
	('FOTOVOLTAICO - LINEA VITA', NULL, NULL, 1149.55),
	('FOTOVOLTAICO - LINEA VITA', 'FORNITURA E POSA LINEA VITA TETTO COMPRENSIVA DI PROGETTO', 137, 1897.55),
	('TETTO - LINEA VITA', 'FORNITURA E POSA LINEA VITA TETTO COMPRENSIVA DI PROGETTO', 67, 1287.14),
	('FOTOVOLTAICO - LINEA VITA', 'FORNITURA E POSA LINEA VITA TETTO COMPRENSIVA DI PROGETTO', 158, 2118.87),
	('CANTIERE - GRU', NULL, NULL, 1500.00),
	('XX - ACCESSORI IDRAULICA', NULL, 151, 125.71),
	('XX - BOILER + ACCESSORI IDRAULICA', NULL, 157, 2078.31),
	('TETTO - MATERIALE', 'FORNITURA MATERIALI PER LA MESSA IN OPERA DEL TETTO (GRANDE E PICCOLA ORDITURA, FRENO VAPORE,)', 80, 7675.00),
	('RISTRUTTURAZIONE - MANODOPERA RISCALDAMENTO PAVIMENTO', 'POSA RISCALDAMENTO A PAVIMENTO SU BUGNATO DA 1-3cm CON MATERIALI FORNITI DALLA HELITEC COMPRENSIVA DELLE OPERE ACCESSORIE', 28, 2640.00),
	('XX - COLLAUDO STATICO OPERE STRUTTURALI', NULL, 71, 416.00),
	('XX - FACCIATA VENTILATA', NULL, 56, 28125.00),
	('XX - ACCESSORI IDRAULICA + UTENSILERIA', NULL, NULL, 3212.78),
	('SERRAMENTI + SCHERMATURE SOLARI', NULL, 96, 5145.00),
	('XX - MANODOPERA CANTIERE + MATERIALE EDILE', NULL, NULL, 57705.00),
	('CALDAIA/POMPA DI CALORE - ACCESSORI', NULL, 65, 440.00),
	('CALDAIA/POMPA DI CALORE - ACCESSORI', NULL, 67, 390.00),
	('ISOLAMENTO - MANODOPERA CAPPOTTO', 'LAVORAZIONE COMPLETA - ISOLAMENTO PARETI ESTERNE O VS AMBIENTI NON RISCALDATI TRAMITE CAPPOTTO SPESSORE 12CM 0,031 W/mK COMPRENSIVO DI TUTTE LE OPERE ACCESSORIE (PARASPIGOLI, RISVOLTO BATTUTA SERRAMENTO, RISEGHE E COPERTURA IN LAMIERA FORATA VERNICIATA DELLE TUBAZIONI DEL GAS, LAVORAZIONE DAVANZALI E SPOSTAMENTI GRONDE E DISCESE,...)', 158, 3000.00),
	('RISTRUTTURAZIONE - ANTIFURTO', 'PREDISPOSIZIONE ANTIFURTO ', 71, 350.00),
	('CANTIERE - PROGETTO PONTEGGIO', 'NOLEGGIO, MONTAGGIO E SMONTAGGIO DI PONTEGGI COME DA CAPITOLATO PER LA DURATA DI 3 MESI (EVENTUALE SUPERAMENTO DEI 3 MESI 1,7/MQ)', 10, 367.50),
	('CANTIERE - GRU', 'AFFITTO GRU PER I PRIMI DUE MESI COMPRENSIVO DEL MONTAGGIO E SMONTAGGIO', 66, 700.00),
	('XX - MANODOPERA CANTIERE', NULL, 67, 46360.00),
	('XX - MANODOPERA CANTIERE', NULL, 102, 2450.00),
	('XX - ACCESSORI IDRAULICA', NULL, NULL, 359.90),
	('CANTIERE - IMPIANTI ELETTRICI CANTIERE', 'APPRONTAMENTO CANTIERE CON WC CHIMICO, EVENTUALE BARACCA E QUADRO DI CANTIERE', 1013, 550.00),
	('CANTIERE - GRU', 'AFFITTO GRU PER I PRIMI DUE MESI COMPRENSIVO DEL MONTAGGIO E SMONTAGGIO', 8, 2000.00),
	('CANTIERE - IMPIANTI ELETTRICI CANTIERE', 'APPRONTAMENTO CANTIERE CON WC CHIMICO, EVENTUALE BARACCA E QUADRO DI CANTIERE', 80, 600.00),
	('TETTO - LATTONERIA', 'FORNITURA E POSA FALDALERIA GENERALE TIPO PLUVIALI, GRONDE, CONVERSE (COMPRESI DI ACCESSORI TIPO CICOGNE, COLLARI, TERMINALI,) IN LAMIERA PREVERNICIATA TESTA DI MORO NECESSARIA ALLO SCARICO DELLE ACQUE PIOVANE PER LA BUONA RIUSCITA DELL\'OPERA', 67, 6024.00),
	('CANTIERE - PONTEGGIO', 'NOLEGGIO, MONTAGGIO E SMONTAGGIO DI PONTEGGI COME DA CAPITOLATO PER LA DURATA DI 3 MESI (EVENTUALE SUPERAMENTO DEI 3 MESI 1,7/MQ)', 136, 2100.00),
	('TETTO - MANODOPERA', NULL, 1, 6652.00),
	('XX - MANODOPERA CANTIERE', NULL, 80, 1002.00),
	('XX - SMONTAGGIO OGGETTI IN FACCIATA', 'SMONTAGGIO E RIMONTAGGIO OGGETTI IN FACCIATA PER LA BUONA RIUSCITA DEI LAVORI (scatole di derivazione, condizionatori, tende da sole, verande, tettoie,)', 48, 550.00),
	('TETTO - MANODOPERA', NULL, 96, 21000.00),
	('CANTIERE - WC CHIMICO', 'APPRONTAMENTO CANTIERE CON WC CHIMICO, EVENTUALE BARACCA E QUADRO DI CANTIERE', 125, 260.00),
	('CANTIERE - WC CHIMICO', 'APPRONTAMENTO CANTIERE CON WC CHIMICO, EVENTUALE BARACCA E QUADRO DI CANTIERE', 136, 120.00),
	('CANTIERE - WC CHIMICO', 'APPRONTAMENTO CANTIERE CON WC CHIMICO, EVENTUALE BARACCA E QUADRO DI CANTIERE', 55, 117.00),
	('CANTIERE - WC CHIMICO', 'APPRONTAMENTO CANTIERE CON WC CHIMICO, EVENTUALE BARACCA E QUADRO DI CANTIERE', 80, 125.00),
	('CANTIERE - WC CHIMICO', 'APPRONTAMENTO CANTIERE CON WC CHIMICO, EVENTUALE BARACCA E QUADRO DI CANTIERE', 66, 130.00),
	('CANTIERE - WC CHIMICO', 'APPRONTAMENTO CANTIERE CON WC CHIMICO, EVENTUALE BARACCA E QUADRO DI CANTIERE', 62, 130.00),
	('CANTIERE - WC CHIMICO', NULL, NULL, 130.00),
	('CANTIERE - WC CHIMICO', 'APPRONTAMENTO CANTIERE CON WC CHIMICO, EVENTUALE BARACCA E QUADRO DI CANTIERE', 106, 130.00),
	('CANTIERE - WC CHIMICO', 'APPRONTAMENTO CANTIERE CON WC CHIMICO, EVENTUALE BARACCA E QUADRO DI CANTIERE', 154, 130.00),
	('CANTIERE - WC CHIMICO', 'APPRONTAMENTO CANTIERE CON WC CHIMICO, EVENTUALE BARACCA E QUADRO DI CANTIERE', 56, 117.00),
	('CANTIERE - WC CHIMICO', 'APPRONTAMENTO CANTIERE CON WC CHIMICO, EVENTUALE BARACCA E QUADRO DI CANTIERE', 79, 117.00),
	('CANTIERE - WC CHIMICO', 'APPRONTAMENTO CANTIERE CON WC CHIMICO, EVENTUALE BARACCA E QUADRO DI CANTIERE', 1, 65.00),
	('TETTO - LATTONERIA', 'FORNITURA E POSA FALDALERIA GENERALE TIPO PLUVIALI, GRONDE, CONVERSE (COMPRESI DI ACCESSORI TIPO CICOGNE, COLLARI, TERMINALI,) IN LAMIERA PREVERNICIATA TESTA DI MORO NECESSARIA ALLO SCARICO DELLE ACQUE PIOVANE PER LA BUONA RIUSCITA DELL\'OPERA', 133, 2660.00),
	('TETTO - LATTONERIA', 'FORNITURA E POSA FALDALERIA GENERALE TIPO PLUVIALI, GRONDE, CONVERSE (COMPRESI DI ACCESSORI TIPO CICOGNE, COLLARI, TERMINALI,) IN LAMIERA PREVERNICIATA TESTA DI MORO NECESSARIA ALLO SCARICO DELLE ACQUE PIOVANE PER LA BUONA RIUSCITA DELL\'OPERA', 27, 4900.00),
	('XX - MANODOPERA CANTIERE', NULL, NULL, 73602.00),
	('ISOLAMENTO - INSUFFLAGGIO', NULL, NULL, 10244.00),
	('ISOLAMENTO - INSUFFLAGGIO', 'ISOLAMENTO PARETI ESTERNE O VS AMBIENTI NON RISCALDATI TRAMITE INSUFFLAGGIO COMPRENSIVO DI TUTTE LE OPERE ACCESSORIE (REALIZZAZIONE E CHIUSURA FORI, TINTA INTERNA,...) spessore intercapedine  13/15cm ', 169, 1495.00),
	('ISOLAMENTO - INSUFFLAGGIO', 'ISOLAMENTO PARETI ESTERNE O VS AMBIENTI NON RISCALDATI TRAMITE INSUFFLAGGIO COMPRENSIVO DI TUTTE LE OPERE ACCESSORIE (REALIZZAZIONE E CHIUSURA FORI, TINTA INTERNA,...) spessore intercapedine  13/15cm ', 184, 2145.00),
	('ISOLAMENTO - INSUFFLAGGIO', 'ISOLAMENTO PARETI ESTERNE O VS AMBIENTI NON RISCALDATI TRAMITE INSUFFLAGGIO COMPRENSIVO DI TUTTE LE OPERE ACCESSORIE (REALIZZAZIONE E CHIUSURA FORI, TINTA INTERNA,...) spessore intercapedine  13/15cm ', 157, 1950.00),
	('ISOLAMENTO - INSUFFLAGGIO', 'ISOLAMENTO PARETI ESTERNE O VS AMBIENTI NON RISCALDATI TRAMITE INSUFFLAGGIO COMPRENSIVO DI TUTTE LE OPERE ACCESSORIE (REALIZZAZIONE E CHIUSURA FORI, TINTA INTERNA,...) spessore intercapedine  13/15cm ', 117, 2300.00),
	('ISOLAMENTO - INSUFFLAGGIO', 'ISOLAMENTO PARETI ESTERNE O VS AMBIENTI NON RISCALDATI TRAMITE INSUFFLAGGIO COMPRENSIVO DI TUTTE LE OPERE ACCESSORIE (REALIZZAZIONE E CHIUSURA FORI, TINTA INTERNA,...) spessore intercapedine  13/15cm ', 172, 1225.00),
	('CANTIERE - GRU', 'AFFITTO GRU PER I PRIMI DUE MESI COMPRENSIVO DEL MONTAGGIO E SMONTAGGIO', 18, 350.00),
	('CANTIERE - GRU', 'AFFITTO GRU PER I PRIMI DUE MESI COMPRENSIVO DEL MONTAGGIO E SMONTAGGIO', 64, 350.00),
	('CALDAIA/POMPA DI CALORE - MANODOPERA', NULL, NULL, 3180.00),
	('PONTEGGIO - MATERIALE ACCESSORIO', NULL, 0, 11361.00),
	('XX - NOLEGGIO AUTOCARRO', NULL, NULL, 4143.08),
	('XX - MATERIALE EDILI + UTENSILERIA', NULL, 0, 49695.79),
	('XX - UTENSILERIA', NULL, NULL, 137.00),
	('XX - UTENSILERIA', NULL, 0, 16139.91),
	('XX - MATERIALE ELETTRICO', NULL, 0, 7785.63),
	('ISOLAMENTO - CAPPOTTO A SOFFITTO', NULL, NULL, 4200.00),
	('PRESTAZIONE PROFESSIONALE COORDINAMENTO CANTIERE', NULL, 8, 1560.00),
	('PRESTAZIONE PROFESSIONALE COORDINAMENTO CANTIERE', NULL, 54, 1560.00),
	('PRESTAZIONE PROFESSIONALE COORDINAMENTO CANTIERE', NULL, 64, 1560.00),
	('PRESTAZIONE PROFESSIONALE COORDINAMENTO CANTIERE', NULL, 76, 1560.00),
	('PRESTAZIONE PROFESSIONALE COORDINAMENTO CANTIERE', NULL, 79, 1560.00),
	('PRESTAZIONE PROFESSIONALE COORDINAMENTO CANTIERE', NULL, 106, 1560.00),
	('PRESTAZIONE PROFESSIONALE COORDINAMENTO CANTIERE', NULL, 107, 1560.00),
	('PRESTAZIONE PROFESSIONALE COORDINAMENTO CANTIERE', NULL, 154, 1560.00),
	('PRESTAZIONE PROFESSIONALE COORDINAMENTO CANTIERE', NULL, 137, 3120.00),
	('PRESTAZIONE PROFESSIONALE COORDINAMENTO CANTIERE', NULL, 155, 1560.00),
	('PRESTAZIONE PROFESSIONALE COORDINAMENTO CANTIERE', NULL, 135, 1560.00),
	('PRESTAZIONE PROFESSIONALE COORDINAMENTO CANTIERE', NULL, 194, 1560.00),
	('PRESTAZIONE PROFESSIONALE COORDINAMENTO CANTIERE', NULL, 195, 1560.00),
	('SPESE LEGALI', NULL, 13, 2791.20),
	('CANTIERE - PONTEGGIO', 'NOLEGGIO, MONTAGGIO E SMONTAGGIO DI PONTEGGI COME DA CAPITOLATO PER LA DURATA DI 3 MESI (EVENTUALE SUPERAMENTO DEI 3 MESI 1,7/MQ)', 145, 4200.00),
	('RISTRUTTURAZIONE - IMPIANTI SPECIALI', NULL, 80, 45.00),
	('TETTO - PROGETTO', NULL, 76, 1340.00),
	('IMPIANTO SOLARE - MATERIALE', 'FORNITURA SOLARE TERMICO COMPLETO DI BOLLITORE DA 300L + 2 PANNELLI DA 2.5mq', 69, 688.13),
	('SCALDA ACQUA - FORNITURA MATERIALE', NULL, 71, 4470.33),
	('SCALDA ACQUA - FORNITURA MATERIALE', NULL, 69, 451.29),
	('ISOLAMENTO - FORNITURA VENTOLE', NULL, 56, 644.40),
	('SCALDA ACQUA - FORNITURA MATERIALE', NULL, 132, 7375.14),
	('SCALDA ACQUA - AVVIAMENTO', NULL, 132, 320.00),
	('SERRAMENTI - FORNITURA DAVANZALI', 'FORNITURA DAVANZALI ESTERNI TIPO SERIZZO SPAZZOLATO PER FINESTRA O PORTA-FINESTRA', 136, 772.35),
	('TETTO - MANODOPERA', NULL, 173, 18680.00),
	('XX - LATTONERIA', NULL, NULL, 3088.00),
	('TETTO - LATTONERIA', 'FORNITURA E POSA FALDALERIA GENERALE TIPO PLUVIALI, GRONDE, CONVERSE (COMPRESI DI ACCESSORI TIPO CICOGNE, COLLARI, TERMINALI,) IN LAMIERA PREVERNICIATA TESTA DI MORO NECESSARIA ALLO SCARICO DELLE ACQUE PIOVANE PER LA BUONA RIUSCITA DELL\'OPERA', 154, 1512.00),
	('TETTO - LATTONERIA', 'FORNITURA E POSA FALDALERIA GENERALE TIPO PLUVIALI, GRONDE, CONVERSE (COMPRESI DI ACCESSORI TIPO CICOGNE, COLLARI, TERMINALI,) IN LAMIERA PREVERNICIATA TESTA DI MORO NECESSARIA ALLO SCARICO DELLE ACQUE PIOVANE PER LA BUONA RIUSCITA DELL\'OPERA', 2, 5291.00),
	('TETTO - MATERIALE', 'FORNITURA MATERIALI PER LA MESSA IN OPERA DEL TETTO (GRANDE E PICCOLA ORDITURA, FRENO VAPORE,)', 189, 5000.00),
	('TETTO - MATERIALE', 'FORNITURA MATERIALI PER LA MESSA IN OPERA DEL TETTO (GRANDE E PICCOLA ORDITURA, FRENO VAPORE,)', 76, 7000.00),
	('TETTO - MATERIALE', 'FORNITURA MATERIALI PER LA MESSA IN OPERA DEL TETTO (GRANDE E PICCOLA ORDITURA, FRENO VAPORE,)', 125, 1737.00),
	('TETTO - PERLINE', 'AGGIUNTA FORNITURA PERLINE', 130, 2903.05),
	('TETTO - LUCERNARIO', NULL, 130, 446.00),
	('TETTO - PERLINE', 'AGGIUNTA FORNITURA PERLINE', 146, 840.00),
	('TETTO - MATERIALE', 'FORNITURA MATERIALI PER LA MESSA IN OPERA DEL TETTO (GRANDE E PICCOLA ORDITURA, FRENO VAPORE,)', 107, 5000.00),
	('TETTO - PERLINE', 'AGGIUNTA FORNITURA PERLINE', 107, 2707.20),
	('TETTO - PERLINE', 'AGGIUNTA FORNITURA PERLINE', 136, 2946.24),
	('TETTO - MATERIALE', 'FORNITURA MATERIALI PER LA MESSA IN OPERA DEL TETTO (GRANDE E PICCOLA ORDITURA, FRENO VAPORE,)', 136, 3409.75),
	('TETTO - PERLINE', 'AGGIUNTA FORNITURA PERLINE', 8, 4338.00),
	('TETTO - LUCERNARIO', NULL, 8, 266.00),
	('TETTO - PERLINE', 'AGGIUNTA FORNITURA PERLINE', 103, 1657.80),
	('TETTO - LUCERNARIO', NULL, 103, 266.00),
	('TETTO - MATERIALE', 'FORNITURA MATERIALI PER LA MESSA IN OPERA DEL TETTO (GRANDE E PICCOLA ORDITURA, FRENO VAPORE,)', 103, 2298.57),
	('TETTO - MATERIALE', 'FORNITURA MATERIALI PER LA MESSA IN OPERA DEL TETTO (GRANDE E PICCOLA ORDITURA, FRENO VAPORE,)', 176, 6120.04),
	('TETTO - PERLINE', 'AGGIUNTA FORNITURA PERLINE', 176, 1582.56),
	('TETTO - MATERIALE', NULL, NULL, 46799.30),
	('TETTO - PERLINE', NULL, NULL, 1179.00),
	('TETTO - MATERIALE', 'FORNITURA MATERIALI PER LA MESSA IN OPERA DEL TETTO (GRANDE E PICCOLA ORDITURA, FRENO VAPORE,)', 55, 7914.98),
	('TETTO - PERLINE', 'AGGIUNTA FORNITURA PERLINE', 55, 897.60),
	('XX - MANODOPERA CANTIERE', NULL, 180, 5900.00),
	('XX - FERRAMENTA', NULL, 0, 227.10),
	('CALDAIA + RISTRUTTURAZIONE - MANODOPERA + FORNITURA IMPIANTO', NULL, 58, 1280.00),
	('CALDAIA + RISTRUTTURAZIONE - MANODOPERA + FORNITURA IMPIANTO', NULL, 44, 1952.00),
	('CALDAIA/POMPA DI CALORE - IMPIANTO ELETTRICO', NULL, 102, 350.00),
	('XX - MATERIALE EDILE', NULL, 78, 1826.00),
	('XX - MATERIALE EDILE', NULL, NULL, 7743.00),
	('CALDAIA/POMPA DI CALORE - FORNITURA + MANODOPERA CALDAIA CENTRALIZZATA', NULL, 64, 24200.00),
	('XX - MATERIALE EDILE', NULL, 0, 47763.10),
	('XX - MANODOPERA CANTIERE', NULL, 103, 5210.00),
	('CANTIERE - PONTEGGIO', NULL, NULL, 1537.50),
	('CANTIERE - PONTEGGIO', 'NOLEGGIO, MONTAGGIO E SMONTAGGIO DI PONTEGGI COME DA CAPITOLATO PER LA DURATA DI 3 MESI (EVENTUALE SUPERAMENTO DEI 3 MESI 1,7/MQ)', 189, 6170.50),
	('CANTIERE - PONTEGGIO', 'NOLEGGIO, MONTAGGIO E SMONTAGGIO DI PONTEGGI COME DA CAPITOLATO PER LA DURATA DI 3 MESI (EVENTUALE SUPERAMENTO DEI 3 MESI 1,7/MQ)', 78, 13443.00),
	('RISTRUTTURAZIONE - MANODOPERA', NULL, 32, 600.00),
	('TETTO - PROGETTO', NULL, 146, 1860.00),
	('TETTO - PROGETTO', NULL, 8, 2060.00),
	('TETTO - PROGETTO', NULL, 107, 1910.00),
	('TETTO - PROGETTO', NULL, 186, 1860.00),
	('TETTO - PROGETTO', NULL, 89, 2160.00),
	('TETTO - PROGETTO', NULL, 103, 1860.00),
	('TETTO - PROGETTO', NULL, 165, 1860.00),
	('FOTOVOLTAICO - INSTALLAZIONE', 'POSA IMPIANTO FOTOVOLTAICO 6kW + ACCUMULO 9,9kW + COLONNINA ELETTRICA COMPRENSIVO DI FORNITURA ACCESSORISTICA (CAVI, PASSAGGIO CORRUGATI,...) CON MATERIALI PRINCIPALI FORNITI DALLA HELITEC ', 137, 1600.00),
	('FOTOVOLTAICO - INSTALLAZIONE', 'POSA IMPIANTO FOTOVOLTAICO 6kW + ACCUMULO 9,9kW + COLONNINA ELETTRICA COMPRENSIVO DI FORNITURA ACCESSORISTICA (CAVI, PASSAGGIO CORRUGATI,...) CON MATERIALI PRINCIPALI FORNITI DALLA HELITEC ', 39, 800.00),
	('FOTOVOLTAICO - INSTALLAZIONE', 'POSA IMPIANTO FOTOVOLTAICO 6kW + ACCUMULO 9,9kW + COLONNINA ELETTRICA COMPRENSIVO DI FORNITURA ACCESSORISTICA (CAVI, PASSAGGIO CORRUGATI,...) CON MATERIALI PRINCIPALI FORNITI DALLA HELITEC ', 173, 800.00),
	('FOTOVOLTAICO - INSTALLAZIONE', NULL, NULL, 2900.00),
	('FOTOVOLTAICO - BATTERIE', NULL, NULL, 500.00),
	('RICARICA AUTO ELETTRICA', NULL, NULL, 350.00),
	('XX - ALTRO IMPIANTI ELETTRICI', NULL, NULL, 1000.00),
	('FOTOVOLTAICO - INSTALLAZIONE', 'POSA IMPIANTO FOTOVOLTAICO 6kW + ACCUMULO 9,9kW + COLONNINA ELETTRICA COMPRENSIVO DI FORNITURA ACCESSORISTICA (CAVI, PASSAGGIO CORRUGATI,...) CON MATERIALI PRINCIPALI FORNITI DALLA HELITEC ', 95, 800.00),
	('FOTOVOLTAICO - INSTALLAZIONE', 'POSA IMPIANTO FOTOVOLTAICO 6kW + ACCUMULO 9,9kW + COLONNINA ELETTRICA COMPRENSIVO DI FORNITURA ACCESSORISTICA (CAVI, PASSAGGIO CORRUGATI,...) CON MATERIALI PRINCIPALI FORNITI DALLA HELITEC ', 153, 1600.00),
	('FOTOVOLTAICO - INSTALLAZIONE', 'POSA IMPIANTO FOTOVOLTAICO 6kW + ACCUMULO 9,9kW + COLONNINA ELETTRICA COMPRENSIVO DI FORNITURA ACCESSORISTICA (CAVI, PASSAGGIO CORRUGATI,...) CON MATERIALI PRINCIPALI FORNITI DALLA HELITEC ', 80, 1600.00),
	('XX - MANODOPERA CANTIERE + MATERIALE EDILE', NULL, 148, 13000.00),
	('SMALTIMENTO MACERIE/RIFIUTI', 'SMALTIMENTO MACERIE E ISOLANTE', 153, 209.00),
	('SMALTIMENTO MACERIE/RIFIUTI', 'SMALTIMENTO MACERIE E ISOLANTE', 86, 205.00),
	('SMALTIMENTO MACERIE/RIFIUTI', 'SMALTIMENTO MACERIE E ISOLANTE', 155, 870.00),
	('SMALTIMENTO MACERIE/RIFIUTI', 'SMALTIMENTO MACERIE E ISOLANTE', 125, 66.00),
	('SMALTIMENTO MACERIE/RIFIUTI', 'SMALTIMENTO MACERIE E ISOLANTE', 78, 1197.00),
	('SMALTIMENTO MACERIE/RIFIUTI', 'SMALTIMENTO MACERIE E ISOLANTE', 177, 740.00),
	('FOTOVOLTAICO - FORNITURA IMPIANTO', 'FORNITURA IMPIANTO FOTOVOLTAICO 6kW + ACCUMULO 10kW ', 27, 5000.00),
	('SERRAMENTI + SCHERMATURE SOLARI', NULL, NULL, 5000.00),
	('XX - MANODOPERA CANTIERE + MATERIALE EDILE', NULL, 71, 16000.00),
	('SERRAMENTI - PORTA BLINDATA', NULL, 69, 708.00),
	('XX - IMPIANTI VARI', NULL, 69, 4600.00),
	('CANTIERE - GRU', 'AFFITTO GRU PER I PRIMI DUE MESI COMPRENSIVO DEL MONTAGGIO E SMONTAGGIO', 79, 5550.00),
	('XX - MANODOPERA CANTIERE', NULL, 54, 64615.00),
	('XX - PUTRELLE', NULL, 79, 3000.00),
	('XX - PUTRELLE', NULL, 130, 1000.00),
	('ISOLAMENTO - SMOTAGGIO E RIMONTAGGIO OGGETTI IN FACCIATA', 'SMONTAGGIO E RIMONTAGGIO OGGETTI IN FACCIATA PER LA BUONA RIUSCITA DEI LAVORI (scatole di derivazione, condizionatori, tende da sole, verande, tettoie,)', 10, 2200.00),
	('SMALTIMENTO MACERIE/RIFIUTI', 'SMALTIMENTO MACERIE E ISOLANTE', 180, 287.00),
	('TETTO - MANODOPERA', NULL, 8, 25410.00),
	('TETTO - MANODOPERA', NULL, 130, 18320.00),
	('XX - OPERE IN C.A.', NULL, 125, 30108.00),
	('CANTIERE - PONTEGGIO', 'NOLEGGIO, MONTAGGIO E SMONTAGGIO DI PONTEGGI COME DA CAPITOLATO PER LA DURATA DI 3 MESI (EVENTUALE SUPERAMENTO DEI 3 MESI 1,7/MQ)', 8, 15804.00),
	('CANTIERE - PONTEGGIO', 'NOLEGGIO, MONTAGGIO E SMONTAGGIO DI PONTEGGI COME DA CAPITOLATO PER LA DURATA DI 3 MESI (EVENTUALE SUPERAMENTO DEI 3 MESI 1,7/MQ)', 103, 3000.00),
	('CANTIERE - PONTEGGIO', 'NOLEGGIO, MONTAGGIO E SMONTAGGIO DI PONTEGGI COME DA CAPITOLATO PER LA DURATA DI 3 MESI (EVENTUALE SUPERAMENTO DEI 3 MESI 1,7/MQ)', 177, 7080.00),
	('CANTIERE - PONTEGGIO', 'NOLEGGIO, MONTAGGIO E SMONTAGGIO DI PONTEGGI COME DA CAPITOLATO PER LA DURATA DI 3 MESI (EVENTUALE SUPERAMENTO DEI 3 MESI 1,7/MQ)', 180, 8900.00),
	('XX - ALTRO IMPIANTI ELETTRICI', NULL, 39, 1200.00),
	('XX - ALTRO IMPIANTI ELETTRICI', NULL, 66, 850.00),
	('ISOLAMENTO + CANTIERE + ALTRO - ALIMENTAZIONE VENTOLE + QUADRO + ALTROCANTIERE', NULL, NULL, 1500.00),
	('XX - ALTRO IMPIANTI ELETTRICI', NULL, 114, 250.00),
	('XX - ALTRO IMPIANTI ELETTRICI', NULL, 22, 250.00),
	('XX - ALTRO IMPIANTI ELETTRICI', NULL, 128, 3500.00),
	('SERRAMENTI - FORNITURA DAVANZALI', 'FORNITURA DAVANZALI ESTERNI TIPO SERIZZO SPAZZOLATO PER FINESTRA O PORTA-FINESTRA', 56, 1977.30),
	('XX - ALTRO IMPIANTI ELETTRICI', NULL, 80, 45.00),
	('TETTO - LINEA VITA', 'FORNITURA E POSA LINEA VITA TETTO COMPRENSIVA DI PROGETTO', 133, 939.28),
	('TETTO - LINEA VITA', 'FORNITURA E POSA LINEA VITA TETTO COMPRENSIVA DI PROGETTO', 154, 2219.72),
	('TETTO - LINEA VITA', 'FORNITURA E POSA LINEA VITA TETTO COMPRENSIVA DI PROGETTO', 173, 1400.81),
	('FOTOVOLTAICO - LINEA VITA', 'FORNITURA E POSA LINEA VITA TETTO COMPRENSIVA DI PROGETTO', 134, 1468.74),
	('TETTO - LINEA VITA', 'FORNITURA E POSA LINEA VITA TETTO COMPRENSIVA DI PROGETTO', 190, 716.68),
	('TETTO - LINEA VITA', 'FORNITURA E POSA LINEA VITA TETTO COMPRENSIVA DI PROGETTO', 48, 3190.84),
	('FOTOVOLTAICO - LINEA VITA', 'FORNITURA E POSA LINEA VITA TETTO COMPRENSIVA DI PROGETTO', 157, 1578.45),
	('TETTO - LINEA VITA', 'FORNITURA E POSA LINEA VITA TETTO COMPRENSIVA DI PROGETTO', 80, 1094.38),
	('TETTO - LINEA VITA', 'FORNITURA E POSA LINEA VITA TETTO COMPRENSIVA DI PROGETTO', 176, 716.68),
	('FOTOVOLTAICO - LINEA VITA', 'FORNITURA E POSA LINEA VITA TETTO COMPRENSIVA DI PROGETTO', 23, 2904.31),
	('TETTO - LINEA VITA', 'FORNITURA E POSA LINEA VITA TETTO COMPRENSIVA DI PROGETTO', 125, 2169.80),
	('TETTO - LINEA VITA', 'FORNITURA E POSA LINEA VITA TETTO COMPRENSIVA DI PROGETTO', 146, 1899.73),
	('FOTOVOLTAICO - LINEA VITA', 'FORNITURA E POSA LINEA VITA TETTO COMPRENSIVA DI PROGETTO', 199, 1377.78),
	('TETTO - LINEA VITA', 'FORNITURA E POSA LINEA VITA TETTO COMPRENSIVA DI PROGETTO', 8, 1413.63),
	('FOTOVOLTAICO - LINEA VITA', 'FORNITURA E POSA LINEA VITA TETTO COMPRENSIVA DI PROGETTO', 58, 1970.81),
	('TETTO - LINEA VITA', 'FORNITURA E POSA LINEA VITA TETTO COMPRENSIVA DI PROGETTO', 107, 1567.66),
	('SCHERMATURE SOLARI - FORNITURA E POSA', NULL, NULL, 5792.10),
	('XX - ACCESSORI IDRAULICA', NULL, 192, 528.74),
	('XX - ACCESSORI IDRAULICA', NULL, 28, 1970.32),
	('XX - ACCESSORI IDRAULICA', NULL, 137, 239.77),
	('XX - ACCESSORI IDRAULICA', NULL, 59, 268.99),
	('XX - ACCESSORI IDRAULICA', NULL, 2, 288.02),
	('XX - BOILER + ACCESSORI IDRAULICA', NULL, 0, 1872.65),
	('XX - BOILER + ACCESSORI IDRAULICA', NULL, 137, 445.94),
	('CALDAIA - CALDAIE + ACCESSORI', NULL, 0, 19467.78),
	('XX - DISOTTURAZIONE TUBAZIONI', NULL, 56, 300.00),
	('CALDAIA/POMPA DI CALORE - MANODOPERA', 'INSTALLAZIONE CALDAIA IBRIDA FORNITA DAL GENERAL CONTRACT COMPRENSIVA DELLA FORNITURA DI TUTTI GLI ACCESSORI (DEFANGATORE, SCARICO CONDENSE, RACCORDI, VALVOLE,)', 162, 5000.00),
	('CALDAIA/POMPA DI CALORE - MANODOPERA', 'INSTALLAZIONE CALDAIA A CONDENSAZIONE FORNITA DAL GENERAL CONTRACT COMPRENSIVA DELLA FORNITURA DI TUTTI GLI ACCESSORI (DEFANGATORE, SCARICO CONDENSE, RACCORDI, VALVOLE,)', 165, 800.00),
	('CALDAIA/POMPA DI CALORE - MANODOPERA', 'INSTALLAZIONE CALDAIA A CONDENSAZIONE FORNITA DAL GENERAL CONTRACT COMPRENSIVA DELLA FORNITURA DI TUTTI GLI ACCESSORI (DEFANGATORE, SCARICO CONDENSE, RACCORDI, VALVOLE,)', 181, 800.00),
	('XX - MANODOPERA CANTIERE', NULL, 107, 4925.00),
	('XX - MANODOPERA CANTIERE', NULL, 76, 6920.00),
	('XX - FORNITURA FACCIATA VENTILATA', NULL, 56, 28125.00),
	('XX - LAMIERA', NULL, 154, 828.04),
	('CANTIERE - ANTIFURTO', NULL, 177, 600.00),
	('SERRAMENTI + SCHERMATURE SOLARI', NULL, 157, 9520.00),
	('TETTO - DEMOLIZIONE', 'DEMOLIZIONE E SMALTIMENTO TETTO IN LEGNO ESISTENTE', 107, 8440.00),
	('TETTO - DEMOLIZIONE', 'DEMOLIZIONE E SMALTIMENTO TETTO IN LEGNO ESISTENTE', 146, 4210.00),
	('TETTO - MANODOPERA', 'POSA TETTO IN LEGNO CON GRANDE, PICCOLA ORDINTURA E TEGOLE IL TUTTO FORNITO DAL GENERAL CONTRACT COMPRENSIVO DELLE OPERE MURARIE ACCESSORIE ', 107, 17496.52),
	('TETTO - MANODOPERA', 'POSA TETTO IN LEGNO CON GRANDE, PICCOLA ORDINTURA E TEGOLE IL TUTTO FORNITO DAL GENERAL CONTRACT COMPRENSIVO DELLE OPERE MURARIE ACCESSORIE ', 146, 17030.00),
	('SERRAMENTI - FORNITURA DAVANZALI', NULL, NULL, 778.68),
	('XX - FORNITURA MARMI', NULL, NULL, 13788.37),
	('SERRAMENTI - FORNITURA DAVANZALI', NULL, 17, 110.75),
	('XX - BATTISCOPA', NULL, NULL, 260.00),
	('SERRAMENTI - FORNITURA DAVANZALI', NULL, 65, 389.25),
	('SERRAMENTI - FORNITURA DAVANZALI', NULL, 79, 852.00),
	('SERRAMENTI - FORNITURA DAVANZALI', NULL, 95, 392.13),
	('SERRAMENTI - FORNITURA DAVANZALI', NULL, 62, 197.85),
	('SERRAMENTI - FORNITURA DAVANZALI', NULL, 57, 88.80),
	('XX - FORNITURA PIETRA LUSERNA', NULL, 168, 900.90),
	('SERRAMENTI - FORNITURA DAVANZALI', NULL, 107, 738.00),
	('FOTOVOLTAICO - INSTALLAZIONE', 'POSA IMPIANTO FOTOVOLTAICO 6kW + ACCUMULO 9,9kW + COLONNINA ELETTRICA COMPRENSIVO DI FORNITURA ACCESSORISTICA (CAVI, PASSAGGIO CORRUGATI,...) CON MATERIALI PRINCIPALI FORNITI DALLA HELITEC ', 10, 3200.00),
	('FOTOVOLTAICO - INSTALLAZIONE', 'POSA IMPIANTO FOTOVOLTAICO 6kW + ACCUMULO 9,9kW + COLONNINA ELETTRICA COMPRENSIVO DI FORNITURA ACCESSORISTICA (CAVI, PASSAGGIO CORRUGATI,...) CON MATERIALI PRINCIPALI FORNITI DALLA HELITEC ', 195, 1600.00),
	('FOTOVOLTAICO - INSTALLAZIONE', 'POSA IMPIANTO FOTOVOLTAICO 6kW + ACCUMULO 9,9kW + COLONNINA ELETTRICA COMPRENSIVO DI FORNITURA ACCESSORISTICA (CAVI, PASSAGGIO CORRUGATI,...) CON MATERIALI PRINCIPALI FORNITI DALLA HELITEC ', 2, 1600.00),
	('FOTOVOLTAICO - INSTALLAZIONE', 'POSA IMPIANTO FOTOVOLTAICO 6kW + ACCUMULO 9,9kW + COLONNINA ELETTRICA COMPRENSIVO DI FORNITURA ACCESSORISTICA (CAVI, PASSAGGIO CORRUGATI,...) CON MATERIALI PRINCIPALI FORNITI DALLA HELITEC ', 3, 1600.00),
	('TETTO - MANODOPERA', NULL, 200, 159.46),
	('CANTIERE - ALTRE OPERE ACCESSORIE', NULL, 48, 262.50),
	('XX - MANODOPERA CANTIERE + MATERIALE EDILE', NULL, 138, 30000.00),
	('TETTO - MATERIALE', 'FORNITURA MATERIALI PER LA MESSA IN OPERA DEL TETTO (GRANDE E PICCOLA ORDITURA, FRENO VAPORE,)', 186, 1500.00);

-- Dump della struttura di tabella contabilita_cantieri.pagamento
CREATE TABLE IF NOT EXISTS `pagamento` (
  `data` date DEFAULT NULL,
  `fornitore` varchar(50) DEFAULT NULL,
  `importo` double(15,2) DEFAULT NULL,
  KEY `data_fornitore` (`data`,`fornitore`)
) ENGINE=InnoDB DEFAULT CHARSET=latin1 COLLATE=latin1_swedish_ci;

-- Dump dei dati della tabella contabilita_cantieri.pagamento: ~7 rows (circa)
INSERT INTO `pagamento` (`data`, `fornitore`, `importo`) VALUES
	('2022-09-02', 'BAUDUCCO', 8540.00),
	('2022-09-15', 'ABRAMO', 11102.00),
	('2022-08-08', 'ABRAMO', 7540.00),
	('2022-09-23', 'COAN', 8944.50),
	('2022-09-07', 'COAN', 30483.90),
	('2022-07-12', 'PACCHIARDO MAURO', 586.00),
	('2022-09-08', 'PACCHIARDO MAURO', 2744.00);

-- Dump della struttura di tabella contabilita_cantieri.pagamento_fattura
CREATE TABLE IF NOT EXISTS `pagamento_fattura` (
  `numero_fattura` varchar(50) DEFAULT NULL,
  `data_fattura` date DEFAULT NULL,
  `fornitore` varchar(50) DEFAULT NULL,
  `data_pagamento` date DEFAULT NULL,
  `importo_relativo` double(15,2) DEFAULT NULL,
  `intero` int(1) DEFAULT NULL,
  `acconto` int(1) DEFAULT NULL,
  `saldo` int(1) DEFAULT NULL,
  `note` varchar(400) DEFAULT NULL,
  KEY `numero_fattura_data_fattura_fornitore_data_pagamento` (`numero_fattura`,`data_fattura`,`fornitore`,`data_pagamento`)
) ENGINE=InnoDB DEFAULT CHARSET=latin1 COLLATE=latin1_swedish_ci;

-- Dump dei dati della tabella contabilita_cantieri.pagamento_fattura: ~15 rows (circa)
INSERT INTO `pagamento_fattura` (`numero_fattura`, `data_fattura`, `fornitore`, `data_pagamento`, `importo_relativo`, `intero`, `acconto`, `saldo`, `note`) VALUES
	('8033', '2022-08-22', 'BAUDUCCO', '2022-09-02', 8540.00, 1, 0, 0, NULL),
	('123', '2022-08-29', 'ABRAMO', '2022-09-15', 2684.00, 1, 0, 0, NULL),
	('121', '2022-08-29', 'ABRAMO', '2022-09-15', 8418.00, 1, 0, 0, NULL),
	('103', '2022-07-14', 'ABRAMO', '2022-08-08', 6240.00, 0, 0, 1, NULL),
	('105', '2022-07-21', 'ABRAMO', '2022-08-08', 500.00, 1, 0, 0, NULL),
	('106', '2022-07-21', 'ABRAMO', '2022-08-08', 500.00, 1, 0, 0, NULL),
	('107', '2022-07-21', 'ABRAMO', '2022-08-08', 300.00, 1, 0, 0, NULL),
	('147', '2022-08-29', 'COAN', '2022-09-23', 8692.00, 1, 0, 0, NULL),
	('136', '2022-07-31', 'COAN', '2022-09-23', 252.50, 1, 0, 0, NULL),
	('142', '2022-08-12', 'COAN', '2022-09-07', 12463.70, 1, 0, 0, NULL),
	('144', '2022-08-24', 'COAN', '2022-09-07', 12834.00, 1, 0, 0, NULL),
	('143', '2022-08-24', 'COAN', '2022-09-07', 4571.20, 1, 0, 0, NULL),
	('125', '2022-07-18', 'COAN', '2022-09-07', 615.00, 1, 0, 0, NULL),
	('41', '2022-08-04', 'PACCHIARDO MAURO', '2022-07-12', 586.00, 0, 1, 0, 'ACCONTO PREV 40'),
	('41', '2022-08-04', 'PACCHIARDO MAURO', '2022-09-08', 2744.00, 0, 0, 1, NULL);

-- Dump della struttura di tabella contabilita_cantieri.voce_cantiere
CREATE TABLE IF NOT EXISTS `voce_cantiere` (
  `voce_capitolato` varchar(400) DEFAULT NULL,
  `cantiere` int(50) DEFAULT NULL,
  `importo_previsto` double(15,2) DEFAULT NULL,
  `importo_pagato` double(15,2) DEFAULT NULL,
  KEY `voce_capitolato_cantiere` (`voce_capitolato`,`cantiere`)
) ENGINE=InnoDB DEFAULT CHARSET=latin1 COLLATE=latin1_swedish_ci;

-- Dump dei dati della tabella contabilita_cantieri.voce_cantiere: ~213 rows (circa)
INSERT INTO `voce_cantiere` (`voce_capitolato`, `cantiere`, `importo_previsto`, `importo_pagato`) VALUES
	('SMALTIMENTO MACERIE E ISOLANTE', 76, NULL, 1268.90),
	('APPRONTAMENTO CANTIERE CON WC CHIMICO, EVENTUALE BARACCA E QUADRO DI CANTIERE', 76, NULL, 117.00),
	('FORNITURA MATERIALI PER LA MESSA IN OPERA DEL TETTO (GRANDE E PICCOLA ORDITURA, FRENO VAPORE,)', 79, NULL, 10000.00),
	('SMALTIMENTO MACERIE E ISOLANTE', 79, NULL, 805.00),
	('NOLEGGIO, MONTAGGIO E SMONTAGGIO DI PONTEGGI COME DA CAPITOLATO PER LA DURATA DI 3 MESI (EVENTUALE SUPERAMENTO DEI 3 MESI 1,7/MQ)', 79, NULL, 11000.00),
	('DEMOLIZIONE E SMALTIMENTO TETTO IN LEGNO ESISTENTE', 79, NULL, 3800.00),
	('SMALTIMENTO MACERIE E ISOLANTE', 80, NULL, 1156.00),
	('FORNITURA E POSA FALDALERIA GENERALE TIPO PLUVIALI, GRONDE, CONVERSE (COMPRESI DI ACCESSORI TIPO CICOGNE, COLLARI, TERMINALI,) IN LAMIERA PREVERNICIATA TESTA DI MORO NECESSARIA ALLO SCARICO DELLE ACQUE PIOVANE PER LA BUONA RIUSCITA DELL\'OPERA', 80, NULL, 400.00),
	('NOLEGGIO, MONTAGGIO E SMONTAGGIO DI PONTEGGI COME DA CAPITOLATO PER LA DURATA DI 3 MESI (EVENTUALE SUPERAMENTO DEI 3 MESI 1,7/MQ)', 95, NULL, 9684.00),
	('SMALTIMENTO MACERIE E ISOLANTE', 103, NULL, 50.00),
	('SMALTIMENTO MACERIE E ISOLANTE', 107, NULL, 1929.80),
	('APPRONTAMENTO CANTIERE CON WC CHIMICO, EVENTUALE BARACCA E QUADRO DI CANTIERE', 107, NULL, 117.00),
	('FORNITURA IMPIANTO FOTOVOLTAICO 6kW + ACCUMULO 10kW ', 109, NULL, 857.40),
	('FORNITURA MATERIALI PER LA MESSA IN OPERA DEL TETTO (GRANDE E PICCOLA ORDITURA, FRENO VAPORE,)', 130, NULL, 11474.19),
	('APPRONTAMENTO CANTIERE CON WC CHIMICO, EVENTUALE BARACCA E QUADRO DI CANTIERE', 130, NULL, 117.00),
	('NOLEGGIO, MONTAGGIO E SMONTAGGIO DI PONTEGGI COME DA CAPITOLATO PER LA DURATA DI 3 MESI (EVENTUALE SUPERAMENTO DEI 3 MESI 1,7/MQ)', 133, NULL, 982.50),
	('SMALTIMENTO MACERIE E ISOLANTE', 136, NULL, 832.00),
	('FORNITURA IMPIANTO FOTOVOLTAICO 4,4kW + ACCUMULO 5kW ', 137, NULL, 813.64),
	('SMALTIMENTO MACERIE E ISOLANTE', 141, NULL, 3497.20),
	('NOLEGGIO, MONTAGGIO E SMONTAGGIO DI PONTEGGI COME DA CAPITOLATO PER LA DURATA DI 3 MESI (EVENTUALE SUPERAMENTO DEI 3 MESI 1,7/MQ)', 67, NULL, 5600.00),
	('NOLEGGIO, MONTAGGIO E SMONTAGGIO DI PONTEGGI COME DA CAPITOLATO PER LA DURATA DI 3 MESI (EVENTUALE SUPERAMENTO DEI 3 MESI 1,7/MQ)', 154, NULL, 500.00),
	('NOLEGGIO, MONTAGGIO E SMONTAGGIO DI PONTEGGI COME DA CAPITOLATO PER LA DURATA DI 3 MESI (EVENTUALE SUPERAMENTO DEI 3 MESI 1,7/MQ)', 10, NULL, 867.50),
	('NOLEGGIO, MONTAGGIO E SMONTAGGIO DI PONTEGGI COME DA CAPITOLATO PER LA DURATA DI 3 MESI (EVENTUALE SUPERAMENTO DEI 3 MESI 1,7/MQ)', 1, NULL, 600.00),
	('NOLEGGIO, MONTAGGIO E SMONTAGGIO DI PONTEGGI COME DA CAPITOLATO PER LA DURATA DI 3 MESI (EVENTUALE SUPERAMENTO DEI 3 MESI 1,7/MQ)', 76, NULL, 6900.00),
	('NOLEGGIO, MONTAGGIO E SMONTAGGIO DI PONTEGGI COME DA CAPITOLATO PER LA DURATA DI 3 MESI (EVENTUALE SUPERAMENTO DEI 3 MESI 1,7/MQ)', 193, NULL, 2200.00),
	('MONTAGGIO E SMONTAGGIO DI PONTEGGI COME DA CAPITOLATO FORNITO DAL GENERAL CONTRACT', 56, NULL, 35500.00),
	('NOLEGGIO, MONTAGGIO E SMONTAGGIO DI PONTEGGI COME DA CAPITOLATO PER LA DURATA DI 3 MESI (EVENTUALE SUPERAMENTO DEI 3 MESI 1,7/MQ)', 195, NULL, 4571.00),
	('NOLEGGIO, MONTAGGIO E SMONTAGGIO DI PONTEGGI COME DA CAPITOLATO PER LA DURATA DI 3 MESI (EVENTUALE SUPERAMENTO DEI 3 MESI 1,7/MQ)', 54, NULL, 12834.00),
	('NOLEGGIO, MONTAGGIO E SMONTAGGIO DI PONTEGGI COME DA CAPITOLATO PER LA DURATA DI 3 MESI (EVENTUALE SUPERAMENTO DEI 3 MESI 1,7/MQ)', 107, NULL, 8692.00),
	('MONTAGGIO E SMONTAGGIO DI PONTEGGI COME DA CAPITOLATO FORNITO DAL GENERAL CONTRACT', 125, NULL, 9367.50),
	('NOLEGGIO, MONTAGGIO E SMONTAGGIO DI PONTEGGI COME DA CAPITOLATO PER LA DURATA DI 3 MESI (EVENTUALE SUPERAMENTO DEI 3 MESI 1,7/MQ)', 2, NULL, 6082.50),
	('FORNITURA MATERIALI PER LA MESSA IN OPERA DEL TETTO (GRANDE E PICCOLA ORDITURA, FRENO VAPORE,)', 8, NULL, 14715.60),
	('INSTALLAZIONE CALDAIA IBRIDA FORNITA DAL GENERAL CONTRACT COMPRENSIVA DELLA FORNITURA DI TUTTI GLI ACCESSORI (DEFANGATORE, SCARICO CONDENSE, RACCORDI, VALVOLE,)', 27, NULL, 410.00),
	('INSTALLAZIONE CALDAIA IBRIDA FORNITA DAL GENERAL CONTRACT COMPRENSIVA DELLA FORNITURA DI TUTTI GLI ACCESSORI (DEFANGATORE, SCARICO CONDENSE, RACCORDI, VALVOLE,)', 66, NULL, 280.00),
	('INSTALLAZIONE POMPA DI CALORE FORNITA DAL GENERAL CONTRACT COMPRENSIVA DELLA FORNITURA DI TUTTI GLI ACCESSORI (SCARICO CONDENSE, RACCORDI, VALVOLE,)', 149, NULL, 1200.00),
	('INSTALLAZIONE CALDAIA A CONDENSAZIONE FORNITA DAL GENERAL CONTRACT COMPRENSIVA DELLA FORNITURA DI TUTTI GLI ACCESSORI (DEFANGATORE, SCARICO CONDENSE, RACCORDI, VALVOLE,)', 35, NULL, 11100.00),
	('FORNITURA MATERIALE PER LA REALIZZAZIONE IMPIANTO CANALIZZATO PER RICIRCOLO ARIA ', 71, NULL, 110.41),
	('FORNITURA ZOCCOLATURA IN PIETRA O SIMIL MATERIALE PER ALTEZZA DI 50cm/60cm SULL\'INTERO PERIMETRO DEL FABBRICATO', 27, NULL, 1646.40),
	('FORNITURA ZOCCOLINO O RIVESTIMENTO', 27, NULL, 178.50),
	('SMALTIMENTO MACERIE E ISOLANTE', 2, NULL, 360.00),
	('SMALTIMENTO MACERIE E ISOLANTE', 10, NULL, 300.00),
	('SMALTIMENTO MACERIE E ISOLANTE', 28, NULL, 332.00),
	('SMALTIMENTO MACERIE E ISOLANTE', 67, NULL, 295.00),
	('SMALTIMENTO MACERIE E ISOLANTE', 48, NULL, 6006.40),
	('SMALTIMENTO MACERIE E ISOLANTE', 56, NULL, 801.00),
	('SMALTIMENTO MACERIE E ISOLANTE', 55, NULL, 640.00),
	('SMALTIMENTO MACERIE E ISOLANTE', 8, NULL, 2174.00),
	('SMALTIMENTO MACERIE E ISOLANTE', 57, NULL, 375.00),
	('SMALTIMENTO MACERIE E ISOLANTE', 66, NULL, 1734.00),
	('SMALTIMENTO MACERIE E ISOLANTE', 13, NULL, 300.00),
	('FORNITURA IMPIANTO FOTOVOLTAICO 6kW + ACCUMULO 10kW ', 55, NULL, 857.84),
	('FORNITURA E POSA LINEA VITA TETTO COMPRENSIVA DI PROGETTO', 73, NULL, 828.84),
	('FORNITURA E POSA LINEA VITA TETTO COMPRENSIVA DI PROGETTO', 55, NULL, 1107.65),
	('FORNITURA MATERIALI PER LA MESSA IN OPERA DEL TETTO (GRANDE E PICCOLA ORDITURA, FRENO VAPORE,)', 48, NULL, 51762.58),
	('MONTAGGIO E SMONTAGGIO DI PONTEGGI COME DA CAPITOLATO FORNITO DAL GENERAL CONTRACT', 48, NULL, 619.50),
	('REALIZZAZIONE MASSETTO DI SOTTOFONDO PER POSA PIASTRELLE COMPRENSIVO DEL MATERIALE', 56, NULL, 3104.00),
	('FORNITURA PAVIMENTO ', 56, NULL, 1740.00),
	('FORNITURA PAVIMENTO ', 48, NULL, 11563.20),
	('FORNITURA PAVIMENTO ', 66, NULL, 340.20),
	('FORNITURA PAVIMENTO ', 65, NULL, 567.00),
	('AFFITTO GRU PER I PRIMI DUE MESI COMPRENSIVO DEL MONTAGGIO E SMONTAGGIO', 55, NULL, 1400.00),
	('AFFITTO GRU PER I PRIMI DUE MESI COMPRENSIVO DEL MONTAGGIO E SMONTAGGIO', 80, NULL, 2900.00),
	('APPRONTAMENTO CANTIERE CON WC CHIMICO, EVENTUALE BARACCA E QUADRO DI CANTIERE', 54, NULL, 700.00),
	('APPRONTAMENTO CANTIERE CON WC CHIMICO, EVENTUALE BARACCA E QUADRO DI CANTIERE', 64, NULL, 800.00),
	('APPRONTAMENTO CANTIERE CON WC CHIMICO, EVENTUALE BARACCA E QUADRO DI CANTIERE', 136, NULL, 470.00),
	('REALIZZAZIONE CORDOLATURE IN C.A. COMPRESIVO DEL MATERIALE PER LA MESSA IN OPERA', 48, NULL, 78.50),
	('REALIZZAZIONE CORDOLATURE IN C.A. COMPRESIVO DEL MATERIALE PER LA MESSA IN OPERA', 67, NULL, 44.50),
	('REALIZZAZIONE CORDOLATURE IN C.A. COMPRESIVO DEL MATERIALE PER LA MESSA IN OPERA', 80, NULL, 44.50),
	('REALIZZAZIONE CORDOLATURE IN C.A. COMPRESIVO DEL MATERIALE PER LA MESSA IN OPERA', 55, NULL, 48.50),
	('NOLEGGIO, MONTAGGIO E SMONTAGGIO DI PONTEGGI COME DA CAPITOLATO PER LA DURATA DI 3 MESI (EVENTUALE SUPERAMENTO DEI 3 MESI 1,7/MQ)', 27, NULL, 1200.00),
	('NOLEGGIO, MONTAGGIO E SMONTAGGIO DI PONTEGGI COME DA CAPITOLATO PER LA DURATA DI 3 MESI (EVENTUALE SUPERAMENTO DEI 3 MESI 1,7/MQ)', 62, NULL, 3260.00),
	('NOLEGGIO, MONTAGGIO E SMONTAGGIO DI PONTEGGI COME DA CAPITOLATO PER LA DURATA DI 3 MESI (EVENTUALE SUPERAMENTO DEI 3 MESI 1,7/MQ)', 80, NULL, 1200.00),
	('APPRONTAMENTO CANTIERE CON WC CHIMICO, EVENTUALE BARACCA E QUADRO DI CANTIERE', 8, NULL, 117.00),
	('APPRONTAMENTO CANTIERE CON WC CHIMICO, EVENTUALE BARACCA E QUADRO DI CANTIERE', 27, NULL, 40.00),
	('APPRONTAMENTO CANTIERE CON WC CHIMICO, EVENTUALE BARACCA E QUADRO DI CANTIERE', 13, NULL, 80.00),
	('APPRONTAMENTO CANTIERE CON WC CHIMICO, EVENTUALE BARACCA E QUADRO DI CANTIERE', 10, NULL, 115.00),
	('APPRONTAMENTO CANTIERE CON WC CHIMICO, EVENTUALE BARACCA E QUADRO DI CANTIERE', 48, NULL, 250.00),
	('APPRONTAMENTO CANTIERE CON WC CHIMICO, EVENTUALE BARACCA E QUADRO DI CANTIERE', 65, NULL, 260.00),
	('POSA TETTO IN LEGNO CON GRANDE, PICCOLA ORDINTURA E TEGOLE IL TUTTO FORNITO DAL GENERAL CONTRACT COMPRENSIVO DELLE OPERE MURARIE ACCESSORIE ', 27, NULL, 3040.00),
	('INSTALLAZIONE CALDAIA A CONDENSAZIONE FORNITA DAL GENERAL CONTRACT COMPRENSIVA DELLA FORNITURA DI TUTTI GLI ACCESSORI (DEFANGATORE, SCARICO CONDENSE, RACCORDI, VALVOLE,)', 165, NULL, 828.41),
	('NOLEGGIO, MONTAGGIO E SMONTAGGIO DI PONTEGGI COME DA CAPITOLATO PER LA DURATA DI 3 MESI (EVENTUALE SUPERAMENTO DEI 3 MESI 1,7/MQ)', 146, NULL, 7900.00),
	('FORNITURA MATERIALI PER LA MESSA IN OPERA DEL TETTO (GRANDE E PICCOLA ORDITURA, FRENO VAPORE,)', 146, NULL, 9195.92),
	('SMALTIMENTO MACERIE E ISOLANTE', 146, NULL, 50.00),
	('FORNITURA DAVANZALI ESTERNI TIPO SERIZZO SPAZZOLATO PER FINESTRA O PORTA-FINESTRA', 148, NULL, 1050.00),
	('NOLEGGIO, MONTAGGIO E SMONTAGGIO DI PONTEGGI COME DA CAPITOLATO PER LA DURATA DI 3 MESI (EVENTUALE SUPERAMENTO DEI 3 MESI 1,7/MQ)', 155, NULL, 12463.70),
	('APPRONTAMENTO CANTIERE CON WC CHIMICO, EVENTUALE BARACCA E QUADRO DI CANTIERE', 155, NULL, 117.00),
	('REALIZZAZIONE CORDOLATURE IN C.A. COMPRESIVO DEL MATERIALE PER LA MESSA IN OPERA', 168, NULL, 44.50),
	('APPRONTAMENTO CANTIERE CON WC CHIMICO, EVENTUALE BARACCA E QUADRO DI CANTIERE', 168, NULL, 250.00),
	('FORNITURA E POSA LINEA VITA TETTO COMPRENSIVA DI PROGETTO', 169, NULL, 1408.32),
	('FORNITURA IMPIANTO FOTOVOLTAICO 6kW + ACCUMULO 10kW ', 173, NULL, 621.74),
	('APPRONTAMENTO CANTIERE CON WC CHIMICO, EVENTUALE BARACCA E QUADRO DI CANTIERE', 176, NULL, 125.00),
	('FORNITURA E POSA LINEA VITA TETTO COMPRENSIVA DI PROGETTO', 184, NULL, 1970.85),
	('FORNITURA E POSA LINEA VITA TETTO COMPRENSIVA DI PROGETTO', 187, NULL, 828.84),
	('NOLEGGIO, MONTAGGIO E SMONTAGGIO DI PONTEGGI COME DA CAPITOLATO PER LA DURATA DI 3 MESI (EVENTUALE SUPERAMENTO DEI 3 MESI 1,7/MQ)', 1013, NULL, 32000.00),
	('APPRONTAMENTO CANTIERE CON WC CHIMICO, EVENTUALE BARACCA E QUADRO DI CANTIERE', 1013, NULL, 800.00),
	('AFFITTO GRU PER I PRIMI DUE MESI COMPRENSIVO DEL MONTAGGIO E SMONTAGGIO', 48, NULL, 1400.00),
	('POSA IMPIANTO FOTOVOLTAICO 6kW + ACCUMULO 9,9kW + COLONNINA ELETTRICA COMPRENSIVO DI FORNITURA ACCESSORISTICA (CAVI, PASSAGGIO CORRUGATI,...) CON MATERIALI PRINCIPALI FORNITI DALLA HELITEC ', 110, NULL, 1000.00),
	('POSA IMPIANTO FOTOVOLTAICO 6kW + ACCUMULO 9,9kW + COLONNINA ELETTRICA COMPRENSIVO DI FORNITURA ACCESSORISTICA (CAVI, PASSAGGIO CORRUGATI,...) CON MATERIALI PRINCIPALI FORNITI DALLA HELITEC ', 1, NULL, 1600.00),
	('POSA IMPIANTO FOTOVOLTAICO 6kW + ACCUMULO 9,9kW + COLONNINA ELETTRICA COMPRENSIVO DI FORNITURA ACCESSORISTICA (CAVI, PASSAGGIO CORRUGATI,...) CON MATERIALI PRINCIPALI FORNITI DALLA HELITEC ', 162, NULL, 1600.00),
	('SMALTIMENTO MACERIE E ISOLANTE', 1013, NULL, 200.00),
	('SMALTIMENTO MACERIE E ISOLANTE', 168, NULL, 408.00),
	('SMALTIMENTO MACERIE E ISOLANTE', 151, NULL, 360.00),
	('POSA IMPIANTO FOTOVOLTAICO 6kW + ACCUMULO 9,9kW + COLONNINA ELETTRICA COMPRENSIVO DI FORNITURA ACCESSORISTICA (CAVI, PASSAGGIO CORRUGATI,...) CON MATERIALI PRINCIPALI FORNITI DALLA HELITEC ', 24, NULL, 1200.00),
	('NOLEGGIO, MONTAGGIO E SMONTAGGIO DI PONTEGGI COME DA CAPITOLATO PER LA DURATA DI 3 MESI (EVENTUALE SUPERAMENTO DEI 3 MESI 1,7/MQ)', 55, NULL, 2696.00),
	('NOLEGGIO, MONTAGGIO E SMONTAGGIO DI PONTEGGI COME DA CAPITOLATO PER LA DURATA DI 3 MESI (EVENTUALE SUPERAMENTO DEI 3 MESI 1,7/MQ)', 130, NULL, 3000.00),
	('FORNITURA E POSA LINEA VITA TETTO COMPRENSIVA DI PROGETTO', 106, NULL, 1141.86),
	('FORNITURA E POSA LINEA VITA TETTO COMPRENSIVA DI PROGETTO', 27, NULL, 2485.35),
	('FORNITURA E POSA LINEA VITA TETTO COMPRENSIVA DI PROGETTO', 96, NULL, 1701.21),
	('FORNITURA E POSA LINEA VITA TETTO COMPRENSIVA DI PROGETTO', 168, NULL, 1512.27),
	('FORNITURA E POSA LINEA VITA TETTO COMPRENSIVA DI PROGETTO', 10, NULL, 2426.41),
	('FORNITURA E POSA LINEA VITA TETTO COMPRENSIVA DI PROGETTO', 162, NULL, 1178.83),
	('FORNITURA E POSA LINEA VITA TETTO COMPRENSIVA DI PROGETTO', 137, NULL, 1897.55),
	('FORNITURA E POSA LINEA VITA TETTO COMPRENSIVA DI PROGETTO', 67, NULL, 1287.14),
	('FORNITURA E POSA LINEA VITA TETTO COMPRENSIVA DI PROGETTO', 158, NULL, 2118.87),
	('FORNITURA MATERIALI PER LA MESSA IN OPERA DEL TETTO (GRANDE E PICCOLA ORDITURA, FRENO VAPORE,)', 80, NULL, 7675.00),
	('POSA RISCALDAMENTO A PAVIMENTO SU BUGNATO DA 1-3cm CON MATERIALI FORNITI DALLA HELITEC COMPRENSIVA DELLE OPERE ACCESSORIE', 28, NULL, 2640.00),
	('LAVORAZIONE COMPLETA - ISOLAMENTO PARETI ESTERNE O VS AMBIENTI NON RISCALDATI TRAMITE CAPPOTTO SPESSORE 12CM 0,031 W/mK COMPRENSIVO DI TUTTE LE OPERE ACCESSORIE (PARASPIGOLI, RISVOLTO BATTUTA SERRAMENTO, RISEGHE E COPERTURA IN LAMIERA FORATA VERNICIATA DELLE TUBAZIONI DEL GAS, LAVORAZIONE DAVANZALI E SPOSTAMENTI GRONDE E DISCESE,...)', 158, NULL, 3000.00),
	('PREDISPOSIZIONE ANTIFURTO ', 71, NULL, 350.00),
	('REALIZZAZIONE MASSETTO DI SOTTOFONDO PER POSA PIASTRELLE COMPRENSIVO DEL MATERIALE', 48, NULL, 0.00),
	('AFFITTO GRU PER I PRIMI DUE MESI COMPRENSIVO DEL MONTAGGIO E SMONTAGGIO', 66, NULL, 700.00),
	('AFFITTO GRU PER I PRIMI DUE MESI COMPRENSIVO DEL MONTAGGIO E SMONTAGGIO', 8, NULL, 2000.00),
	('APPRONTAMENTO CANTIERE CON WC CHIMICO, EVENTUALE BARACCA E QUADRO DI CANTIERE', 80, NULL, 725.00),
	('FORNITURA E POSA FALDALERIA GENERALE TIPO PLUVIALI, GRONDE, CONVERSE (COMPRESI DI ACCESSORI TIPO CICOGNE, COLLARI, TERMINALI,) IN LAMIERA PREVERNICIATA TESTA DI MORO NECESSARIA ALLO SCARICO DELLE ACQUE PIOVANE PER LA BUONA RIUSCITA DELL\'OPERA', 67, NULL, 6024.00),
	('NOLEGGIO, MONTAGGIO E SMONTAGGIO DI PONTEGGI COME DA CAPITOLATO PER LA DURATA DI 3 MESI (EVENTUALE SUPERAMENTO DEI 3 MESI 1,7/MQ)', 136, NULL, 2467.50),
	('SMONTAGGIO E RIMONTAGGIO OGGETTI IN FACCIATA PER LA BUONA RIUSCITA DEI LAVORI (scatole di derivazione, condizionatori, tende da sole, verande, tettoie,)', 48, NULL, 550.00),
	('APPRONTAMENTO CANTIERE CON WC CHIMICO, EVENTUALE BARACCA E QUADRO DI CANTIERE', 125, NULL, 260.00),
	('APPRONTAMENTO CANTIERE CON WC CHIMICO, EVENTUALE BARACCA E QUADRO DI CANTIERE', 55, NULL, 117.00),
	('APPRONTAMENTO CANTIERE CON WC CHIMICO, EVENTUALE BARACCA E QUADRO DI CANTIERE', 66, NULL, 130.00),
	('APPRONTAMENTO CANTIERE CON WC CHIMICO, EVENTUALE BARACCA E QUADRO DI CANTIERE', 62, NULL, 130.00),
	('APPRONTAMENTO CANTIERE CON WC CHIMICO, EVENTUALE BARACCA E QUADRO DI CANTIERE', 106, NULL, 130.00),
	('APPRONTAMENTO CANTIERE CON WC CHIMICO, EVENTUALE BARACCA E QUADRO DI CANTIERE', 154, NULL, 130.00),
	('APPRONTAMENTO CANTIERE CON WC CHIMICO, EVENTUALE BARACCA E QUADRO DI CANTIERE', 56, NULL, 117.00),
	('APPRONTAMENTO CANTIERE CON WC CHIMICO, EVENTUALE BARACCA E QUADRO DI CANTIERE', 79, NULL, 117.00),
	('APPRONTAMENTO CANTIERE CON WC CHIMICO, EVENTUALE BARACCA E QUADRO DI CANTIERE', 1, NULL, 65.00),
	('FORNITURA E POSA FALDALERIA GENERALE TIPO PLUVIALI, GRONDE, CONVERSE (COMPRESI DI ACCESSORI TIPO CICOGNE, COLLARI, TERMINALI,) IN LAMIERA PREVERNICIATA TESTA DI MORO NECESSARIA ALLO SCARICO DELLE ACQUE PIOVANE PER LA BUONA RIUSCITA DELL\'OPERA', 133, NULL, 2660.00),
	('FORNITURA E POSA FALDALERIA GENERALE TIPO PLUVIALI, GRONDE, CONVERSE (COMPRESI DI ACCESSORI TIPO CICOGNE, COLLARI, TERMINALI,) IN LAMIERA PREVERNICIATA TESTA DI MORO NECESSARIA ALLO SCARICO DELLE ACQUE PIOVANE PER LA BUONA RIUSCITA DELL\'OPERA', 27, NULL, 4900.00),
	('ISOLAMENTO PARETI ESTERNE O VS AMBIENTI NON RISCALDATI TRAMITE INSUFFLAGGIO COMPRENSIVO DI TUTTE LE OPERE ACCESSORIE (REALIZZAZIONE E CHIUSURA FORI, TINTA INTERNA,...) spessore intercapedine  13/15cm ', 169, NULL, 1495.00),
	('ISOLAMENTO PARETI ESTERNE O VS AMBIENTI NON RISCALDATI TRAMITE INSUFFLAGGIO COMPRENSIVO DI TUTTE LE OPERE ACCESSORIE (REALIZZAZIONE E CHIUSURA FORI, TINTA INTERNA,...) spessore intercapedine  13/15cm ', 184, NULL, 2145.00),
	('ISOLAMENTO PARETI ESTERNE O VS AMBIENTI NON RISCALDATI TRAMITE INSUFFLAGGIO COMPRENSIVO DI TUTTE LE OPERE ACCESSORIE (REALIZZAZIONE E CHIUSURA FORI, TINTA INTERNA,...) spessore intercapedine  13/15cm ', 157, NULL, 1950.00),
	('ISOLAMENTO PARETI ESTERNE O VS AMBIENTI NON RISCALDATI TRAMITE INSUFFLAGGIO COMPRENSIVO DI TUTTE LE OPERE ACCESSORIE (REALIZZAZIONE E CHIUSURA FORI, TINTA INTERNA,...) spessore intercapedine  13/15cm ', 117, NULL, 2300.00),
	('ISOLAMENTO PARETI ESTERNE O VS AMBIENTI NON RISCALDATI TRAMITE INSUFFLAGGIO COMPRENSIVO DI TUTTE LE OPERE ACCESSORIE (REALIZZAZIONE E CHIUSURA FORI, TINTA INTERNA,...) spessore intercapedine  13/15cm ', 172, NULL, 1225.00),
	('AFFITTO GRU PER I PRIMI DUE MESI COMPRENSIVO DEL MONTAGGIO E SMONTAGGIO', 18, NULL, 350.00),
	('AFFITTO GRU PER I PRIMI DUE MESI COMPRENSIVO DEL MONTAGGIO E SMONTAGGIO', 64, NULL, 350.00),
	('NOLEGGIO, MONTAGGIO E SMONTAGGIO DI PONTEGGI COME DA CAPITOLATO PER LA DURATA DI 3 MESI (EVENTUALE SUPERAMENTO DEI 3 MESI 1,7/MQ)', 145, NULL, 4200.00),
	('FORNITURA SOLARE TERMICO COMPLETO DI BOLLITORE DA 300L + 2 PANNELLI DA 2.5mq', 69, NULL, 688.13),
	('FORNITURA DAVANZALI ESTERNI TIPO SERIZZO SPAZZOLATO PER FINESTRA O PORTA-FINESTRA', 136, NULL, 772.35),
	('FORNITURA E POSA FALDALERIA GENERALE TIPO PLUVIALI, GRONDE, CONVERSE (COMPRESI DI ACCESSORI TIPO CICOGNE, COLLARI, TERMINALI,) IN LAMIERA PREVERNICIATA TESTA DI MORO NECESSARIA ALLO SCARICO DELLE ACQUE PIOVANE PER LA BUONA RIUSCITA DELL\'OPERA', 154, NULL, 1512.00),
	('FORNITURA E POSA FALDALERIA GENERALE TIPO PLUVIALI, GRONDE, CONVERSE (COMPRESI DI ACCESSORI TIPO CICOGNE, COLLARI, TERMINALI,) IN LAMIERA PREVERNICIATA TESTA DI MORO NECESSARIA ALLO SCARICO DELLE ACQUE PIOVANE PER LA BUONA RIUSCITA DELL\'OPERA', 2, NULL, 5291.00),
	('FORNITURA MATERIALI PER LA MESSA IN OPERA DEL TETTO (GRANDE E PICCOLA ORDITURA, FRENO VAPORE,)', 189, NULL, 5000.00),
	('FORNITURA MATERIALI PER LA MESSA IN OPERA DEL TETTO (GRANDE E PICCOLA ORDITURA, FRENO VAPORE,)', 76, NULL, 7000.00),
	('FORNITURA MATERIALI PER LA MESSA IN OPERA DEL TETTO (GRANDE E PICCOLA ORDITURA, FRENO VAPORE,)', 125, NULL, 1737.00),
	('AGGIUNTA FORNITURA PERLINE', 130, NULL, 2903.05),
	('AGGIUNTA FORNITURA PERLINE', 146, NULL, 840.00),
	('FORNITURA MATERIALI PER LA MESSA IN OPERA DEL TETTO (GRANDE E PICCOLA ORDITURA, FRENO VAPORE,)', 107, NULL, 5000.00),
	('AGGIUNTA FORNITURA PERLINE', 107, NULL, 2707.20),
	('AGGIUNTA FORNITURA PERLINE', 136, NULL, 2946.24),
	('FORNITURA MATERIALI PER LA MESSA IN OPERA DEL TETTO (GRANDE E PICCOLA ORDITURA, FRENO VAPORE,)', 136, NULL, 3409.75),
	('AGGIUNTA FORNITURA PERLINE', 8, NULL, 4338.00),
	('AGGIUNTA FORNITURA PERLINE', 103, NULL, 1657.80),
	('FORNITURA MATERIALI PER LA MESSA IN OPERA DEL TETTO (GRANDE E PICCOLA ORDITURA, FRENO VAPORE,)', 103, NULL, 2298.57),
	('FORNITURA MATERIALI PER LA MESSA IN OPERA DEL TETTO (GRANDE E PICCOLA ORDITURA, FRENO VAPORE,)', 176, NULL, 6120.04),
	('AGGIUNTA FORNITURA PERLINE', 176, NULL, 1582.56),
	('FORNITURA MATERIALI PER LA MESSA IN OPERA DEL TETTO (GRANDE E PICCOLA ORDITURA, FRENO VAPORE,)', 55, NULL, 7914.98),
	('AGGIUNTA FORNITURA PERLINE', 55, NULL, 897.60),
	('NOLEGGIO, MONTAGGIO E SMONTAGGIO DI PONTEGGI COME DA CAPITOLATO PER LA DURATA DI 3 MESI (EVENTUALE SUPERAMENTO DEI 3 MESI 1,7/MQ)', 189, NULL, 6170.50),
	('NOLEGGIO, MONTAGGIO E SMONTAGGIO DI PONTEGGI COME DA CAPITOLATO PER LA DURATA DI 3 MESI (EVENTUALE SUPERAMENTO DEI 3 MESI 1,7/MQ)', 78, NULL, 13443.00),
	('POSA IMPIANTO FOTOVOLTAICO 6kW + ACCUMULO 9,9kW + COLONNINA ELETTRICA COMPRENSIVO DI FORNITURA ACCESSORISTICA (CAVI, PASSAGGIO CORRUGATI,...) CON MATERIALI PRINCIPALI FORNITI DALLA HELITEC ', 137, NULL, 1600.00),
	('POSA IMPIANTO FOTOVOLTAICO 6kW + ACCUMULO 9,9kW + COLONNINA ELETTRICA COMPRENSIVO DI FORNITURA ACCESSORISTICA (CAVI, PASSAGGIO CORRUGATI,...) CON MATERIALI PRINCIPALI FORNITI DALLA HELITEC ', 39, NULL, 800.00),
	('POSA IMPIANTO FOTOVOLTAICO 6kW + ACCUMULO 9,9kW + COLONNINA ELETTRICA COMPRENSIVO DI FORNITURA ACCESSORISTICA (CAVI, PASSAGGIO CORRUGATI,...) CON MATERIALI PRINCIPALI FORNITI DALLA HELITEC ', 173, NULL, 800.00),
	('POSA IMPIANTO FOTOVOLTAICO 6kW + ACCUMULO 9,9kW + COLONNINA ELETTRICA COMPRENSIVO DI FORNITURA ACCESSORISTICA (CAVI, PASSAGGIO CORRUGATI,...) CON MATERIALI PRINCIPALI FORNITI DALLA HELITEC ', 95, NULL, 800.00),
	('POSA IMPIANTO FOTOVOLTAICO 6kW + ACCUMULO 9,9kW + COLONNINA ELETTRICA COMPRENSIVO DI FORNITURA ACCESSORISTICA (CAVI, PASSAGGIO CORRUGATI,...) CON MATERIALI PRINCIPALI FORNITI DALLA HELITEC ', 153, NULL, 1600.00),
	('POSA IMPIANTO FOTOVOLTAICO 6kW + ACCUMULO 9,9kW + COLONNINA ELETTRICA COMPRENSIVO DI FORNITURA ACCESSORISTICA (CAVI, PASSAGGIO CORRUGATI,...) CON MATERIALI PRINCIPALI FORNITI DALLA HELITEC ', 80, NULL, 1600.00),
	('SMALTIMENTO MACERIE E ISOLANTE', 153, NULL, 209.00),
	('SMALTIMENTO MACERIE E ISOLANTE', 86, NULL, 205.00),
	('SMALTIMENTO MACERIE E ISOLANTE', 155, NULL, 870.00),
	('SMALTIMENTO MACERIE E ISOLANTE', 125, NULL, 66.00),
	('SMALTIMENTO MACERIE E ISOLANTE', 78, NULL, 1197.00),
	('SMALTIMENTO MACERIE E ISOLANTE', 177, NULL, 740.00),
	('FORNITURA IMPIANTO FOTOVOLTAICO 6kW + ACCUMULO 10kW ', 27, NULL, 5000.00),
	('AFFITTO GRU PER I PRIMI DUE MESI COMPRENSIVO DEL MONTAGGIO E SMONTAGGIO', 79, NULL, 5550.00),
	('SMONTAGGIO E RIMONTAGGIO OGGETTI IN FACCIATA PER LA BUONA RIUSCITA DEI LAVORI (scatole di derivazione, condizionatori, tende da sole, verande, tettoie,)', 10, NULL, 2200.00),
	('NOLEGGIO, MONTAGGIO E SMONTAGGIO DI PONTEGGI COME DA CAPITOLATO PER LA DURATA DI 3 MESI (EVENTUALE SUPERAMENTO DEI 3 MESI 1,7/MQ)', 8, NULL, 15804.00),
	('NOLEGGIO, MONTAGGIO E SMONTAGGIO DI PONTEGGI COME DA CAPITOLATO PER LA DURATA DI 3 MESI (EVENTUALE SUPERAMENTO DEI 3 MESI 1,7/MQ)', 103, NULL, 3000.00),
	('NOLEGGIO, MONTAGGIO E SMONTAGGIO DI PONTEGGI COME DA CAPITOLATO PER LA DURATA DI 3 MESI (EVENTUALE SUPERAMENTO DEI 3 MESI 1,7/MQ)', 177, NULL, 7080.00),
	('NOLEGGIO, MONTAGGIO E SMONTAGGIO DI PONTEGGI COME DA CAPITOLATO PER LA DURATA DI 3 MESI (EVENTUALE SUPERAMENTO DEI 3 MESI 1,7/MQ)', 180, NULL, 8900.00),
	('FORNITURA DAVANZALI ESTERNI TIPO SERIZZO SPAZZOLATO PER FINESTRA O PORTA-FINESTRA', 56, NULL, 1977.30),
	('FORNITURA E POSA LINEA VITA TETTO COMPRENSIVA DI PROGETTO', 133, NULL, 939.28),
	('FORNITURA E POSA LINEA VITA TETTO COMPRENSIVA DI PROGETTO', 154, NULL, 2219.72),
	('FORNITURA E POSA LINEA VITA TETTO COMPRENSIVA DI PROGETTO', 173, NULL, 1400.81),
	('FORNITURA E POSA LINEA VITA TETTO COMPRENSIVA DI PROGETTO', 134, NULL, 1468.74),
	('FORNITURA E POSA LINEA VITA TETTO COMPRENSIVA DI PROGETTO', 190, NULL, 716.68),
	('FORNITURA E POSA LINEA VITA TETTO COMPRENSIVA DI PROGETTO', 48, NULL, 3190.84),
	('FORNITURA E POSA LINEA VITA TETTO COMPRENSIVA DI PROGETTO', 157, NULL, 1578.45),
	('FORNITURA E POSA LINEA VITA TETTO COMPRENSIVA DI PROGETTO', 80, NULL, 1094.38),
	('FORNITURA E POSA LINEA VITA TETTO COMPRENSIVA DI PROGETTO', 176, NULL, 716.68),
	('FORNITURA E POSA LINEA VITA TETTO COMPRENSIVA DI PROGETTO', 23, NULL, 2904.31),
	('FORNITURA E POSA LINEA VITA TETTO COMPRENSIVA DI PROGETTO', 125, NULL, 2169.80),
	('FORNITURA E POSA LINEA VITA TETTO COMPRENSIVA DI PROGETTO', 146, NULL, 1899.73),
	('FORNITURA E POSA LINEA VITA TETTO COMPRENSIVA DI PROGETTO', 199, NULL, 1377.78),
	('FORNITURA E POSA LINEA VITA TETTO COMPRENSIVA DI PROGETTO', 8, NULL, 1413.63),
	('FORNITURA E POSA LINEA VITA TETTO COMPRENSIVA DI PROGETTO', 58, NULL, 1970.81),
	('FORNITURA E POSA LINEA VITA TETTO COMPRENSIVA DI PROGETTO', 107, NULL, 1567.66),
	('INSTALLAZIONE CALDAIA IBRIDA FORNITA DAL GENERAL CONTRACT COMPRENSIVA DELLA FORNITURA DI TUTTI GLI ACCESSORI (DEFANGATORE, SCARICO CONDENSE, RACCORDI, VALVOLE,)', 162, NULL, 5000.00),
	('INSTALLAZIONE CALDAIA A CONDENSAZIONE FORNITA DAL GENERAL CONTRACT COMPRENSIVA DELLA FORNITURA DI TUTTI GLI ACCESSORI (DEFANGATORE, SCARICO CONDENSE, RACCORDI, VALVOLE,)', 181, NULL, 800.00),
	('DEMOLIZIONE E SMALTIMENTO TETTO IN LEGNO ESISTENTE', 107, NULL, 8440.00),
	('DEMOLIZIONE E SMALTIMENTO TETTO IN LEGNO ESISTENTE', 146, NULL, 4210.00),
	('POSA TETTO IN LEGNO CON GRANDE, PICCOLA ORDINTURA E TEGOLE IL TUTTO FORNITO DAL GENERAL CONTRACT COMPRENSIVO DELLE OPERE MURARIE ACCESSORIE ', 107, NULL, 17496.52),
	('POSA TETTO IN LEGNO CON GRANDE, PICCOLA ORDINTURA E TEGOLE IL TUTTO FORNITO DAL GENERAL CONTRACT COMPRENSIVO DELLE OPERE MURARIE ACCESSORIE ', 146, NULL, 17030.00),
	('POSA IMPIANTO FOTOVOLTAICO 6kW + ACCUMULO 9,9kW + COLONNINA ELETTRICA COMPRENSIVO DI FORNITURA ACCESSORISTICA (CAVI, PASSAGGIO CORRUGATI,...) CON MATERIALI PRINCIPALI FORNITI DALLA HELITEC ', 10, NULL, 3200.00),
	('POSA IMPIANTO FOTOVOLTAICO 6kW + ACCUMULO 9,9kW + COLONNINA ELETTRICA COMPRENSIVO DI FORNITURA ACCESSORISTICA (CAVI, PASSAGGIO CORRUGATI,...) CON MATERIALI PRINCIPALI FORNITI DALLA HELITEC ', 195, NULL, 1600.00),
	('POSA IMPIANTO FOTOVOLTAICO 6kW + ACCUMULO 9,9kW + COLONNINA ELETTRICA COMPRENSIVO DI FORNITURA ACCESSORISTICA (CAVI, PASSAGGIO CORRUGATI,...) CON MATERIALI PRINCIPALI FORNITI DALLA HELITEC ', 2, NULL, 1600.00),
	('POSA IMPIANTO FOTOVOLTAICO 6kW + ACCUMULO 9,9kW + COLONNINA ELETTRICA COMPRENSIVO DI FORNITURA ACCESSORISTICA (CAVI, PASSAGGIO CORRUGATI,...) CON MATERIALI PRINCIPALI FORNITI DALLA HELITEC ', 3, NULL, 1600.00),
	('FORNITURA MATERIALI PER LA MESSA IN OPERA DEL TETTO (GRANDE E PICCOLA ORDITURA, FRENO VAPORE,)', 186, NULL, 1500.00);

-- Dump della struttura di tabella contabilita_cantieri.voce_capitolato
CREATE TABLE IF NOT EXISTS `voce_capitolato` (
  `voce_capitolato` varchar(400) NOT NULL,
  PRIMARY KEY (`voce_capitolato`)
) ENGINE=InnoDB DEFAULT CHARSET=latin1 COLLATE=latin1_swedish_ci;

-- Dump dei dati della tabella contabilita_cantieri.voce_capitolato: ~180 rows (circa)
INSERT INTO `voce_capitolato` (`voce_capitolato`) VALUES
	('AFFITTO GRU PER I PRIMI DUE MESI COMPRENSIVO DEL MONTAGGIO E SMONTAGGIO'),
	('AGGIUNTA FORNITURA ISOLANTE'),
	('AGGIUNTA FORNITURA PERLINE'),
	('AGGIUNTA FORNITURA TEGOLE'),
	('AGGIUNTA PER DEUMIDIFICATORE RELATIVO ALL\'IMPIANTO CANALIZZATO'),
	('AGGIUNTA POSA ISOLANTE'),
	('AGGIUNTA POSA PERLINE'),
	('APPRONTAMENTO CANTIERE CON WC CHIMICO, EVENTUALE BARACCA E QUADRO DI CANTIERE'),
	('APPRONTAMENTO CANTIERE GENERALE'),
	('ASSISTENZA MURARIA ALLA REALIZZAZIONE DELL\'IMPIANTO CANALIZZATO (APERTURA FORI PER ALLOGGIAMENTO BOCCHETTE IMPIANTO CANALIZZATO SU MURATURE INTERNI ED ESTERNE OLTRE INSTALLAZIONE TELAI BOCCHETTE DI RIPRESA ARIA)'),
	('ASSISTENZE MURARIE GENERALI COMPRESE QUELLE AGLI IMPIANTISTI (anche per eventuali sostituzione delle canne fumarie, del Velux condominiale, per ripristini murari interni, per la sostituzione dei cassonetti, dei termosifoni o altro)'),
	('CARTEGGIATURA, PREPARAZIONE FONDO, ANTIRUGGINE E VERNICIATURA RINGHIERE BALCONI '),
	('CHIUSURA SOTTOFINESTRE CON MATTONI A SEI FORI OLTRE INTONACO E RASATURA DEGLI STESSI'),
	('COLLEGAMENTO COMPLETO DELL\'IMPIANTO TERMICO-SANITARIO ALLA CALDAIA COMPLETO DI TUTTI GLI ACCESSORI/COLLETTORI/ETC. NECESSARI AL FUNZIONAMENTO DEGLI IMPIANTI '),
	('COPERTURA IN CEMENTO DI IMPIANTI ELETTRICI ED IDRAULICI   '),
	('DEMOLIZIONE E SMALTIMENTO PAVIMENTI INTERNI'),
	('DEMOLIZIONE E SMALTIMENTO PAVIMENTI, REALIZZAZIONE DI UNA MANO DI GUAINA CATRAMATA, REALIZZAZIONE SOTTOFONDI, REALIZZAZIONE IMPERMEABILIZZAZIONE TIPO MAPELASTIC E POSA PIASTRELLE COMPRENSIVO DI TUTTI I MATERIALI PER LA MESSA IN OPERA (COLLANTE, STUCCO, CROCETTE, PIASTRELLE MAX 20/MQ,...)'),
	('DEMOLIZIONE E SMALTIMENTO RIVESTIMENTI'),
	('DEMOLIZIONE E SMALTIMENTO RIVESTIMENTI IN PIASTRELLE/PIETRE ESISTENTE E PREPARAZIONE FONDO PER POSA CAPPOTTO'),
	('DEMOLIZIONE E SMALTIMENTO SOLETTA IN C.A.'),
	('DEMOLIZIONE E SMALTIMENTO TETTO IN LEGNO ESISTENTE'),
	('DEMOLIZIONE TOTALE EDIFICIO CON SMALTIMENTO MACERIE PARTICOLARI'),
	('DEMOLIZIONE TOTALE EDIFICIO CON SMALTIMENTO MACERIE SEMPLICI'),
	('DEMOLIZIONI E SMALTIMENTO MURATURE ESTERNE '),
	('DEMOLIZIONI E SMALTIMENTO TRAMEZZI INTERNI'),
	('EVENTUALE REALIZZAZIONE GUAINA CATRAMATA A DOPPIO STRATO DA 4mm SU CORNICIONE'),
	('FORNITURA BOX DOCCIA IN CRISTALLO'),
	('FORNITURA CALDAIA A CONDENSAZIONE '),
	('FORNITURA CALDAIA IBRIDA '),
	('FORNITURA CICLO COMPLETO PER CAPPOTTO (COLLA, RETE, TASSELLI, PARASPIGOLI, INTONACHINO,)'),
	('FORNITURA COLONNA DOCCIA/DOCCINO'),
	('FORNITURA COPERTINE RIBASSATE BALCONI DA 15cm IN SERIZZO SPAZZOLATO/GRANITO ARTIC O SIMILE DA 1-3cm CON GOCCIOLATOIO 1X1cm AD 1 cm CON RIBASSO DA 3cm'),
	('FORNITURA DAVANZALI ESTERNI TIPO LUSERNA SPAZZOLATO PER FINESTRA O PORTA-FINESTRA'),
	('FORNITURA DAVANZALI ESTERNI TIPO SERIZZO SPAZZOLATO PER FINESTRA O PORTA-FINESTRA'),
	('FORNITURA DAVANZALI INTERNI TIPO LUSERNA SPAZZOLATO PER FINESTRA O PORTA-FINESTRA'),
	('FORNITURA DAVANZALI INTERNI TIPO SERIZZO SPAZZOLATO PER FINESTRA O PORTA-FINESTRA'),
	('FORNITURA E POSA CASSETTE GEBERIT DA INCASSO A DUE PULSANTI '),
	('FORNITURA E POSA CITOFONO'),
	('FORNITURA E POSA COPERTINE RIBASSATE BALCONI DA 15cm IN SERIZZO SPAZZOLATO/GRANITO ARTIC O SIMILE DA 1-3cm CON GOCCIOLATOIO 1X1cm AD 1 cm CON RIBASSO DA 3cm'),
	('FORNITURA E POSA COPPIA COMBIFIX'),
	('FORNITURA E POSA FALDALERIA GENERALE TIPO PLUVIALI, GRONDE, CONVERSE (COMPRESI DI ACCESSORI TIPO CICOGNE, COLLARI, TERMINALI,) IN LAMIERA PREVERNICIATA TESTA DI MORO NECESSARIA ALLO SCARICO DELLE ACQUE PIOVANE PER LA BUONA RIUSCITA DELL\'OPERA'),
	('FORNITURA E POSA LINEA VITA TETTO COMPRENSIVA DI PROGETTO'),
	('FORNITURA E POSA MASCHERINE PER PORTE INTERNE'),
	('FORNITURA E POSA TELAI TIPO SCRIGNO '),
	('FORNITURA E POSA TERMOARREDI STANDARD 50X120'),
	('FORNITURA E POSA TERMOARREDI STANDARD 50X120 ELETTRICO AD OLIO'),
	('FORNITURA E POSA VIDEOCITOFONO TIPO TICINO'),
	('FORNITURA IMPIANTO FOTOVOLTAICO 4,4kW + ACCUMULO 5kW '),
	('FORNITURA IMPIANTO FOTOVOLTAICO 6kW + ACCUMULO 10kW '),
	('FORNITURA ISOLANTE EPS DA 10CM PER CAPPOTTO 0,031 W/Mk'),
	('FORNITURA ISOLANTE EPS DA 12CM PER CAPPOTTO 0,031 W/Mk CON CICLO COMPLETO'),
	('FORNITURA ISOLANTE EPS DA 14CM PER CAPPOTTO 0,031 W/Mk'),
	('FORNITURA ISOLANTE EPS POLISTIRENE DA 14CM 0,031 W/Mk E PANNELLI IN OSB PER ULTIMA SOLETTA SOTTOTETTO '),
	('FORNITURA ISOLANTE XPS POLIURETANO DA 10CM 0,022 W/Mk PER COPERTURE O SOTTOPAVIMENTI'),
	('FORNITURA LANA DI ROCCIA DA 16/18 CM 0,036 W/Mk PER COPERTURA ULTIMA SOLETTA O DA CONTROSOFFITTO'),
	('FORNITURA MASCHERINA DI ANCORAGGIO PERSIANE ED APPOGGIO CAPPOTTO'),
	('FORNITURA MATERIALE NECESSARIO ALLA REALIZZAZIONE DELL\'IMPIANTO DI RISCALDAMENTO A PAVIMENTO SU BUGNATO DA 1-3cm COMPRENSIVO DI TUTTI I COLLETTORI E GLI ACCESSORI PER IL CONTROLLO DOMOTICO DELL\'IMPIANTO'),
	('FORNITURA MATERIALE PER LA REALIZZAZIONE IMPIANTO CANALIZZATO PER RICIRCOLO ARIA '),
	('FORNITURA MATERIALI PER LA MESSA IN OPERA DEL TETTO (GRANDE E PICCOLA ORDITURA, FRENO VAPORE,)'),
	('FORNITURA MISCELATORE '),
	('FORNITURA NUOVE RINGHIERE BALCONI CON TRATTAMENTO ANTIRUGGINE E VERNICIATURA A POLVERE DELLE STESSE'),
	('FORNITURA NUOVE TELAI/MASCHERINE PER SERRAMENTI'),
	('FORNITURA PAVIMENTO '),
	('FORNITURA PIATTO DOCCIA IN RESINA SINTETICA MISURE 80 X 120'),
	('FORNITURA POMPA DI CALORE CALDO/FREDDO'),
	('FORNITURA PORTE INTERNE COMPRENSIVO DELLA MANIGLIA E TUTTI GLI ACCESSORI NECESSARI'),
	('FORNITURA RIVESTIMENTI'),
	('FORNITURA SERRAMENTI ESTERNI IN PVC'),
	('FORNITURA SOLARE TERMICO COMPLETO DI BOLLITORE DA 300L + 2 PANNELLI DA 2.5mq'),
	('FORNITURA TAVOLATO OSB DA 1CM SU ISOLANTE SOTTOTETTO'),
	('FORNITURA UNITA\' PUNTUALE DI RICIRCOLO ARIA '),
	('FORNITURA ZOCCOLATURA IN PIETRA O SIMIL MATERIALE PER ALTEZZA DI 50cm/60cm SULL\'INTERO PERIMETRO DEL FABBRICATO'),
	('FORNITURA ZOCCOLINO O RIVESTIMENTO'),
	('GETTATA IN CLS SU ISOLANTE SOTTOTETTO'),
	('INSTALLAZIONE CALDAIA A CONDENSAZIONE FORNITA DAL GENERAL CONTRACT COMPRENSIVA DELLA FORNITURA DI TUTTI GLI ACCESSORI (DEFANGATORE, SCARICO CONDENSE, RACCORDI, VALVOLE,)'),
	('INSTALLAZIONE CALDAIA IBRIDA FORNITA DAL GENERAL CONTRACT COMPRENSIVA DELLA FORNITURA DI TUTTI GLI ACCESSORI (DEFANGATORE, SCARICO CONDENSE, RACCORDI, VALVOLE,)'),
	('INSTALLAZIONE COLONNINA ELETTRICA AUTO AGGIUNTIVA COMPRENSIVO DEL MATERIALE ELETTRICO NECESSARIO'),
	('INSTALLAZIONE DOMOTICA IMPIANTO RISCALDAMENTO'),
	('INSTALLAZIONE DOMOTICA IMPIANTO RISCALDAMENTO E VENTILAZIONE'),
	('INSTALLAZIONE LAVANDINO BAGNO COMPRENSIVO DI ACCESSORI (specchi e luci)'),
	('INSTALLAZIONE POMPA DI CALORE FORNITA DAL GENERAL CONTRACT COMPRENSIVA DELLA FORNITURA DI TUTTI GLI ACCESSORI (SCARICO CONDENSE, RACCORDI, VALVOLE,)'),
	('INSTALLAZIONE SOLARE TERMICO COMPLETO DI BOLLITORE FORNITO DALLA HELITEC COMPRENSIVO DELLA FORNITURA MINUTERIA NECESSARIA E TUBAZIONE DI COLLEGAMENTO TRA SOLARE E BOLLITORE '),
	('ISOLAMENTO A CAPPOTTO INTONACATO IN AEROGEL SOTTO SOLETTA LATO CANTINE/BOX DA 6 CM ? 0,021 '),
	('ISOLAMENTO A CAPPOTTO NON INTONACATO SOTTO SOLETTA LATO CANTINE/BOX DA 14-16 CM ? 0,031'),
	('ISOLAMENTO PARETI ESTERNE O VS AMBIENTI NON RISCALDATI TRAMITE INSUFFLAGGIO COMPRENSIVO DI TUTTE LE OPERE ACCESSORIE (REALIZZAZIONE E CHIUSURA FORI, TINTA INTERNA,...) spessore intercapedine  13/15cm '),
	('ISOLAMENTO SOTTOBALCONI, FRONTALINI E PAVIMENTO BALCONI TRAMITE CAPPOTTO SPESSORE 2-3CM 0,031 W/mK COMPRENSIVO DI TUTTE LE OPERE ACCESSORIE '),
	('LAVAGGIO PIETRA O PARAMANO'),
	('LAVORAZIONE COMPLETA - ISOLAMENTO A CAPPOTTO INTONACATO SOTTO SOLETTA LATO CANTINE/BOX DA 10 CM ? 0,031 '),
	('LAVORAZIONE COMPLETA - ISOLAMENTO PARETI ESTERNE O VS AMBIENTI NON RISCALDATI TRAMITE CAPPOTTO SPESSORE 12CM 0,031 W/mK COMPRENSIVO DI TUTTE LE OPERE ACCESSORIE (PARASPIGOLI, RISVOLTO BATTUTA SERRAMENTO, RISEGHE E COPERTURA IN LAMIERA FORATA VERNICIATA DELLE TUBAZIONI DEL GAS, LAVORAZIONE DAVANZALI E SPOSTAMENTI GRONDE E DISCESE,...)'),
	('MAGGIORAZIONE FORFETTARIA PER IMPREVISTI DI CANTIERE NON CONSIDERATI NEL PREVENTIVO CANTIERE O QUALUNQUE ALTRA OPERA NECESSARIA ALLA BUONA RIUSCITA DELL\'INTERVENTO DA PORTARE CONSEGNATO "CHIAVI IN MANO" '),
	('MANODOPERA PER LA REALIZZAZIONE IMPIANTO CANALIZZATO PER RICIRCOLO ARIA'),
	('MODIFICA RINGHIERE O REALIZZAZIONE DIVERSO ANCORAGGIO RINGHIERE AL BALCONE'),
	('MONTAGGIO E SMONTAGGIO DI PONTEGGI COME DA CAPITOLATO FORNITO DAL GENERAL CONTRACT'),
	('MONTAGGIO NUOVE RINGHIERE BALCONI'),
	('MOTORIZZAZIONE TAPPARELLE ELETTRICHE'),
	('NOLEGGIO, MONTAGGIO E SMONTAGGIO DI PONTEGGI COME DA CAPITOLATO PER LA DURATA DI 3 MESI (EVENTUALE SUPERAMENTO DEI 3 MESI 1,7/MQ)'),
	('POSA BOX DOCCIA STANDARD '),
	('POSA CAPPOTTO ISOLANTE SOTTO SOLETTA LATO CANTINE/BOX COMPRENSIVO DI TUTTE LE OPERE ACCESSORIE  (PARASPIGOLI, RISVOLTO BATTUTA SERRAMENTO, RISEGHE E COPERTURA IN LAMIERA FORATA VERNICIATA DELLE TUBAZIONI DEL GAS, LAVORAZIONE DAVANZALI E SPOSTAMENTI GRONDE E DISCESE,...)'),
	('POSA CAPPOTTO ISOLANTE SU PARETI ESTERNE O VS AMBIENTI NON RISCALDATI COMPRENSIVO DI TUTTE LE OPERE ACCESSORIE (PARASPIGOLI, RISVOLTO BATTUTA SERRAMENTO, RISEGHE E COPERTURA IN LAMIERA FORATA VERNICIATA DELLE TUBAZIONI DEL GAS, LAVORAZIONE DAVANZALI E SPOSTAMENTI GRONDE E DISCESE,...)'),
	('POSA COLONNA DOCCIA/DOCCINO DOCCIA'),
	('POSA COPERTINE BALCONI DA 15cm COMPRENSIVO DEL MATERIALE PER LA MESSA IN OPERA'),
	('POSA DAVANZALI INTERNO/ESTERNO FINESTRA '),
	('POSA IMPIANTO FOTOVOLTAICO 6kW + ACCUMULO 9,9kW + COLONNINA ELETTRICA COMPRENSIVO DI FORNITURA ACCESSORISTICA (CAVI, PASSAGGIO CORRUGATI,...) CON MATERIALI PRINCIPALI FORNITI DALLA HELITEC '),
	('POSA ISOLANTE IN PANNELLI SU SOLETTA OLTRE POSA PANNELLI IN OSB'),
	('POSA ISOLANTE IN ROTOLI SU SOLETTA OLTRE POSA PASSERELLE DI CAMMINAMENTO'),
	('POSA MASCHERINA DI ANCORAGGIO PERSIANE ED APPOGGIO CAPPOTTO'),
	('POSA MISCELATORE '),
	('POSA NUOVE TELAI/MASCHERINE PER SERRAMENTI'),
	('POSA PARQUET COMPRENSIVO DI TUTTI I MATERIALI PER LA MESSA IN OPERA (COLLANTE, STUCCO,...)'),
	('POSA PIASTRELLE COMPRENSIVO DI TUTTI I MATERIALI PER LA MESSA IN OPERA (COLLANTE, STUCCO, CROCETTE,...)'),
	('POSA PORTE INTERNE'),
	('POSA RISCALDAMENTO A PAVIMENTO SU BUGNATO DA 1-3cm CON MATERIALI FORNITI DALLA HELITEC COMPRENSIVA DELLE OPERE ACCESSORIE'),
	('POSA RIVESTIMENTI COMPRENSIVO DI TUTTI I MATERIALI PER LA MESSA IN OPERA (COLLANTE, STUCCO, CROCETTE,...)'),
	('POSA SERRAMENTI ESTERNI IN PVC'),
	('POSA TETTO IN LEGNO CON GRANDE, PICCOLA ORDINTURA E TEGOLE IL TUTTO FORNITO DAL GENERAL CONTRACT COMPRENSIVO DELLE OPERE MURARIE ACCESSORIE '),
	('POSA ZOCCOLATURA IN PIETRA O SIMIL MATERIALE PER ALTEZZA DI 50cm/60cm SULL\'INTERO PERIMETRO DEL FABBRICATO'),
	('POSA ZOCCOLINO PERIMETRALE'),
	('PREDISPOSIZIONE ANTIFURTO '),
	('PREDISPOSIZIONE PUNTO CONDIZIONATORE (PARTE ELETTRICA ED IDRAULICA)'),
	('PREPARAZIONE E TINTEGGIATURA FRONTALINI E CORNICIONI'),
	('PREPARAZIONE E TINTEGGIATURA INTERNA CORRIDOI - DISIMPEGNI - BAGNI (stanza max. 15mq)'),
	('PREPARAZIONE E TINTEGGIATURA INTERNA STANZE PRINCIPALI (stanza max. 25mq)'),
	('PREPARAZIONE E TINTEGGIATURA INTERNA VANO SCALE'),
	('PREPARAZIONE FACCIATA TRAMITE RABOTTATURA INTONACO ESISTENTE PER LA REGOLARIZZAZIONE DELLE SUPERFICI O PREPARAZIONE SOTTOFONDO CERAMICO TRAMITE SMERIGLIATURA A DISCO PER PORIZZARE LE SUPERFICI ESISTENTI OPPURE IN ALTERNATIVA STESURA PRIMER CERTIFICATO IDONEO ALLA POSA DEL CAPPOTTO'),
	('PREPARAZIONE SOTTOFONDO PER RIVESTIMENTI'),
	('RALIZZAZIONE NUOVO CENTRO VOLTA-PUNTO TUBO'),
	('REALIZZAZIONE BALCONE IN C.A. '),
	('REALIZZAZIONE CASSONETTI IN CARTONGESSO'),
	('REALIZZAZIONE CONTROSOFFITTO A QUADROTTE ISOLATO LATO CANTINE/BOX CON LANA DI ROCCIA DA 14-16CM 0,036 W/mK COMPRENSIVO DELLA FORNITURA TOTALE DEI MATERIALI PER LA MESSA IN OPERA (ISOLANTE, CARTONGESSO, STRUTTURE,...)'),
	('REALIZZAZIONE CONTROSOFFITTO LISCIO  A QUADROTTE'),
	('REALIZZAZIONE CONTROSOFFITTO LISCIO MONOLITICO'),
	('REALIZZAZIONE CORDOLATURE IN C.A. COMPRESIVO DEL MATERIALE PER LA MESSA IN OPERA'),
	('REALIZZAZIONE FINTO CORNICIONE IN ACQUAPANEL A COPERTURA DEI TRAVI IN LEGNO'),
	('REALIZZAZIONE FORO DIAM. 160mm PER  RICIRCOLO ARIA PUNTUALE COMPRENSIVO DELLA REALIZZAZIONE DELL\'ALIMENTAZIONE ELETTRICA'),
	('REALIZZAZIONE FORO DIAM. 160mm PER  RICIRCOLO ARIA PUNTUALE SENZA ALIMENTAZIONE ELETTRICA'),
	('REALIZZAZIONE GUAINA BITUMINOSA LIQUIDA - CATRAMINA'),
	('REALIZZAZIONE GUAINA CATRAMATA AD UNO STRATO DA 4mm'),
	('REALIZZAZIONE IMPERMEABILIZZAZIONE CON MAPELASTIC/NANOFLEX O SIMILE'),
	('REALIZZAZIONE MASSETTO DI SOTTOFONDO PER POSA PIASTRELLE BALCONE OLTRE APPLICAZIONE DI GUAINA BITUMINOSA LIQUIDA - CATRAMINA E IMPERMEABILIZZAZIONE TRAMITE MAPELASTIC DELLO STESSO '),
	('REALIZZAZIONE MASSETTO DI SOTTOFONDO PER POSA PIASTRELLE COMPRENSIVO DEL MATERIALE'),
	('REALIZZAZIONE NICCHIA BALCONE PER ALLOGGIAMENTO CALDAIA'),
	('REALIZZAZIONE NUOVE MURATURE ESTERNE PERIMETRALI IN POROTON DA 20-25 O CASSA VUOTA 8+12'),
	('REALIZZAZIONE NUOVI IMPIANTI ELETTRICI CON SERIE BTICINO MATIX O SIMILE'),
	('REALIZZAZIONE NUOVI INTONACI INTERNI'),
	('REALIZZAZIONE NUOVI TRAMEZZI INTERNI'),
	('REALIZZAZIONE NUOVO CENTRALINO ELETTRICO'),
	('REALIZZAZIONE NUOVO PUNTO GAS CALDAIA'),
	('REALIZZAZIONE NUOVO TETTO IN LEGNO COMPLETO DI  PERLINA DA 2CM, ISOLAMENTO DA 14 CM ? 0,031 LISTELLATURA E TEGOLE PORTOGHESI ANTICHIZZATE COMPRENSIVO DI FERMANEVE'),
	('REALIZZAZIONE NUOVO TETTO IN LEGNO COMPLETO DI PERLINA DA 2CM, ISOLAMENTO DA 10 CM ? 0,031 LISTELLATURA E TEGOLE PORTOGHESI ANTICHIZZATE'),
	('REALIZZAZIONE NUOVO TETTO IN LEGNO CON LISTELLATURA E TEGOLE PORTOGHESI ANTICHIZZATE'),
	('REALIZZAZIONE OPERE ACCESSORIE ALLA REALIZZAZIONE DELLA CENTRALE TERMICA '),
	('REALIZZAZIONE PUNTO ACQUA SCARICO+CARICO FREDDA/CALDA COMPRENSIVO DI MONTAGGIO TERMOARREDI/SANITARI '),
	('REALIZZAZIONE PUNTO GAS CUCINA COMPRENSIVO DI SARACINESCA'),
	('REALIZZAZIONE RASATURE INTERNE'),
	('REALIZZAZIONE RINFORZO DA 5CM IN C.A. SU SOLETTA ESISTENTE COMPRENSIVO DEL MATERIALE PER LA MESSA IN OPERA'),
	('REALIZZAZIONE SCALE IN C.A. DI COLLEGAMENTO TRA I VARI PIANI'),
	('REALIZZAZIONE SOLAIO IN C.A. E TERRAZZO'),
	('REALIZZAZIONE SOTTOFONDO DI RIEMPIMENTO SU IMPIANTI  '),
	('REALIZZAZIONE STRUTTURA DI FONDAZIONE E PILASTRI IN C.A.'),
	('REALIZZAZIONE TETTUCCIO IN LEGNO PERLINE E TEGOLE'),
	('REALIZZAZIONE VESPAIO AERATO DA 20CM CON SCAVO DA 35CM, GETTATA DI PULIZIA DA 10CM, IGLOO DA 20CM, RETE ELETTROSALDATA E GETTO IN CLS DA 4-5 CM'),
	('RIFACIMENTO COLONNA DI SCARICO CON APERTURA ESTERNA LATO FACCIATA'),
	('RIFACIMENTO ISOLAMENTO COPERTURA CON MATERIALE ISOLANTE DA 14 CM ? 0,031 E TEGOLE PORTOGHESI RIUTILIZZANDO LE TEGOLE ESISTENTI'),
	('RIFACIMENTO PILASTRI IN C.A. COMPRENSIVO DEL MATERIALE PER LA MESSA IN OPERA'),
	('RIMOZIONE E SMALTIMENTO CISTERNA E CALDAIA A GASOLIO'),
	('RIMOZIONE E SMALTIMENTO TUBAZIONI IN AMIANTO'),
	('RIPARAZIONE, RIFACIMENTO E TINTEGGIATURA CORNICIONI E SOTTOBALCONI'),
	('RIVESTIMENTO RAMPA SCALE DI COLLEGAMENTO TRA UN PIANO ED IL SUCCESSIVO CON PIASTRELLE FORNITE DALLA HELITEC SRL ED ANGOLARE FORNITO DALL\'IMPRESA ESECUTRICE'),
	('SCARTAVETRATURA E IMPREGNATURA SPORTO TETTO'),
	('SCAVO A SEZIONE OBBLIGATA CON SMALTIMENTO DELLE TERRE DI RIPORTO'),
	('SCAVO A SEZIONE OBBLIGATA SENZA SMALTIMENTO DELLE TERRE DI RIPORTO'),
	('SCAVO CON TAGLIO E DEMOLIZIONE ASFALTO/CEMENTO ESISTENTE'),
	('SISTEMAZIONE/REALIZZAZIONE DI MARCIAPIEDE IMPERMEABILIZZATO E PIASTRELLATO SU TERRA-PIENO'),
	('SMALTIMENTO MACERIE E ISOLANTE'),
	('SMONTAGGIO APPARECCHIATURE ELETTRICHE (Montaggio e rimontaggio lampade, condizionatori,)'),
	('SMONTAGGIO APPARECCHIATURE IDRAULICHE E TERMICHE'),
	('SMONTAGGIO E RIMONTAGGIO OGGETTI IN FACCIATA PER LA BUONA RIUSCITA DEI LAVORI (scatole di derivazione, condizionatori, tende da sole, verande, tettoie,)'),
	('SMONTAGGIO E SMALTIMENTO PORTE INTERNE'),
	('SOSTITUZIONE FORNITURA NUOVE RINGHIERE BALCONI CON TRATTAMENTO ANTIRUGGINE E VERNICIATURA A POLVERE DELLE STESSE'),
	('TINTEGGIATURA FACCIATA ');

/*!40103 SET TIME_ZONE=IFNULL(@OLD_TIME_ZONE, 'system') */;
/*!40101 SET SQL_MODE=IFNULL(@OLD_SQL_MODE, '') */;
/*!40014 SET FOREIGN_KEY_CHECKS=IFNULL(@OLD_FOREIGN_KEY_CHECKS, 1) */;
/*!40101 SET CHARACTER_SET_CLIENT=@OLD_CHARACTER_SET_CLIENT */;
/*!40111 SET SQL_NOTES=IFNULL(@OLD_SQL_NOTES, 1) */;
